19.0,15.0,15.0,14.0,13.0,17.0,11.0,15.0,17.0,13.0,12.0,13.0,10.0,19.0,17.0,8.0,9.0,12.0,13.0,16.0,18.0,11.0,19.0,8.0,14.0,11.0,10.0,11.0,9.0,18.0,21.0,12.0,13.0,16.0,18.0,23.0,13.0,13.0,14.0,14.0,14.0,14.0,13.0,13.0,14.0,9.0,5.0,12.0,15.0,4.0,12.0,16.0,9.0,13.0,7.0,4.0,16.0,5.0,10.0,13.0,8.0,6.0,16.0,12.0,15.0,12.0,13.0,11.0,9.0,14.0,13.0,12.0,16.0,13.0,7.0,12.0,15.0,11.0,8.0,15.0,10.0,12.0,3.0,10.0,18.0,13.0,12.0,11.0,9.0,11.0,14.0,15.0,14.0,12.0,8.0,16.0,11.0,16.0,15.0,9.0,11.0,9.0,18.0,16.0,13.0,9.0,10.0,7.0,14.0,9.0,8.0,6.0,11.0,7.0,18.0,11.0,13.0,12.0,19.0,14.0,25.0,22.0,22.0,49.0,21.0,22.0,44.0,25.0,17.0,28.0,14.0,8.0,27.0,15.0,13.0,10.0,17.0,14.0,13.0,9.0,17.0,8.0,11.0,15.0,12.0,8.0,10.0,19.0,10.0,14.0,10.0,9.0,13.0,13.0,13.0,9.0,9.0,8.0,11.0,11.0,15.0,15.0,22.0,58.0,145.0,150.0,90.0,101.0,77.0,121.0,131.0,109.0
15.0,20.0,21.0,19.0,18.0,25.0,23.0,25.0,36.0,22.0,25.0,32.0,42.0,19.0,16.0,34.0,23.0,23.0,39.0,24.0,10.0,26.0,39.0,24.0,20.0,25.0,27.0,20.0,16.0,11.0,22.0,11.0,12.0,18.0,10.0,13.0,11.0,11.0,20.0,8.0,14.0,22.0,16.0,17.0,8.0,22.0,22.0,22.0,14.0,23.0,14.0,13.0,17.0,12.0,16.0,10.0,15.0,16.0,13.0,13.0,11.0,13.0,19.0,22.0,10.0,15.0,21.0,12.0,12.0,13.0,13.0,13.0,12.0,17.0,16.0,17.0,13.0,13.0,19.0,15.0,19.0,19.0,16.0,14.0,11.0,6.0,13.0,14.0,14.0,14.0,24.0,23.0,17.0,15.0,15.0,19.0,24.0,28.0,26.0,17.0,20.0,14.0,11.0,11.0,8.0,16.0,14.0,17.0,18.0,11.0,9.0,12.0,10.0,16.0,8.0,10.0,16.0,14.0,17.0,9.0,15.0,15.0,19.0,22.0,20.0,18.0,14.0,12.0,9.0,10.0,15.0,8.0,9.0,12.0,8.0,11.0,11.0,13.0,15.0,4.0,10.0,15.0,8.0,15.0,18.0,17.0,15.0,11.0,19.0,22.0,26.0,12.0,21.0,21.0,15.0,12.0,20.0,17.0,15.0,13.0,12.0,22.0,17.0,163.0,36.0,25.0,18.0,33.0,16.0,17.0,48.0,41.0
55.0,51.0,40.0,33.0,59.0,36.0,34.0,38.0,37.0,64.0,38.0,52.0,58.0,31.0,40.0,21.0,23.0,44.0,49.0,78.0,201.0,24.0,10.0,20.0,5.0,18.0,15.0,14.0,14.0,18.0,18.0,27.0,38.0,27.0,29.0,20.0,18.0,21.0,24.0,11.0,16.0,21.0,20.0,30.0,20.0,34.0,29.0,19.0,27.0,18.0,16.0,18.0,11.0,25.0,15.0,27.0,20.0,20.0,22.0,14.0,21.0,21.0,17.0,19.0,13.0,14.0,15.0,16.0,22.0,60.0,154.0,118.0,246.0,254.0,201.0,280.0,185.0,234.0,179.0,55.0,72.0,48.0,28.0,37.0,20.0,29.0,47.0,31.0,152.0,169.0,179.0,419.0,369.0,385.0,508.0,526.0,503.0,562.0,362.0,336.0,419.0,385.0,318.0,280.0,422.0,334.0,269.0,276.0,429.0,258.0,257.0,368.0,335.0,222.0,357.0,255.0,236.0,151.0,168.0,164.0,127.0,159.0,78.0,119.0,63.0,20.0,78.0,118.0,26.0,76.0,23.0,80.0,84.0,14.0,66.0,19.0,45.0,55.0,12.0,64.0,20.0,46.0,24.0,43.0,42.0,16.0,48.0,20.0,34.0,39.0,20.0,13.0,14.0,14.0,10.0,13.0,13.0,10.0,16.0,16.0,13.0,17.0,11.0,19.0,13.0,10.0,13.0,14.0,15.0,13.0,17.0,14.0
8.0,21.0,16.0,10.0,8.0,14.0,12.0,22.0,7.0,16.0,17.0,13.0,12.0,10.0,10.0,9.0,9.0,14.0,20.0,14.0,15.0,10.0,6.0,11.0,6.0,8.0,12.0,20.0,12.0,9.0,10.0,11.0,12.0,12.0,13.0,20.0,18.0,11.0,14.0,9.0,16.0,12.0,15.0,23.0,13.0,15.0,11.0,59.0,14.0,19.0,11.0,21.0,16.0,21.0,26.0,61.0,69.0,65.0,17.0,14.0,14.0,12.0,102.0,75.0,275.0,321.0,341.0,363.0,256.0,335.0,339.0,149.0,228.0,90.0,78.0,90.0,71.0,98.0,101.0,62.0,110.0,44.0,80.0,42.0,110.0,121.0,243.0,394.0,374.0,471.0,432.0,318.0,369.0,297.0,211.0,307.0,215.0,286.0,372.0,258.0,241.0,399.0,206.0,286.0,282.0,175.0,197.0,247.0,176.0,162.0,194.0,154.0,137.0,162.0,125.0,87.0,150.0,32.0,89.0,51.0,20.0,58.0,11.0,50.0,53.0,35.0,43.0,15.0,49.0,22.0,33.0,23.0,51.0,48.0,14.0,39.0,22.0,40.0,21.0,32.0,18.0,39.0,22.0,26.0,18.0,17.0,12.0,17.0,20.0,15.0,14.0,18.0,16.0,14.0,15.0,16.0,23.0,20.0,27.0,22.0,28.0,17.0,17.0,20.0,22.0,16.0,19.0,13.0,19.0,18.0,17.0,15.0
8.0,18.0,11.0,14.0,12.0,10.0,6.0,14.0,15.0,18.0,19.0,10.0,17.0,8.0,15.0,13.0,19.0,13.0,17.0,13.0,17.0,15.0,14.0,20.0,31.0,31.0,19.0,21.0,12.0,17.0,16.0,11.0,14.0,14.0,14.0,8.0,16.0,21.0,9.0,8.0,17.0,7.0,6.0,10.0,9.0,11.0,10.0,14.0,10.0,9.0,8.0,14.0,11.0,6.0,11.0,8.0,15.0,10.0,10.0,18.0,12.0,26.0,4.0,12.0,5.0,30.0,184.0,53.0,204.0,230.0,209.0,217.0,174.0,171.0,183.0,113.0,150.0,37.0,54.0,83.0,86.0,55.0,58.0,57.0,47.0,61.0,67.0,137.0,192.0,317.0,325.0,375.0,311.0,340.0,309.0,293.0,309.0,300.0,261.0,223.0,254.0,212.0,145.0,245.0,138.0,102.0,197.0,142.0,100.0,184.0,136.0,90.0,139.0,103.0,90.0,133.0,99.0,72.0,66.0,20.0,28.0,32.0,21.0,46.0,8.0,29.0,16.0,25.0,26.0,23.0,23.0,7.0,31.0,14.0,36.0,15.0,34.0,11.0,20.0,22.0,6.0,24.0,14.0,12.0,13.0,9.0,16.0,8.0,5.0,15.0,13.0,16.0,19.0,17.0,10.0,19.0,10.0,6.0,9.0,26.0,15.0,16.0,13.0,13.0,8.0,11.0,18.0,15.0,15.0,23.0,22.0,20.0
17.0,13.0,17.0,12.0,20.0,15.0,14.0,18.0,27.0,21.0,22.0,26.0,23.0,23.0,19.0,23.0,26.0,19.0,20.0,27.0,22.0,38.0,21.0,33.0,24.0,20.0,29.0,17.0,19.0,13.0,12.0,23.0,16.0,17.0,23.0,12.0,25.0,13.0,27.0,22.0,16.0,11.0,28.0,24.0,18.0,17.0,20.0,19.0,33.0,28.0,15.0,17.0,22.0,13.0,20.0,18.0,24.0,17.0,17.0,22.0,25.0,17.0,21.0,21.0,18.0,47.0,84.0,102.0,83.0,274.0,305.0,229.0,291.0,263.0,221.0,204.0,60.0,31.0,125.0,54.0,28.0,46.0,16.0,35.0,24.0,35.0,22.0,34.0,129.0,254.0,188.0,374.0,316.0,385.0,346.0,321.0,393.0,454.0,438.0,394.0,398.0,399.0,303.0,378.0,311.0,233.0,294.0,316.0,179.0,263.0,273.0,108.0,286.0,281.0,131.0,217.0,186.0,98.0,217.0,141.0,110.0,132.0,31.0,54.0,43.0,28.0,78.0,27.0,42.0,18.0,40.0,21.0,28.0,17.0,30.0,19.0,18.0,14.0,22.0,23.0,15.0,16.0,20.0,25.0,18.0,24.0,23.0,31.0,24.0,21.0,26.0,23.0,12.0,22.0,22.0,29.0,28.0,22.0,15.0,14.0,17.0,18.0,17.0,16.0,21.0,11.0,14.0,12.0,12.0,20.0,13.0,13.0
17.0,10.0,4.0,10.0,14.0,19.0,25.0,23.0,17.0,16.0,11.0,14.0,8.0,15.0,14.0,12.0,15.0,11.0,12.0,7.0,12.0,4.0,12.0,11.0,11.0,10.0,14.0,14.0,12.0,6.0,11.0,16.0,25.0,19.0,18.0,21.0,16.0,15.0,14.0,10.0,10.0,16.0,13.0,8.0,10.0,9.0,12.0,11.0,8.0,13.0,11.0,6.0,7.0,9.0,15.0,9.0,17.0,13.0,17.0,18.0,13.0,27.0,73.0,65.0,183.0,167.0,135.0,292.0,301.0,245.0,286.0,275.0,252.0,224.0,149.0,194.0,122.0,46.0,122.0,120.0,57.0,132.0,124.0,144.0,198.0,312.0,486.0,426.0,403.0,372.0,186.0,268.0,288.0,195.0,303.0,298.0,215.0,241.0,293.0,190.0,222.0,237.0,143.0,206.0,345.0,188.0,291.0,262.0,208.0,243.0,231.0,205.0,234.0,144.0,116.0,183.0,41.0,71.0,57.0,28.0,53.0,15.0,36.0,33.0,57.0,28.0,23.0,29.0,19.0,30.0,13.0,31.0,12.0,28.0,25.0,34.0,18.0,33.0,31.0,32.0,27.0,24.0,27.0,20.0,33.0,31.0,19.0,32.0,40.0,28.0,30.0,20.0,25.0,28.0,30.0,37.0,22.0,19.0,16.0,18.0,16.0,13.0,17.0,20.0,18.0,17.0,19.0,8.0,12.0,11.0,10.0,8.0
12.0,8.0,18.0,11.0,29.0,11.0,10.0,9.0,15.0,17.0,2.0,13.0,3.0,9.0,15.0,3.0,13.0,19.0,7.0,7.0,6.0,13.0,12.0,9.0,15.0,20.0,10.0,12.0,15.0,18.0,13.0,18.0,8.0,17.0,24.0,12.0,14.0,13.0,18.0,14.0,11.0,16.0,14.0,8.0,9.0,10.0,16.0,15.0,8.0,9.0,12.0,12.0,18.0,25.0,24.0,175.0,231.0,225.0,323.0,312.0,305.0,301.0,318.0,211.0,298.0,227.0,121.0,101.0,69.0,74.0,82.0,61.0,59.0,35.0,55.0,40.0,55.0,271.0,324.0,381.0,367.0,392.0,350.0,464.0,348.0,306.0,383.0,397.0,272.0,254.0,311.0,246.0,217.0,311.0,206.0,165.0,182.0,138.0,128.0,137.0,124.0,122.0,160.0,140.0,94.0,147.0,65.0,135.0,75.0,58.0,72.0,21.0,36.0,24.0,41.0,33.0,13.0,32.0,13.0,34.0,12.0,33.0,14.0,28.0,18.0,26.0,11.0,24.0,40.0,17.0,38.0,15.0,23.0,16.0,11.0,16.0,21.0,10.0,5.0,11.0,12.0,15.0,13.0,17.0,17.0,16.0,15.0,11.0,14.0,14.0,13.0,10.0,12.0,13.0,13.0,11.0,15.0,12.0,19.0,20.0,11.0,11.0,12.0,11.0,12.0,11.0,16.0,11.0,13.0,10.0,12.0,12.0
13.0,3.0,12.0,7.0,7.0,15.0,12.0,13.0,11.0,12.0,10.0,10.0,17.0,12.0,4.0,7.0,10.0,6.0,12.0,13.0,7.0,4.0,9.0,12.0,8.0,14.0,4.0,9.0,11.0,9.0,7.0,17.0,13.0,10.0,10.0,18.0,15.0,9.0,14.0,16.0,9.0,9.0,14.0,15.0,14.0,10.0,17.0,12.0,9.0,18.0,15.0,15.0,14.0,7.0,24.0,4.0,20.0,9.0,8.0,19.0,18.0,13.0,20.0,28.0,105.0,219.0,137.0,232.0,201.0,180.0,293.0,272.0,270.0,294.0,182.0,346.0,240.0,60.0,110.0,43.0,93.0,103.0,35.0,60.0,25.0,28.0,81.0,90.0,301.0,314.0,426.0,467.0,380.0,333.0,358.0,277.0,405.0,346.0,298.0,365.0,400.0,251.0,401.0,234.0,275.0,251.0,180.0,204.0,209.0,151.0,228.0,188.0,86.0,149.0,90.0,101.0,78.0,34.0,65.0,29.0,34.0,34.0,29.0,31.0,16.0,48.0,13.0,36.0,18.0,25.0,25.0,29.0,18.0,31.0,25.0,36.0,32.0,16.0,20.0,27.0,25.0,11.0,15.0,8.0,15.0,22.0,20.0,20.0,9.0,23.0,12.0,14.0,19.0,16.0,8.0,13.0,16.0,15.0,23.0,19.0,14.0,6.0,16.0,10.0,15.0,12.0,14.0,16.0,14.0,14.0,20.0,12.0
13.0,17.0,12.0,20.0,21.0,14.0,13.0,12.0,7.0,14.0,10.0,13.0,20.0,17.0,13.0,9.0,18.0,13.0,13.0,23.0,17.0,25.0,22.0,23.0,24.0,41.0,23.0,29.0,30.0,27.0,28.0,32.0,33.0,32.0,24.0,12.0,20.0,18.0,19.0,14.0,16.0,13.0,14.0,15.0,20.0,15.0,20.0,17.0,17.0,10.0,16.0,12.0,18.0,16.0,17.0,18.0,22.0,23.0,76.0,169.0,143.0,285.0,240.0,218.0,328.0,209.0,304.0,344.0,174.0,154.0,85.0,40.0,88.0,59.0,51.0,27.0,19.0,53.0,52.0,230.0,249.0,327.0,381.0,406.0,373.0,393.0,358.0,336.0,346.0,295.0,229.0,322.0,236.0,145.0,297.0,222.0,152.0,289.0,218.0,170.0,209.0,254.0,167.0,149.0,158.0,74.0,177.0,141.0,96.0,122.0,53.0,104.0,90.0,55.0,111.0,32.0,54.0,19.0,36.0,35.0,21.0,36.0,21.0,29.0,15.0,27.0,14.0,27.0,27.0,21.0,36.0,16.0,24.0,12.0,32.0,16.0,26.0,14.0,25.0,20.0,14.0,9.0,13.0,15.0,9.0,19.0,13.0,15.0,8.0,14.0,8.0,12.0,12.0,14.0,10.0,19.0,10.0,10.0,17.0,16.0,10.0,8.0,3.0,6.0,14.0,7.0,15.0,17.0,11.0,13.0,10.0,6.0
13.0,7.0,12.0,15.0,17.0,15.0,9.0,13.0,18.0,7.0,13.0,11.0,11.0,10.0,21.0,19.0,19.0,15.0,13.0,14.0,17.0,20.0,15.0,19.0,9.0,16.0,15.0,12.0,14.0,9.0,9.0,19.0,12.0,18.0,15.0,14.0,14.0,13.0,11.0,8.0,9.0,14.0,14.0,12.0,15.0,14.0,13.0,5.0,10.0,19.0,14.0,15.0,18.0,9.0,14.0,6.0,15.0,3.0,17.0,2.0,2.0,13.0,6.0,9.0,17.0,13.0,9.0,14.0,15.0,15.0,14.0,13.0,14.0,15.0,19.0,81.0,74.0,214.0,247.0,208.0,287.0,281.0,204.0,301.0,229.0,232.0,209.0,61.0,80.0,59.0,52.0,80.0,47.0,54.0,9.0,30.0,18.0,26.0,95.0,111.0,351.0,292.0,319.0,457.0,353.0,355.0,430.0,245.0,219.0,215.0,211.0,205.0,275.0,228.0,167.0,203.0,121.0,111.0,145.0,120.0,122.0,129.0,104.0,106.0,136.0,73.0,89.0,59.0,55.0,45.0,29.0,46.0,10.0,32.0,34.0,19.0,41.0,13.0,35.0,10.0,30.0,16.0,28.0,18.0,27.0,17.0,26.0,10.0,11.0,19.0,14.0,12.0,6.0,11.0,16.0,10.0,14.0,12.0,10.0,9.0,14.0,11.0,10.0,14.0,11.0,12.0,18.0,15.0,10.0,15.0,7.0,12.0
8.0,13.0,11.0,14.0,7.0,10.0,14.0,12.0,22.0,18.0,17.0,13.0,8.0,10.0,13.0,14.0,9.0,12.0,13.0,18.0,9.0,14.0,26.0,16.0,17.0,25.0,32.0,27.0,23.0,44.0,48.0,52.0,30.0,16.0,22.0,26.0,22.0,17.0,15.0,21.0,15.0,11.0,16.0,13.0,15.0,9.0,13.0,11.0,13.0,10.0,19.0,19.0,13.0,16.0,15.0,7.0,13.0,7.0,13.0,22.0,27.0,20.0,100.0,313.0,200.0,337.0,325.0,343.0,329.0,386.0,301.0,138.0,135.0,87.0,41.0,97.0,64.0,42.0,47.0,27.0,41.0,38.0,102.0,294.0,340.0,330.0,530.0,543.0,493.0,521.0,571.0,453.0,449.0,387.0,414.0,301.0,305.0,323.0,241.0,233.0,238.0,268.0,194.0,165.0,229.0,151.0,96.0,147.0,115.0,77.0,146.0,122.0,80.0,162.0,74.0,66.0,83.0,17.0,30.0,38.0,27.0,48.0,11.0,35.0,16.0,38.0,35.0,25.0,39.0,13.0,34.0,7.0,34.0,31.0,23.0,41.0,16.0,34.0,23.0,17.0,14.0,11.0,14.0,17.0,21.0,29.0,18.0,25.0,23.0,14.0,35.0,19.0,26.0,32.0,29.0,36.0,31.0,26.0,21.0,19.0,12.0,23.0,17.0,19.0,13.0,22.0,11.0,10.0,10.0,12.0,14.0,11.0
11.0,11.0,10.0,11.0,10.0,17.0,10.0,8.0,9.0,10.0,11.0,16.0,18.0,15.0,16.0,16.0,16.0,17.0,17.0,24.0,17.0,36.0,26.0,28.0,22.0,24.0,23.0,19.0,21.0,14.0,20.0,16.0,18.0,12.0,9.0,14.0,13.0,16.0,13.0,16.0,13.0,18.0,17.0,6.0,25.0,15.0,10.0,9.0,14.0,10.0,15.0,7.0,14.0,13.0,10.0,12.0,16.0,11.0,16.0,19.0,18.0,89.0,39.0,276.0,336.0,212.0,360.0,394.0,277.0,375.0,314.0,204.0,227.0,233.0,44.0,196.0,40.0,22.0,36.0,13.0,30.0,16.0,20.0,39.0,178.0,226.0,454.0,436.0,430.0,572.0,476.0,449.0,438.0,431.0,319.0,336.0,392.0,277.0,304.0,387.0,251.0,266.0,367.0,281.0,227.0,321.0,229.0,191.0,148.0,161.0,119.0,173.0,122.0,88.0,130.0,36.0,45.0,29.0,33.0,67.0,16.0,32.0,22.0,47.0,24.0,24.0,34.0,22.0,27.0,28.0,45.0,24.0,33.0,28.0,21.0,14.0,17.0,17.0,13.0,13.0,11.0,13.0,10.0,13.0,8.0,11.0,12.0,18.0,13.0,7.0,12.0,13.0,12.0,9.0,16.0,13.0,21.0,10.0,11.0,11.0,18.0,11.0,15.0,13.0,10.0,15.0,17.0,16.0,10.0,22.0,14.0,19.0
9.0,9.0,9.0,8.0,11.0,12.0,8.0,5.0,13.0,12.0,7.0,15.0,9.0,12.0,9.0,2.0,7.0,4.0,13.0,4.0,4.0,3.0,9.0,12.0,13.0,7.0,4.0,11.0,14.0,13.0,14.0,19.0,13.0,6.0,11.0,7.0,7.0,10.0,8.0,12.0,14.0,15.0,7.0,9.0,8.0,6.0,13.0,3.0,8.0,11.0,11.0,11.0,19.0,19.0,12.0,21.0,106.0,94.0,208.0,223.0,135.0,246.0,285.0,223.0,237.0,285.0,73.0,63.0,77.0,34.0,65.0,29.0,51.0,53.0,47.0,27.0,53.0,25.0,54.0,135.0,370.0,403.0,379.0,548.0,389.0,398.0,363.0,303.0,278.0,249.0,264.0,168.0,184.0,249.0,153.0,185.0,168.0,109.0,127.0,143.0,97.0,102.0,120.0,96.0,104.0,140.0,59.0,127.0,95.0,74.0,84.0,35.0,82.0,28.0,24.0,34.0,20.0,39.0,15.0,35.0,15.0,30.0,6.0,19.0,7.0,22.0,13.0,23.0,10.0,18.0,10.0,29.0,14.0,15.0,11.0,9.0,7.0,5.0,3.0,12.0,8.0,13.0,18.0,16.0,12.0,14.0,10.0,12.0,7.0,16.0,8.0,10.0,9.0,20.0,8.0,16.0,11.0,12.0,8.0,10.0,10.0,25.0,16.0,18.0,18.0,15.0,8.0,13.0,7.0,20.0,13.0,14.0
42.0,59.0,46.0,57.0,22.0,32.0,39.0,65.0,31.0,32.0,35.0,28.0,38.0,17.0,50.0,65.0,168.0,69.0,30.0,12.0,23.0,14.0,21.0,13.0,18.0,12.0,24.0,16.0,15.0,16.0,20.0,15.0,15.0,15.0,11.0,13.0,15.0,10.0,14.0,6.0,16.0,12.0,16.0,20.0,12.0,15.0,15.0,13.0,14.0,13.0,12.0,5.0,8.0,12.0,3.0,10.0,5.0,15.0,15.0,11.0,27.0,95.0,106.0,108.0,230.0,189.0,153.0,272.0,188.0,55.0,56.0,34.0,30.0,33.0,13.0,30.0,25.0,13.0,29.0,20.0,16.0,36.0,86.0,301.0,302.0,371.0,495.0,501.0,373.0,449.0,389.0,297.0,368.0,289.0,234.0,235.0,260.0,180.0,267.0,284.0,218.0,218.0,220.0,175.0,201.0,236.0,234.0,184.0,227.0,90.0,218.0,126.0,92.0,166.0,74.0,81.0,51.0,28.0,186.0,41.0,60.0,31.0,22.0,39.0,31.0,27.0,20.0,22.0,19.0,13.0,13.0,18.0,11.0,27.0,19.0,16.0,22.0,14.0,11.0,14.0,18.0,13.0,19.0,17.0,16.0,17.0,10.0,10.0,16.0,15.0,6.0,11.0,7.0,15.0,12.0,18.0,22.0,15.0,21.0,19.0,15.0,17.0,17.0,14.0,17.0,16.0,17.0,6.0,13.0,10.0,15.0,13.0
11.0,8.0,14.0,16.0,8.0,18.0,14.0,13.0,19.0,15.0,14.0,15.0,6.0,16.0,24.0,10.0,23.0,14.0,9.0,15.0,11.0,12.0,17.0,23.0,9.0,13.0,9.0,17.0,13.0,16.0,14.0,16.0,14.0,10.0,10.0,12.0,19.0,13.0,16.0,16.0,10.0,15.0,9.0,14.0,12.0,11.0,21.0,8.0,15.0,12.0,15.0,16.0,29.0,22.0,17.0,16.0,23.0,22.0,22.0,19.0,29.0,19.0,27.0,31.0,76.0,287.0,176.0,287.0,312.0,280.0,337.0,347.0,274.0,404.0,318.0,100.0,114.0,104.0,69.0,74.0,58.0,91.0,64.0,61.0,59.0,50.0,229.0,333.0,372.0,449.0,509.0,492.0,476.0,489.0,332.0,521.0,536.0,355.0,280.0,386.0,392.0,226.0,292.0,383.0,226.0,205.0,268.0,231.0,214.0,253.0,141.0,191.0,102.0,198.0,119.0,112.0,80.0,120.0,154.0,116.0,81.0,50.0,128.0,112.0,105.0,82.0,46.0,117.0,46.0,108.0,64.0,72.0,58.0,52.0,49.0,57.0,37.0,28.0,63.0,24.0,43.0,46.0,50.0,60.0,40.0,41.0,43.0,39.0,76.0,29.0,33.0,45.0,27.0,36.0,46.0,55.0,33.0,50.0,43.0,30.0,50.0,29.0,32.0,42.0,30.0,36.0,48.0,159.0,218.0,369.0,423.0,370.0
9.0,11.0,8.0,10.0,11.0,17.0,14.0,13.0,10.0,11.0,14.0,10.0,13.0,15.0,16.0,17.0,21.0,19.0,12.0,13.0,16.0,10.0,15.0,12.0,14.0,17.0,15.0,14.0,21.0,13.0,19.0,17.0,16.0,17.0,11.0,20.0,24.0,21.0,16.0,24.0,14.0,20.0,14.0,12.0,18.0,17.0,22.0,17.0,22.0,18.0,33.0,28.0,18.0,16.0,32.0,21.0,14.0,18.0,23.0,12.0,12.0,29.0,8.0,21.0,18.0,20.0,5.0,18.0,27.0,63.0,68.0,233.0,289.0,249.0,407.0,351.0,356.0,381.0,362.0,120.0,80.0,76.0,36.0,82.0,60.0,30.0,52.0,42.0,51.0,81.0,91.0,203.0,305.0,421.0,560.0,491.0,462.0,540.0,581.0,589.0,442.0,379.0,382.0,349.0,305.0,370.0,410.0,230.0,243.0,348.0,251.0,259.0,205.0,221.0,180.0,149.0,214.0,125.0,98.0,132.0,108.0,58.0,93.0,55.0,23.0,58.0,29.0,23.0,40.0,16.0,25.0,29.0,37.0,42.0,19.0,38.0,18.0,31.0,22.0,19.0,17.0,34.0,28.0,34.0,19.0,24.0,20.0,19.0,29.0,31.0,22.0,16.0,17.0,22.0,18.0,29.0,18.0,24.0,20.0,20.0,31.0,23.0,23.0,28.0,29.0,30.0,24.0,19.0,17.0,29.0,23.0,19.0
22.0,19.0,14.0,16.0,16.0,10.0,9.0,16.0,16.0,4.0,3.0,15.0,8.0,9.0,18.0,15.0,18.0,20.0,12.0,16.0,19.0,12.0,10.0,10.0,13.0,10.0,8.0,11.0,6.0,5.0,13.0,18.0,16.0,21.0,14.0,8.0,7.0,17.0,8.0,16.0,9.0,6.0,14.0,10.0,6.0,8.0,9.0,10.0,10.0,16.0,14.0,13.0,16.0,13.0,14.0,15.0,16.0,14.0,19.0,18.0,21.0,12.0,20.0,24.0,11.0,10.0,9.0,14.0,18.0,21.0,73.0,125.0,224.0,305.0,310.0,309.0,368.0,309.0,141.0,81.0,100.0,25.0,66.0,60.0,42.0,43.0,24.0,26.0,31.0,73.0,68.0,256.0,315.0,325.0,402.0,471.0,479.0,446.0,371.0,497.0,306.0,290.0,204.0,235.0,247.0,176.0,150.0,175.0,128.0,109.0,195.0,162.0,119.0,110.0,128.0,79.0,91.0,87.0,65.0,54.0,71.0,28.0,40.0,42.0,22.0,39.0,34.0,28.0,40.0,21.0,42.0,31.0,30.0,41.0,24.0,33.0,19.0,30.0,57.0,16.0,15.0,24.0,12.0,15.0,19.0,19.0,11.0,16.0,10.0,6.0,9.0,14.0,16.0,8.0,14.0,15.0,13.0,14.0,17.0,13.0,17.0,25.0,15.0,16.0,14.0,12.0,5.0,6.0,16.0,26.0,13.0,15.0
24.0,21.0,23.0,10.0,16.0,17.0,23.0,13.0,31.0,16.0,16.0,17.0,22.0,23.0,20.0,36.0,78.0,19.0,10.0,7.0,9.0,10.0,10.0,12.0,13.0,10.0,14.0,15.0,13.0,10.0,9.0,11.0,10.0,8.0,7.0,11.0,10.0,17.0,10.0,10.0,7.0,7.0,15.0,2.0,6.0,15.0,11.0,18.0,13.0,6.0,15.0,14.0,18.0,14.0,11.0,10.0,20.0,11.0,57.0,106.0,86.0,284.0,283.0,266.0,293.0,332.0,264.0,161.0,146.0,65.0,25.0,43.0,25.0,27.0,22.0,15.0,21.0,15.0,13.0,64.0,121.0,113.0,353.0,359.0,376.0,372.0,334.0,317.0,333.0,293.0,182.0,264.0,275.0,221.0,243.0,316.0,252.0,233.0,226.0,165.0,194.0,200.0,174.0,202.0,203.0,131.0,119.0,154.0,64.0,156.0,104.0,31.0,41.0,12.0,44.0,33.0,12.0,44.0,12.0,36.0,23.0,24.0,41.0,19.0,42.0,11.0,25.0,17.0,40.0,34.0,17.0,13.0,15.0,14.0,10.0,15.0,14.0,9.0,7.0,11.0,13.0,15.0,15.0,4.0,7.0,13.0,10.0,4.0,8.0,15.0,14.0,12.0,9.0,8.0,14.0,11.0,9.0,17.0,14.0,9.0,15.0,20.0,15.0,14.0,8.0,18.0,18.0,15.0,13.0,22.0,10.0,12.0
8.0,11.0,19.0,11.0,5.0,6.0,9.0,4.0,15.0,14.0,9.0,10.0,21.0,11.0,19.0,10.0,17.0,5.0,8.0,14.0,13.0,13.0,10.0,12.0,10.0,9.0,10.0,12.0,10.0,13.0,11.0,8.0,6.0,15.0,8.0,7.0,16.0,18.0,14.0,17.0,14.0,9.0,11.0,14.0,6.0,9.0,17.0,15.0,12.0,9.0,10.0,14.0,15.0,7.0,13.0,11.0,12.0,14.0,10.0,23.0,13.0,18.0,31.0,52.0,185.0,94.0,314.0,332.0,352.0,237.0,241.0,190.0,244.0,135.0,72.0,67.0,79.0,36.0,75.0,54.0,20.0,33.0,28.0,48.0,24.0,33.0,85.0,132.0,340.0,389.0,349.0,442.0,492.0,397.0,404.0,355.0,303.0,240.0,204.0,148.0,99.0,183.0,158.0,89.0,161.0,152.0,76.0,146.0,109.0,81.0,137.0,117.0,78.0,116.0,88.0,65.0,108.0,44.0,59.0,37.0,11.0,41.0,13.0,29.0,10.0,27.0,21.0,16.0,24.0,19.0,28.0,15.0,11.0,17.0,10.0,15.0,16.0,21.0,21.0,28.0,19.0,15.0,12.0,6.0,14.0,2.0,14.0,8.0,6.0,11.0,9.0,11.0,13.0,19.0,15.0,15.0,12.0,3.0,14.0,16.0,17.0,13.0,21.0,10.0,10.0,14.0,12.0,21.0,14.0,28.0,17.0,9.0
16.0,15.0,20.0,18.0,21.0,18.0,14.0,24.0,16.0,17.0,20.0,17.0,20.0,17.0,15.0,22.0,14.0,25.0,21.0,19.0,26.0,16.0,20.0,19.0,16.0,24.0,20.0,25.0,35.0,18.0,20.0,20.0,24.0,21.0,13.0,28.0,21.0,21.0,24.0,21.0,14.0,19.0,15.0,17.0,14.0,16.0,13.0,17.0,28.0,14.0,14.0,14.0,23.0,15.0,13.0,9.0,32.0,6.0,6.0,11.0,9.0,8.0,11.0,5.0,12.0,13.0,14.0,8.0,13.0,12.0,17.0,2.0,12.0,28.0,53.0,174.0,246.0,322.0,318.0,322.0,285.0,215.0,186.0,277.0,221.0,108.0,118.0,85.0,57.0,78.0,35.0,49.0,48.0,35.0,49.0,41.0,79.0,186.0,148.0,366.0,352.0,391.0,345.0,442.0,372.0,278.0,247.0,235.0,145.0,189.0,193.0,135.0,107.0,152.0,133.0,76.0,113.0,117.0,94.0,102.0,113.0,64.0,123.0,99.0,50.0,93.0,91.0,51.0,75.0,14.0,42.0,32.0,23.0,36.0,16.0,36.0,11.0,26.0,14.0,22.0,12.0,28.0,15.0,23.0,24.0,16.0,20.0,11.0,27.0,12.0,16.0,15.0,10.0,17.0,13.0,19.0,12.0,15.0,11.0,14.0,3.0,14.0,14.0,9.0,8.0,11.0,12.0,15.0,17.0,9.0,3.0,7.0
10.0,10.0,16.0,11.0,12.0,11.0,7.0,11.0,9.0,15.0,15.0,19.0,22.0,8.0,11.0,14.0,6.0,16.0,11.0,8.0,12.0,14.0,12.0,10.0,14.0,17.0,19.0,12.0,18.0,10.0,15.0,11.0,22.0,17.0,12.0,14.0,19.0,16.0,17.0,11.0,19.0,19.0,15.0,10.0,18.0,12.0,14.0,17.0,12.0,24.0,18.0,14.0,14.0,15.0,15.0,12.0,10.0,14.0,9.0,17.0,21.0,12.0,16.0,12.0,23.0,17.0,57.0,168.0,188.0,351.0,338.0,356.0,327.0,268.0,301.0,276.0,279.0,201.0,247.0,156.0,83.0,79.0,80.0,36.0,78.0,40.0,40.0,61.0,55.0,183.0,304.0,258.0,342.0,393.0,358.0,385.0,309.0,324.0,266.0,258.0,251.0,189.0,119.0,233.0,153.0,88.0,112.0,164.0,108.0,92.0,117.0,133.0,76.0,122.0,105.0,88.0,101.0,85.0,48.0,60.0,17.0,29.0,51.0,28.0,49.0,24.0,40.0,48.0,16.0,40.0,17.0,24.0,18.0,33.0,42.0,9.0,26.0,15.0,35.0,13.0,20.0,13.0,17.0,16.0,18.0,9.0,22.0,16.0,17.0,12.0,20.0,15.0,11.0,23.0,13.0,16.0,20.0,16.0,9.0,16.0,23.0,12.0,22.0,16.0,19.0,13.0,15.0,13.0,13.0,18.0,13.0,14.0
9.0,21.0,10.0,18.0,16.0,18.0,21.0,23.0,21.0,23.0,34.0,21.0,17.0,16.0,12.0,14.0,15.0,17.0,11.0,10.0,16.0,8.0,9.0,11.0,10.0,10.0,15.0,14.0,8.0,18.0,9.0,15.0,5.0,16.0,9.0,15.0,13.0,18.0,13.0,13.0,18.0,10.0,18.0,14.0,15.0,11.0,17.0,17.0,21.0,13.0,13.0,19.0,27.0,15.0,25.0,26.0,18.0,22.0,23.0,24.0,18.0,21.0,14.0,19.0,21.0,16.0,16.0,9.0,11.0,19.0,68.0,51.0,222.0,331.0,286.0,404.0,368.0,338.0,336.0,377.0,330.0,225.0,165.0,169.0,171.0,207.0,69.0,80.0,28.0,11.0,18.0,17.0,19.0,16.0,57.0,220.0,236.0,308.0,445.0,440.0,456.0,371.0,474.0,322.0,331.0,331.0,286.0,227.0,299.0,213.0,225.0,200.0,256.0,251.0,247.0,241.0,210.0,163.0,177.0,125.0,144.0,174.0,72.0,140.0,106.0,50.0,62.0,15.0,30.0,62.0,37.0,68.0,16.0,72.0,19.0,42.0,27.0,37.0,23.0,23.0,20.0,21.0,25.0,17.0,29.0,15.0,28.0,20.0,14.0,26.0,25.0,17.0,14.0,17.0,15.0,14.0,13.0,13.0,15.0,24.0,19.0,16.0,18.0,22.0,20.0,16.0,17.0,15.0,23.0,15.0,18.0,17.0
16.0,18.0,14.0,10.0,21.0,21.0,20.0,9.0,11.0,11.0,10.0,10.0,21.0,15.0,13.0,15.0,15.0,17.0,24.0,20.0,23.0,17.0,14.0,16.0,17.0,14.0,26.0,25.0,14.0,29.0,23.0,28.0,17.0,17.0,27.0,24.0,24.0,16.0,15.0,23.0,22.0,26.0,13.0,69.0,107.0,68.0,27.0,28.0,22.0,11.0,28.0,18.0,21.0,10.0,40.0,24.0,31.0,27.0,37.0,60.0,36.0,23.0,34.0,33.0,31.0,26.0,25.0,53.0,27.0,25.0,22.0,40.0,31.0,27.0,79.0,24.0,22.0,39.0,160.0,152.0,134.0,322.0,306.0,203.0,282.0,178.0,79.0,69.0,55.0,18.0,42.0,38.0,14.0,38.0,15.0,32.0,25.0,14.0,21.0,19.0,23.0,70.0,193.0,181.0,384.0,355.0,344.0,418.0,397.0,348.0,266.0,351.0,270.0,213.0,289.0,287.0,211.0,164.0,156.0,218.0,84.0,195.0,159.0,118.0,122.0,125.0,105.0,107.0,133.0,97.0,135.0,145.0,39.0,104.0,62.0,24.0,43.0,27.0,38.0,35.0,20.0,49.0,21.0,19.0,18.0,25.0,15.0,24.0,52.0,21.0,22.0,13.0,24.0,10.0,21.0,18.0,17.0,25.0,22.0,19.0,12.0,10.0,15.0,13.0,17.0,18.0,9.0,11.0,12.0,7.0,13.0,25.0
13.0,18.0,27.0,11.0,18.0,16.0,10.0,15.0,8.0,17.0,21.0,12.0,13.0,13.0,19.0,9.0,21.0,12.0,10.0,16.0,11.0,12.0,9.0,15.0,13.0,11.0,10.0,19.0,9.0,11.0,17.0,17.0,4.0,25.0,7.0,5.0,15.0,9.0,11.0,15.0,13.0,15.0,9.0,26.0,14.0,11.0,7.0,19.0,7.0,22.0,12.0,12.0,15.0,10.0,11.0,10.0,15.0,14.0,15.0,14.0,12.0,11.0,15.0,14.0,21.0,20.0,15.0,12.0,37.0,34.0,23.0,11.0,111.0,248.0,187.0,297.0,339.0,284.0,405.0,366.0,200.0,291.0,208.0,91.0,93.0,73.0,46.0,65.0,66.0,27.0,47.0,47.0,43.0,33.0,49.0,27.0,98.0,94.0,259.0,317.0,333.0,488.0,409.0,468.0,306.0,399.0,229.0,162.0,229.0,170.0,128.0,141.0,161.0,179.0,132.0,176.0,202.0,134.0,112.0,117.0,113.0,86.0,100.0,96.0,82.0,85.0,75.0,55.0,64.0,21.0,27.0,14.0,26.0,40.0,14.0,30.0,10.0,25.0,25.0,31.0,35.0,11.0,20.0,15.0,21.0,12.0,16.0,11.0,24.0,12.0,19.0,15.0,13.0,15.0,14.0,26.0,21.0,16.0,11.0,10.0,10.0,9.0,6.0,10.0,13.0,5.0,6.0,10.0,6.0,10.0,10.0,5.0
13.0,10.0,15.0,9.0,17.0,12.0,18.0,11.0,10.0,7.0,6.0,9.0,14.0,12.0,13.0,13.0,10.0,18.0,17.0,23.0,24.0,21.0,21.0,19.0,27.0,14.0,19.0,4.0,16.0,15.0,21.0,20.0,22.0,17.0,18.0,10.0,19.0,16.0,14.0,15.0,17.0,13.0,8.0,12.0,16.0,4.0,5.0,15.0,6.0,14.0,13.0,16.0,11.0,13.0,16.0,7.0,11.0,10.0,14.0,13.0,5.0,8.0,16.0,20.0,12.0,17.0,29.0,45.0,150.0,218.0,323.0,311.0,323.0,421.0,340.0,306.0,351.0,280.0,77.0,89.0,42.0,20.0,33.0,30.0,18.0,14.0,21.0,15.0,26.0,34.0,84.0,209.0,179.0,301.0,363.0,329.0,325.0,379.0,372.0,305.0,258.0,318.0,273.0,225.0,217.0,226.0,267.0,118.0,227.0,257.0,199.0,112.0,121.0,146.0,120.0,168.0,58.0,157.0,138.0,69.0,105.0,57.0,88.0,103.0,40.0,50.0,20.0,42.0,32.0,26.0,33.0,12.0,39.0,16.0,34.0,8.0,25.0,13.0,21.0,12.0,21.0,25.0,22.0,25.0,17.0,14.0,15.0,14.0,13.0,24.0,15.0,7.0,18.0,11.0,17.0,5.0,7.0,16.0,7.0,11.0,13.0,7.0,10.0,17.0,9.0,14.0,15.0,15.0,12.0,15.0,6.0,5.0
14.0,14.0,13.0,28.0,22.0,21.0,21.0,8.0,17.0,14.0,16.0,15.0,16.0,19.0,5.0,18.0,16.0,16.0,20.0,23.0,14.0,17.0,8.0,21.0,15.0,8.0,12.0,4.0,14.0,5.0,9.0,10.0,9.0,16.0,15.0,13.0,9.0,15.0,19.0,8.0,12.0,15.0,12.0,11.0,13.0,15.0,6.0,8.0,17.0,12.0,19.0,7.0,6.0,18.0,4.0,6.0,14.0,10.0,13.0,9.0,12.0,18.0,6.0,14.0,14.0,10.0,4.0,9.0,12.0,11.0,15.0,20.0,44.0,24.0,166.0,203.0,238.0,376.0,369.0,328.0,451.0,366.0,369.0,383.0,300.0,347.0,271.0,216.0,94.0,195.0,33.0,17.0,27.0,21.0,23.0,25.0,23.0,89.0,173.0,99.0,311.0,310.0,373.0,442.0,409.0,315.0,324.0,326.0,217.0,206.0,334.0,275.0,225.0,256.0,273.0,241.0,229.0,250.0,175.0,233.0,227.0,207.0,218.0,199.0,134.0,117.0,143.0,62.0,132.0,103.0,50.0,73.0,23.0,41.0,31.0,29.0,21.0,13.0,28.0,10.0,25.0,14.0,23.0,10.0,10.0,15.0,27.0,16.0,15.0,25.0,123.0,11.0,26.0,23.0,14.0,15.0,14.0,25.0,21.0,13.0,10.0,22.0,11.0,10.0,13.0,16.0,9.0,15.0,16.0,19.0,14.0,12.0
18.0,10.0,10.0,8.0,9.0,13.0,6.0,7.0,16.0,19.0,6.0,10.0,10.0,10.0,9.0,11.0,9.0,15.0,8.0,12.0,10.0,13.0,13.0,10.0,13.0,15.0,13.0,25.0,13.0,18.0,13.0,12.0,13.0,11.0,8.0,12.0,13.0,14.0,14.0,14.0,15.0,14.0,12.0,9.0,14.0,14.0,10.0,13.0,11.0,21.0,12.0,18.0,13.0,12.0,11.0,22.0,17.0,16.0,53.0,17.0,15.0,18.0,98.0,270.0,317.0,231.0,322.0,358.0,260.0,283.0,211.0,49.0,96.0,54.0,42.0,60.0,45.0,79.0,53.0,27.0,66.0,62.0,43.0,41.0,71.0,96.0,179.0,211.0,298.0,268.0,372.0,477.0,410.0,462.0,557.0,313.0,326.0,346.0,267.0,185.0,219.0,285.0,164.0,92.0,173.0,188.0,124.0,122.0,113.0,86.0,104.0,103.0,112.0,86.0,96.0,113.0,55.0,81.0,26.0,35.0,36.0,18.0,44.0,20.0,45.0,17.0,23.0,31.0,15.0,27.0,14.0,26.0,18.0,36.0,43.0,18.0,25.0,18.0,22.0,17.0,24.0,19.0,15.0,10.0,7.0,19.0,35.0,16.0,18.0,15.0,14.0,17.0,17.0,7.0,16.0,14.0,16.0,10.0,11.0,9.0,5.0,17.0,12.0,19.0,13.0,14.0,15.0,15.0,14.0,14.0,12.0,5.0
18.0,14.0,13.0,15.0,10.0,16.0,21.0,15.0,12.0,14.0,19.0,17.0,11.0,11.0,13.0,3.0,5.0,6.0,14.0,13.0,13.0,8.0,6.0,12.0,19.0,3.0,14.0,14.0,18.0,10.0,14.0,16.0,22.0,20.0,21.0,17.0,20.0,17.0,18.0,15.0,7.0,16.0,13.0,7.0,2.0,14.0,12.0,12.0,7.0,13.0,12.0,8.0,5.0,11.0,11.0,11.0,20.0,25.0,31.0,120.0,132.0,238.0,179.0,211.0,266.0,276.0,168.0,122.0,183.0,33.0,41.0,64.0,27.0,35.0,19.0,20.0,7.0,21.0,21.0,184.0,192.0,251.0,424.0,460.0,477.0,484.0,605.0,436.0,335.0,352.0,354.0,339.0,329.0,349.0,380.0,310.0,360.0,328.0,261.0,326.0,309.0,298.0,330.0,278.0,168.0,231.0,179.0,86.0,181.0,69.0,61.0,36.0,22.0,43.0,12.0,31.0,25.0,30.0,32.0,12.0,40.0,16.0,35.0,16.0,34.0,19.0,24.0,34.0,15.0,29.0,15.0,28.0,26.0,21.0,14.0,10.0,14.0,5.0,12.0,15.0,14.0,14.0,11.0,19.0,9.0,12.0,16.0,11.0,9.0,17.0,16.0,10.0,19.0,6.0,10.0,13.0,16.0,17.0,13.0,9.0,9.0,11.0,7.0,15.0,4.0,14.0,14.0,8.0,19.0,10.0,11.0,15.0
9.0,11.0,17.0,15.0,16.0,13.0,7.0,8.0,10.0,14.0,15.0,12.0,11.0,17.0,5.0,11.0,14.0,8.0,11.0,15.0,11.0,9.0,11.0,8.0,10.0,15.0,12.0,12.0,9.0,16.0,12.0,16.0,16.0,6.0,11.0,13.0,9.0,12.0,12.0,13.0,7.0,12.0,15.0,11.0,19.0,14.0,11.0,13.0,10.0,5.0,14.0,12.0,10.0,11.0,9.0,17.0,17.0,80.0,136.0,212.0,333.0,287.0,346.0,386.0,364.0,302.0,327.0,203.0,64.0,107.0,72.0,99.0,65.0,35.0,56.0,42.0,48.0,26.0,59.0,151.0,234.0,247.0,435.0,390.0,423.0,387.0,452.0,369.0,270.0,225.0,200.0,146.0,123.0,185.0,193.0,123.0,109.0,170.0,133.0,117.0,162.0,146.0,130.0,204.0,153.0,103.0,145.0,99.0,105.0,91.0,47.0,54.0,23.0,38.0,40.0,14.0,35.0,20.0,23.0,22.0,26.0,21.0,40.0,21.0,18.0,51.0,15.0,26.0,22.0,30.0,17.0,17.0,26.0,20.0,16.0,22.0,23.0,33.0,15.0,16.0,25.0,16.0,16.0,18.0,17.0,38.0,26.0,21.0,21.0,10.0,17.0,24.0,12.0,19.0,19.0,23.0,12.0,14.0,14.0,10.0,4.0,11.0,19.0,16.0,15.0,11.0,14.0,10.0,18.0,15.0,16.0,17.0
5.0,10.0,11.0,12.0,11.0,14.0,13.0,11.0,8.0,14.0,7.0,7.0,11.0,13.0,17.0,11.0,21.0,8.0,6.0,5.0,9.0,12.0,10.0,14.0,8.0,6.0,11.0,9.0,9.0,12.0,16.0,19.0,18.0,19.0,20.0,28.0,29.0,21.0,19.0,34.0,32.0,37.0,43.0,33.0,39.0,81.0,110.0,51.0,31.0,39.0,44.0,27.0,46.0,23.0,52.0,14.0,38.0,23.0,34.0,47.0,56.0,42.0,27.0,60.0,88.0,75.0,133.0,202.0,356.0,445.0,476.0,484.0,492.0,478.0,418.0,446.0,364.0,313.0,250.0,60.0,29.0,61.0,18.0,27.0,31.0,34.0,35.0,21.0,27.0,22.0,97.0,130.0,309.0,277.0,250.0,340.0,329.0,324.0,329.0,327.0,420.0,314.0,204.0,285.0,209.0,234.0,159.0,310.0,283.0,166.0,207.0,290.0,203.0,103.0,208.0,194.0,230.0,225.0,274.0,161.0,229.0,185.0,59.0,80.0,56.0,21.0,44.0,24.0,36.0,28.0,17.0,44.0,19.0,38.0,14.0,30.0,21.0,27.0,31.0,8.0,36.0,13.0,31.0,13.0,23.0,24.0,10.0,9.0,3.0,16.0,14.0,14.0,14.0,13.0,16.0,17.0,15.0,13.0,13.0,11.0,19.0,16.0,16.0,13.0,18.0,13.0,17.0,17.0,18.0,14.0,11.0,19.0
7.0,13.0,17.0,15.0,16.0,5.0,5.0,16.0,8.0,15.0,14.0,11.0,7.0,8.0,15.0,14.0,10.0,8.0,6.0,7.0,9.0,14.0,7.0,14.0,10.0,7.0,9.0,12.0,10.0,13.0,6.0,13.0,2.0,5.0,6.0,12.0,10.0,13.0,12.0,11.0,12.0,10.0,10.0,10.0,6.0,9.0,16.0,15.0,6.0,15.0,8.0,15.0,10.0,11.0,6.0,6.0,9.0,10.0,12.0,15.0,12.0,7.0,19.0,17.0,14.0,76.0,187.0,189.0,288.0,335.0,261.0,403.0,351.0,331.0,336.0,309.0,257.0,94.0,103.0,75.0,56.0,91.0,92.0,38.0,74.0,24.0,29.0,29.0,37.0,70.0,170.0,310.0,309.0,389.0,399.0,403.0,370.0,471.0,404.0,310.0,252.0,291.0,287.0,200.0,191.0,292.0,143.0,102.0,146.0,82.0,95.0,118.0,96.0,71.0,98.0,108.0,79.0,70.0,60.0,16.0,36.0,33.0,16.0,31.0,13.0,33.0,22.0,23.0,26.0,26.0,30.0,28.0,13.0,25.0,24.0,22.0,28.0,21.0,22.0,22.0,24.0,19.0,15.0,21.0,15.0,16.0,16.0,14.0,17.0,14.0,16.0,15.0,15.0,15.0,12.0,18.0,14.0,17.0,16.0,12.0,14.0,14.0,19.0,17.0,11.0,19.0,7.0,20.0,20.0,7.0,18.0,14.0
9.0,8.0,11.0,17.0,13.0,15.0,12.0,12.0,15.0,7.0,13.0,8.0,12.0,12.0,11.0,12.0,22.0,15.0,13.0,11.0,12.0,7.0,10.0,5.0,16.0,10.0,15.0,8.0,10.0,8.0,11.0,13.0,12.0,10.0,5.0,19.0,9.0,20.0,8.0,6.0,11.0,8.0,15.0,7.0,17.0,15.0,9.0,4.0,12.0,8.0,9.0,7.0,7.0,3.0,10.0,8.0,12.0,4.0,12.0,12.0,9.0,15.0,17.0,7.0,16.0,14.0,33.0,169.0,57.0,259.0,262.0,219.0,245.0,264.0,206.0,154.0,159.0,49.0,17.0,32.0,29.0,13.0,20.0,16.0,9.0,22.0,28.0,139.0,320.0,230.0,302.0,355.0,440.0,393.0,417.0,500.0,549.0,467.0,475.0,464.0,350.0,276.0,347.0,332.0,331.0,259.0,313.0,252.0,178.0,272.0,190.0,140.0,205.0,182.0,75.0,147.0,100.0,65.0,100.0,16.0,26.0,39.0,17.0,57.0,15.0,49.0,19.0,26.0,32.0,13.0,30.0,11.0,26.0,10.0,22.0,9.0,25.0,14.0,16.0,14.0,10.0,12.0,7.0,14.0,15.0,14.0,18.0,20.0,14.0,11.0,15.0,8.0,16.0,14.0,8.0,8.0,13.0,11.0,8.0,11.0,14.0,14.0,12.0,16.0,14.0,8.0,10.0,10.0,4.0,21.0,11.0,15.0
10.0,12.0,6.0,16.0,9.0,2.0,3.0,8.0,11.0,15.0,14.0,10.0,13.0,12.0,10.0,15.0,6.0,10.0,2.0,15.0,7.0,9.0,8.0,14.0,12.0,10.0,8.0,27.0,13.0,16.0,13.0,2.0,10.0,7.0,7.0,7.0,13.0,10.0,13.0,13.0,12.0,8.0,14.0,14.0,15.0,12.0,16.0,20.0,8.0,16.0,19.0,19.0,11.0,17.0,12.0,14.0,15.0,10.0,6.0,25.0,47.0,30.0,124.0,200.0,104.0,280.0,309.0,248.0,224.0,228.0,217.0,66.0,85.0,53.0,60.0,77.0,26.0,60.0,34.0,62.0,41.0,45.0,123.0,211.0,253.0,413.0,418.0,403.0,410.0,538.0,461.0,383.0,327.0,270.0,259.0,153.0,292.0,297.0,247.0,220.0,299.0,164.0,144.0,171.0,170.0,110.0,140.0,129.0,84.0,137.0,96.0,65.0,95.0,59.0,20.0,31.0,39.0,20.0,35.0,19.0,33.0,29.0,36.0,39.0,11.0,40.0,12.0,27.0,14.0,30.0,19.0,27.0,31.0,15.0,26.0,11.0,22.0,8.0,16.0,5.0,10.0,11.0,12.0,14.0,13.0,9.0,14.0,5.0,11.0,15.0,12.0,16.0,8.0,13.0,11.0,12.0,19.0,15.0,7.0,12.0,14.0,11.0,10.0,9.0,15.0,17.0,8.0,10.0,11.0,11.0,9.0,7.0
10.0,14.0,8.0,11.0,5.0,9.0,11.0,12.0,10.0,14.0,14.0,15.0,17.0,18.0,17.0,11.0,17.0,16.0,19.0,14.0,19.0,18.0,12.0,21.0,18.0,12.0,17.0,26.0,25.0,18.0,26.0,19.0,18.0,14.0,18.0,17.0,8.0,16.0,19.0,13.0,17.0,16.0,17.0,23.0,23.0,30.0,27.0,34.0,21.0,31.0,46.0,27.0,25.0,19.0,6.0,21.0,27.0,22.0,21.0,24.0,23.0,19.0,38.0,56.0,26.0,30.0,35.0,31.0,86.0,132.0,82.0,166.0,140.0,31.0,288.0,337.0,354.0,562.0,502.0,508.0,570.0,512.0,400.0,461.0,398.0,153.0,95.0,125.0,63.0,122.0,70.0,48.0,71.0,67.0,64.0,77.0,67.0,199.0,196.0,391.0,466.0,546.0,451.0,500.0,532.0,417.0,335.0,383.0,324.0,207.0,253.0,217.0,189.0,154.0,273.0,237.0,164.0,202.0,223.0,115.0,134.0,109.0,89.0,97.0,82.0,49.0,35.0,40.0,22.0,51.0,43.0,17.0,38.0,15.0,28.0,24.0,28.0,35.0,18.0,25.0,15.0,27.0,27.0,20.0,30.0,11.0,25.0,22.0,26.0,16.0,15.0,31.0,19.0,25.0,27.0,21.0,16.0,20.0,29.0,18.0,20.0,18.0,15.0,11.0,17.0,17.0,20.0,15.0,13.0,14.0,13.0,9.0
6.0,15.0,11.0,5.0,18.0,11.0,19.0,35.0,19.0,17.0,27.0,15.0,18.0,19.0,10.0,7.0,15.0,98.0,51.0,23.0,13.0,18.0,18.0,19.0,26.0,25.0,32.0,33.0,26.0,27.0,29.0,59.0,42.0,15.0,27.0,33.0,28.0,21.0,24.0,23.0,23.0,32.0,49.0,14.0,24.0,18.0,28.0,22.0,24.0,29.0,102.0,13.0,5.0,7.0,10.0,11.0,9.0,11.0,6.0,15.0,8.0,12.0,16.0,13.0,38.0,58.0,95.0,89.0,113.0,120.0,106.0,79.0,112.0,39.0,15.0,37.0,28.0,17.0,33.0,21.0,20.0,15.0,16.0,27.0,31.0,35.0,172.0,181.0,310.0,390.0,405.0,443.0,408.0,508.0,328.0,307.0,382.0,275.0,243.0,274.0,382.0,337.0,247.0,335.0,292.0,237.0,275.0,245.0,169.0,130.0,147.0,133.0,98.0,113.0,64.0,104.0,52.0,45.0,52.0,48.0,40.0,55.0,37.0,76.0,46.0,56.0,34.0,47.0,47.0,33.0,34.0,25.0,21.0,20.0,35.0,20.0,29.0,9.0,21.0,19.0,14.0,10.0,14.0,21.0,19.0,15.0,19.0,31.0,17.0,20.0,19.0,15.0,11.0,12.0,12.0,18.0,9.0,23.0,14.0,14.0,9.0,10.0,6.0,13.0,10.0,10.0,12.0,13.0,17.0,13.0,16.0,14.0
13.0,16.0,16.0,10.0,15.0,8.0,20.0,16.0,14.0,16.0,13.0,11.0,15.0,4.0,9.0,13.0,7.0,9.0,6.0,14.0,18.0,98.0,6.0,10.0,8.0,15.0,14.0,14.0,12.0,10.0,11.0,12.0,9.0,17.0,18.0,6.0,13.0,15.0,7.0,11.0,12.0,18.0,22.0,9.0,19.0,17.0,14.0,13.0,18.0,7.0,22.0,4.0,16.0,14.0,18.0,21.0,14.0,11.0,30.0,24.0,11.0,12.0,8.0,8.0,7.0,9.0,17.0,14.0,14.0,13.0,16.0,16.0,11.0,18.0,21.0,17.0,38.0,19.0,23.0,25.0,23.0,18.0,17.0,19.0,15.0,17.0,37.0,93.0,211.0,277.0,307.0,329.0,368.0,386.0,289.0,322.0,302.0,132.0,72.0,91.0,70.0,52.0,79.0,45.0,69.0,45.0,37.0,30.0,33.0,36.0,55.0,101.0,335.0,372.0,381.0,393.0,461.0,387.0,311.0,411.0,326.0,226.0,223.0,224.0,251.0,88.0,215.0,192.0,155.0,190.0,198.0,106.0,125.0,125.0,81.0,95.0,104.0,78.0,63.0,78.0,42.0,39.0,43.0,12.0,35.0,18.0,39.0,23.0,38.0,20.0,25.0,35.0,24.0,36.0,16.0,23.0,12.0,22.0,9.0,26.0,10.0,15.0,9.0,11.0,11.0,19.0,7.0,9.0,14.0,13.0,14.0,14.0
44.0,153.0,125.0,52.0,29.0,31.0,32.0,24.0,17.0,22.0,11.0,17.0,23.0,17.0,28.0,15.0,30.0,16.0,22.0,28.0,18.0,12.0,24.0,15.0,29.0,16.0,45.0,18.0,33.0,45.0,59.0,35.0,18.0,15.0,11.0,6.0,8.0,13.0,16.0,11.0,8.0,14.0,8.0,12.0,15.0,11.0,14.0,25.0,15.0,13.0,14.0,5.0,13.0,20.0,8.0,16.0,15.0,11.0,15.0,14.0,15.0,13.0,13.0,7.0,11.0,7.0,2.0,9.0,14.0,14.0,9.0,16.0,16.0,13.0,7.0,12.0,10.0,15.0,8.0,8.0,14.0,6.0,15.0,10.0,16.0,14.0,53.0,217.0,161.0,327.0,330.0,297.0,314.0,332.0,307.0,247.0,308.0,241.0,92.0,48.0,25.0,39.0,20.0,23.0,29.0,15.0,19.0,20.0,20.0,55.0,188.0,206.0,271.0,418.0,321.0,291.0,459.0,401.0,290.0,315.0,350.0,281.0,188.0,315.0,307.0,231.0,215.0,258.0,157.0,178.0,188.0,135.0,111.0,132.0,52.0,135.0,101.0,54.0,52.0,23.0,52.0,23.0,25.0,24.0,27.0,38.0,24.0,33.0,17.0,33.0,19.0,23.0,25.0,16.0,33.0,9.0,28.0,13.0,16.0,18.0,16.0,11.0,23.0,12.0,13.0,18.0,9.0,16.0,19.0,24.0,20.0,26.0
9.0,14.0,15.0,7.0,8.0,13.0,14.0,10.0,8.0,11.0,12.0,7.0,12.0,20.0,6.0,13.0,15.0,11.0,13.0,8.0,12.0,20.0,5.0,10.0,5.0,5.0,7.0,4.0,6.0,9.0,18.0,8.0,14.0,13.0,13.0,9.0,14.0,6.0,12.0,8.0,15.0,14.0,12.0,18.0,6.0,14.0,13.0,12.0,13.0,3.0,10.0,9.0,4.0,5.0,10.0,7.0,7.0,10.0,6.0,6.0,14.0,6.0,13.0,10.0,13.0,14.0,12.0,11.0,22.0,17.0,66.0,33.0,168.0,126.0,142.0,273.0,285.0,227.0,307.0,206.0,131.0,88.0,95.0,40.0,66.0,31.0,64.0,44.0,31.0,79.0,96.0,148.0,327.0,374.0,386.0,349.0,416.0,281.0,183.0,318.0,272.0,202.0,183.0,330.0,230.0,158.0,292.0,194.0,79.0,237.0,146.0,66.0,128.0,114.0,73.0,116.0,82.0,73.0,88.0,36.0,26.0,22.0,28.0,72.0,14.0,32.0,19.0,32.0,15.0,32.0,10.0,23.0,24.0,20.0,37.0,19.0,16.0,17.0,29.0,21.0,16.0,19.0,19.0,26.0,20.0,33.0,23.0,20.0,28.0,21.0,17.0,24.0,17.0,17.0,27.0,23.0,29.0,30.0,31.0,19.0,20.0,11.0,8.0,14.0,13.0,12.0,20.0,14.0,25.0,16.0,12.0,15.0
21.0,33.0,20.0,13.0,18.0,30.0,17.0,29.0,26.0,17.0,21.0,12.0,16.0,24.0,20.0,13.0,17.0,16.0,10.0,23.0,17.0,16.0,21.0,15.0,23.0,19.0,17.0,15.0,14.0,14.0,14.0,14.0,14.0,14.0,21.0,17.0,13.0,13.0,14.0,10.0,4.0,14.0,8.0,11.0,13.0,14.0,11.0,20.0,9.0,7.0,15.0,9.0,17.0,21.0,28.0,39.0,29.0,37.0,44.0,34.0,40.0,39.0,33.0,36.0,52.0,32.0,40.0,37.0,20.0,51.0,60.0,69.0,202.0,168.0,193.0,311.0,344.0,298.0,323.0,289.0,216.0,182.0,146.0,46.0,96.0,78.0,76.0,109.0,29.0,74.0,44.0,138.0,182.0,215.0,378.0,430.0,412.0,376.0,484.0,402.0,297.0,310.0,340.0,166.0,181.0,266.0,255.0,99.0,174.0,187.0,67.0,160.0,152.0,50.0,141.0,109.0,65.0,118.0,127.0,73.0,98.0,51.0,70.0,48.0,32.0,37.0,21.0,36.0,9.0,28.0,30.0,15.0,35.0,10.0,25.0,18.0,35.0,14.0,29.0,19.0,19.0,24.0,16.0,17.0,17.0,16.0,10.0,25.0,10.0,4.0,12.0,10.0,15.0,14.0,10.0,12.0,15.0,17.0,9.0,12.0,15.0,14.0,8.0,14.0,13.0,11.0,12.0,9.0,16.0,17.0,7.0,15.0
21.0,17.0,17.0,10.0,15.0,17.0,12.0,20.0,19.0,11.0,16.0,14.0,19.0,14.0,12.0,10.0,15.0,12.0,14.0,15.0,12.0,13.0,19.0,10.0,9.0,14.0,12.0,11.0,17.0,8.0,15.0,9.0,12.0,14.0,25.0,18.0,15.0,21.0,14.0,19.0,17.0,11.0,16.0,11.0,17.0,17.0,17.0,9.0,17.0,18.0,10.0,19.0,12.0,15.0,14.0,20.0,18.0,19.0,15.0,23.0,20.0,21.0,21.0,19.0,16.0,17.0,17.0,13.0,16.0,14.0,15.0,57.0,53.0,260.0,218.0,216.0,375.0,260.0,283.0,356.0,317.0,123.0,118.0,86.0,46.0,57.0,79.0,32.0,41.0,55.0,36.0,55.0,66.0,243.0,272.0,405.0,396.0,431.0,413.0,423.0,348.0,243.0,255.0,335.0,175.0,177.0,239.0,156.0,117.0,185.0,176.0,77.0,212.0,204.0,104.0,198.0,162.0,62.0,125.0,125.0,100.0,125.0,76.0,108.0,71.0,62.0,78.0,32.0,58.0,24.0,29.0,20.0,18.0,34.0,19.0,37.0,11.0,35.0,18.0,36.0,14.0,29.0,8.0,30.0,9.0,29.0,19.0,29.0,18.0,12.0,26.0,9.0,9.0,18.0,8.0,23.0,16.0,13.0,12.0,13.0,13.0,13.0,21.0,15.0,20.0,12.0,20.0,25.0,14.0,8.0,6.0,10.0
31.0,76.0,15.0,9.0,31.0,46.0,48.0,40.0,28.0,13.0,29.0,26.0,21.0,22.0,26.0,22.0,24.0,18.0,29.0,22.0,19.0,39.0,21.0,20.0,23.0,14.0,26.0,14.0,21.0,15.0,39.0,22.0,34.0,19.0,24.0,20.0,25.0,27.0,22.0,24.0,19.0,23.0,21.0,13.0,24.0,16.0,22.0,13.0,22.0,30.0,39.0,31.0,32.0,19.0,35.0,25.0,30.0,30.0,27.0,24.0,17.0,18.0,33.0,31.0,25.0,26.0,21.0,31.0,18.0,22.0,36.0,30.0,139.0,234.0,228.0,424.0,425.0,535.0,465.0,491.0,391.0,503.0,364.0,218.0,63.0,97.0,48.0,91.0,72.0,43.0,74.0,60.0,78.0,97.0,190.0,326.0,400.0,410.0,405.0,477.0,459.0,420.0,407.0,453.0,348.0,231.0,233.0,315.0,233.0,106.0,341.0,243.0,173.0,209.0,265.0,159.0,187.0,125.0,116.0,93.0,138.0,107.0,90.0,110.0,94.0,63.0,92.0,40.0,35.0,52.0,36.0,41.0,21.0,49.0,18.0,33.0,35.0,30.0,41.0,21.0,40.0,15.0,40.0,27.0,32.0,41.0,31.0,29.0,16.0,27.0,29.0,32.0,35.0,18.0,20.0,11.0,21.0,21.0,21.0,21.0,20.0,14.0,16.0,9.0,9.0,20.0,9.0,11.0,10.0,13.0,12.0,14.0
33.0,35.0,27.0,19.0,22.0,20.0,16.0,20.0,24.0,24.0,15.0,19.0,32.0,34.0,20.0,18.0,10.0,17.0,20.0,17.0,15.0,16.0,18.0,32.0,15.0,17.0,20.0,9.0,18.0,19.0,20.0,20.0,10.0,18.0,15.0,15.0,20.0,19.0,16.0,21.0,11.0,23.0,25.0,26.0,23.0,26.0,22.0,28.0,25.0,15.0,28.0,34.0,27.0,19.0,19.0,38.0,25.0,18.0,13.0,10.0,16.0,22.0,17.0,10.0,18.0,32.0,17.0,48.0,29.0,68.0,104.0,84.0,48.0,137.0,195.0,239.0,441.0,484.0,419.0,530.0,437.0,446.0,445.0,336.0,249.0,118.0,117.0,88.0,76.0,106.0,52.0,86.0,47.0,61.0,69.0,132.0,271.0,373.0,345.0,408.0,463.0,515.0,494.0,489.0,421.0,506.0,331.0,275.0,285.0,287.0,240.0,146.0,297.0,292.0,214.0,249.0,279.0,203.0,199.0,231.0,145.0,111.0,164.0,131.0,98.0,111.0,100.0,52.0,54.0,35.0,52.0,52.0,35.0,36.0,24.0,68.0,49.0,19.0,27.0,24.0,53.0,27.0,33.0,21.0,31.0,29.0,27.0,40.0,17.0,13.0,17.0,25.0,27.0,19.0,23.0,25.0,25.0,32.0,42.0,34.0,38.0,24.0,33.0,33.0,36.0,36.0,33.0,18.0,25.0,23.0,28.0,22.0
21.0,16.0,23.0,18.0,27.0,25.0,88.0,117.0,78.0,48.0,62.0,44.0,40.0,34.0,52.0,61.0,58.0,43.0,65.0,56.0,58.0,58.0,53.0,51.0,63.0,61.0,50.0,27.0,66.0,49.0,40.0,38.0,51.0,45.0,42.0,36.0,44.0,44.0,43.0,147.0,27.0,11.0,15.0,11.0,17.0,14.0,8.0,17.0,6.0,7.0,10.0,18.0,10.0,11.0,10.0,16.0,8.0,10.0,4.0,14.0,9.0,15.0,15.0,14.0,9.0,11.0,9.0,11.0,8.0,12.0,18.0,33.0,104.0,78.0,208.0,210.0,235.0,388.0,285.0,262.0,327.0,170.0,32.0,48.0,43.0,18.0,33.0,27.0,14.0,22.0,13.0,18.0,98.0,86.0,339.0,304.0,338.0,446.0,471.0,568.0,564.0,618.0,541.0,569.0,509.0,433.0,398.0,534.0,483.0,335.0,295.0,427.0,316.0,266.0,212.0,282.0,252.0,130.0,287.0,151.0,90.0,124.0,135.0,63.0,102.0,83.0,23.0,42.0,23.0,41.0,50.0,17.0,52.0,30.0,45.0,31.0,31.0,45.0,15.0,34.0,18.0,31.0,16.0,36.0,23.0,34.0,32.0,25.0,32.0,26.0,25.0,22.0,23.0,10.0,15.0,15.0,20.0,12.0,16.0,17.0,20.0,25.0,12.0,18.0,18.0,22.0,28.0,31.0,35.0,22.0,33.0,25.0
18.0,15.0,19.0,21.0,24.0,12.0,28.0,18.0,16.0,15.0,24.0,27.0,28.0,13.0,24.0,27.0,18.0,23.0,17.0,24.0,38.0,30.0,33.0,22.0,25.0,10.0,20.0,18.0,27.0,17.0,17.0,23.0,24.0,19.0,11.0,18.0,15.0,13.0,15.0,25.0,14.0,18.0,19.0,21.0,22.0,17.0,19.0,26.0,25.0,26.0,25.0,18.0,16.0,13.0,19.0,20.0,20.0,16.0,15.0,11.0,5.0,16.0,18.0,8.0,7.0,9.0,19.0,12.0,27.0,122.0,71.0,423.0,476.0,445.0,465.0,568.0,546.0,547.0,576.0,516.0,391.0,338.0,164.0,83.0,78.0,82.0,44.0,61.0,56.0,53.0,196.0,321.0,358.0,451.0,506.0,522.0,496.0,461.0,456.0,402.0,267.0,303.0,332.0,330.0,187.0,267.0,320.0,235.0,156.0,238.0,265.0,153.0,214.0,194.0,117.0,148.0,144.0,171.0,113.0,118.0,64.0,149.0,77.0,28.0,51.0,37.0,47.0,42.0,39.0,46.0,26.0,30.0,20.0,34.0,28.0,31.0,16.0,36.0,22.0,33.0,21.0,35.0,26.0,22.0,28.0,10.0,26.0,10.0,9.0,16.0,15.0,11.0,14.0,9.0,9.0,15.0,10.0,14.0,18.0,10.0,13.0,8.0,14.0,9.0,16.0,17.0,14.0,18.0,27.0,26.0,24.0,35.0
12.0,8.0,15.0,11.0,15.0,12.0,13.0,20.0,13.0,4.0,11.0,11.0,13.0,14.0,8.0,13.0,7.0,19.0,15.0,18.0,13.0,16.0,20.0,16.0,13.0,12.0,15.0,13.0,6.0,11.0,16.0,12.0,16.0,8.0,12.0,12.0,10.0,17.0,13.0,9.0,13.0,11.0,9.0,9.0,8.0,15.0,12.0,5.0,8.0,11.0,9.0,11.0,4.0,15.0,7.0,15.0,11.0,12.0,10.0,7.0,4.0,14.0,13.0,17.0,16.0,15.0,13.0,10.0,15.0,13.0,7.0,13.0,14.0,13.0,8.0,13.0,15.0,9.0,16.0,11.0,12.0,5.0,10.0,7.0,6.0,23.0,16.0,72.0,165.0,221.0,459.0,483.0,489.0,485.0,575.0,458.0,451.0,435.0,211.0,66.0,93.0,92.0,43.0,49.0,43.0,51.0,34.0,24.0,29.0,115.0,122.0,335.0,352.0,326.0,288.0,387.0,423.0,396.0,328.0,322.0,320.0,191.0,151.0,260.0,159.0,109.0,121.0,193.0,171.0,81.0,144.0,137.0,84.0,100.0,84.0,99.0,76.0,95.0,58.0,73.0,43.0,13.0,28.0,19.0,34.0,32.0,15.0,24.0,10.0,16.0,16.0,21.0,9.0,24.0,16.0,17.0,15.0,23.0,10.0,18.0,33.0,22.0,11.0,13.0,14.0,12.0,9.0,18.0,13.0,6.0,13.0,17.0
15.0,22.0,19.0,16.0,18.0,13.0,11.0,14.0,15.0,15.0,3.0,15.0,11.0,14.0,12.0,14.0,7.0,13.0,7.0,11.0,16.0,10.0,13.0,13.0,10.0,13.0,13.0,18.0,12.0,16.0,24.0,16.0,13.0,24.0,21.0,18.0,15.0,13.0,10.0,14.0,14.0,10.0,19.0,18.0,9.0,8.0,5.0,12.0,12.0,23.0,12.0,13.0,13.0,15.0,13.0,15.0,17.0,10.0,26.0,19.0,7.0,17.0,17.0,16.0,14.0,11.0,16.0,12.0,19.0,19.0,13.0,15.0,12.0,17.0,14.0,24.0,18.0,23.0,23.0,17.0,14.0,16.0,19.0,14.0,15.0,12.0,9.0,22.0,12.0,16.0,23.0,50.0,18.0,38.0,47.0,96.0,141.0,264.0,332.0,386.0,442.0,518.0,479.0,499.0,483.0,504.0,332.0,374.0,226.0,120.0,57.0,65.0,51.0,66.0,69.0,39.0,90.0,221.0,301.0,419.0,449.0,533.0,474.0,539.0,561.0,510.0,472.0,439.0,490.0,414.0,347.0,365.0,386.0,302.0,192.0,233.0,243.0,192.0,96.0,172.0,173.0,122.0,168.0,127.0,98.0,161.0,98.0,48.0,80.0,46.0,20.0,41.0,16.0,33.0,42.0,20.0,32.0,7.0,25.0,10.0,37.0,17.0,27.0,27.0,27.0,44.0,35.0,33.0,55.0,63.0,49.0,43.0
24.0,25.0,22.0,30.0,21.0,18.0,16.0,23.0,13.0,15.0,16.0,15.0,13.0,10.0,12.0,9.0,8.0,27.0,15.0,17.0,27.0,23.0,23.0,20.0,12.0,27.0,19.0,25.0,21.0,19.0,20.0,14.0,24.0,24.0,31.0,14.0,23.0,39.0,31.0,26.0,35.0,36.0,29.0,40.0,35.0,18.0,25.0,30.0,18.0,23.0,20.0,35.0,38.0,19.0,21.0,25.0,18.0,22.0,27.0,15.0,15.0,24.0,15.0,36.0,24.0,15.0,18.0,18.0,21.0,19.0,18.0,19.0,62.0,151.0,65.0,298.0,344.0,352.0,379.0,337.0,250.0,163.0,215.0,72.0,84.0,96.0,20.0,54.0,24.0,13.0,29.0,137.0,61.0,289.0,312.0,344.0,429.0,479.0,496.0,456.0,501.0,520.0,466.0,365.0,364.0,422.0,275.0,212.0,334.0,382.0,254.0,302.0,329.0,299.0,210.0,281.0,297.0,204.0,291.0,262.0,155.0,115.0,137.0,91.0,70.0,79.0,25.0,93.0,31.0,18.0,35.0,21.0,45.0,20.0,26.0,33.0,16.0,26.0,19.0,26.0,15.0,40.0,11.0,16.0,17.0,25.0,24.0,18.0,10.0,19.0,12.0,26.0,17.0,12.0,9.0,16.0,13.0,11.0,17.0,21.0,17.0,24.0,12.0,15.0,15.0,16.0,20.0,17.0,20.0,16.0,12.0,18.0
9.0,17.0,9.0,12.0,14.0,16.0,12.0,10.0,12.0,13.0,8.0,17.0,14.0,15.0,6.0,11.0,14.0,7.0,14.0,4.0,15.0,5.0,9.0,13.0,19.0,16.0,19.0,14.0,20.0,6.0,17.0,12.0,4.0,14.0,11.0,12.0,4.0,13.0,9.0,17.0,8.0,14.0,10.0,15.0,9.0,17.0,12.0,19.0,5.0,31.0,14.0,29.0,12.0,14.0,12.0,17.0,5.0,17.0,9.0,19.0,14.0,16.0,24.0,28.0,18.0,23.0,14.0,12.0,17.0,21.0,86.0,217.0,213.0,316.0,403.0,345.0,450.0,301.0,188.0,78.0,113.0,38.0,77.0,33.0,39.0,37.0,35.0,77.0,43.0,38.0,102.0,160.0,233.0,302.0,338.0,280.0,330.0,451.0,415.0,337.0,277.0,322.0,299.0,194.0,174.0,185.0,217.0,111.0,239.0,272.0,169.0,178.0,176.0,102.0,107.0,101.0,88.0,90.0,94.0,85.0,72.0,79.0,40.0,58.0,48.0,17.0,49.0,23.0,24.0,30.0,32.0,24.0,17.0,33.0,16.0,27.0,13.0,21.0,34.0,27.0,27.0,12.0,31.0,14.0,16.0,14.0,16.0,21.0,8.0,17.0,13.0,14.0,15.0,15.0,20.0,16.0,24.0,19.0,12.0,18.0,14.0,22.0,18.0,12.0,10.0,31.0,16.0,24.0,16.0,19.0,14.0,19.0
11.0,21.0,15.0,17.0,18.0,13.0,15.0,8.0,10.0,6.0,17.0,18.0,11.0,14.0,21.0,9.0,9.0,18.0,17.0,7.0,10.0,17.0,14.0,15.0,8.0,9.0,9.0,16.0,22.0,13.0,13.0,15.0,15.0,13.0,9.0,14.0,9.0,9.0,10.0,13.0,22.0,16.0,30.0,26.0,10.0,17.0,26.0,11.0,13.0,15.0,13.0,7.0,10.0,11.0,9.0,16.0,11.0,19.0,169.0,225.0,295.0,369.0,407.0,412.0,506.0,487.0,426.0,329.0,137.0,87.0,88.0,69.0,39.0,61.0,35.0,45.0,54.0,47.0,59.0,114.0,169.0,339.0,400.0,448.0,386.0,471.0,362.0,266.0,282.0,381.0,337.0,223.0,269.0,365.0,266.0,101.0,302.0,305.0,180.0,211.0,194.0,121.0,158.0,175.0,115.0,103.0,96.0,84.0,72.0,68.0,39.0,40.0,57.0,32.0,56.0,33.0,46.0,42.0,35.0,41.0,25.0,33.0,11.0,20.0,12.0,33.0,30.0,24.0,28.0,19.0,27.0,27.0,33.0,14.0,28.0,13.0,27.0,21.0,16.0,20.0,16.0,29.0,12.0,25.0,22.0,16.0,26.0,26.0,30.0,28.0,24.0,26.0,33.0,28.0,31.0,37.0,32.0,35.0,35.0,47.0,44.0,43.0,53.0,52.0,31.0,58.0,37.0,41.0,64.0,33.0,30.0,38.0
38.0,45.0,42.0,44.0,55.0,35.0,24.0,35.0,37.0,51.0,31.0,34.0,22.0,24.0,33.0,34.0,51.0,38.0,61.0,38.0,17.0,44.0,36.0,39.0,54.0,71.0,52.0,96.0,30.0,31.0,45.0,40.0,24.0,36.0,35.0,50.0,60.0,53.0,69.0,146.0,92.0,85.0,82.0,44.0,56.0,90.0,94.0,36.0,33.0,45.0,57.0,53.0,39.0,23.0,20.0,22.0,26.0,15.0,32.0,29.0,33.0,67.0,45.0,49.0,100.0,54.0,48.0,51.0,59.0,62.0,78.0,23.0,14.0,17.0,24.0,10.0,16.0,14.0,29.0,28.0,22.0,15.0,121.0,172.0,282.0,348.0,321.0,410.0,375.0,382.0,359.0,310.0,128.0,45.0,103.0,114.0,76.0,48.0,37.0,34.0,60.0,88.0,198.0,347.0,340.0,502.0,428.0,433.0,425.0,432.0,368.0,198.0,371.0,347.0,209.0,217.0,352.0,293.0,97.0,250.0,237.0,129.0,198.0,161.0,108.0,189.0,104.0,66.0,123.0,96.0,79.0,87.0,22.0,46.0,46.0,17.0,32.0,26.0,38.0,24.0,29.0,31.0,18.0,50.0,21.0,34.0,26.0,30.0,32.0,25.0,24.0,24.0,41.0,29.0,35.0,11.0,23.0,26.0,14.0,18.0,17.0,14.0,28.0,20.0,26.0,20.0,16.0,24.0,17.0,13.0,21.0,21.0
24.0,22.0,17.0,21.0,21.0,25.0,14.0,23.0,22.0,20.0,21.0,18.0,21.0,17.0,9.0,18.0,14.0,10.0,14.0,20.0,15.0,16.0,16.0,13.0,13.0,9.0,6.0,8.0,14.0,19.0,18.0,18.0,16.0,16.0,19.0,16.0,20.0,27.0,18.0,16.0,16.0,15.0,14.0,18.0,12.0,17.0,16.0,13.0,26.0,20.0,16.0,16.0,19.0,25.0,10.0,8.0,15.0,17.0,17.0,9.0,14.0,6.0,18.0,16.0,19.0,23.0,20.0,20.0,12.0,18.0,21.0,21.0,11.0,37.0,15.0,107.0,221.0,197.0,322.0,467.0,381.0,337.0,332.0,269.0,346.0,323.0,260.0,329.0,220.0,33.0,138.0,91.0,25.0,19.0,18.0,34.0,11.0,55.0,218.0,178.0,274.0,332.0,355.0,290.0,431.0,377.0,320.0,336.0,342.0,317.0,204.0,224.0,306.0,180.0,228.0,276.0,276.0,141.0,251.0,211.0,107.0,280.0,194.0,160.0,193.0,67.0,118.0,84.0,47.0,74.0,21.0,50.0,40.0,24.0,26.0,10.0,38.0,20.0,31.0,18.0,24.0,11.0,20.0,14.0,24.0,18.0,11.0,25.0,19.0,29.0,16.0,20.0,24.0,21.0,10.0,15.0,8.0,14.0,7.0,10.0,12.0,6.0,22.0,7.0,12.0,18.0,12.0,9.0,9.0,8.0,8.0,11.0
20.0,15.0,22.0,20.0,27.0,17.0,36.0,34.0,20.0,21.0,27.0,21.0,24.0,19.0,17.0,13.0,14.0,11.0,26.0,16.0,11.0,19.0,12.0,17.0,8.0,14.0,15.0,12.0,18.0,12.0,14.0,14.0,18.0,11.0,24.0,22.0,91.0,13.0,19.0,20.0,14.0,22.0,23.0,15.0,11.0,15.0,18.0,19.0,17.0,10.0,15.0,22.0,18.0,35.0,15.0,50.0,48.0,31.0,203.0,173.0,194.0,315.0,321.0,309.0,381.0,354.0,248.0,271.0,217.0,104.0,102.0,109.0,53.0,90.0,85.0,30.0,108.0,137.0,175.0,320.0,347.0,340.0,356.0,471.0,430.0,354.0,406.0,415.0,269.0,223.0,254.0,309.0,258.0,196.0,204.0,299.0,198.0,164.0,320.0,249.0,133.0,212.0,119.0,77.0,137.0,92.0,72.0,68.0,30.0,18.0,39.0,20.0,32.0,38.0,21.0,41.0,13.0,36.0,16.0,30.0,20.0,36.0,32.0,23.0,21.0,21.0,32.0,12.0,23.0,20.0,20.0,17.0,15.0,16.0,12.0,15.0,11.0,13.0,18.0,7.0,16.0,11.0,8.0,7.0,14.0,10.0,8.0,6.0,6.0,13.0,9.0,17.0,10.0,7.0,14.0,7.0,16.0,14.0,12.0,13.0,7.0,9.0,15.0,13.0,13.0,9.0,11.0,12.0,11.0,13.0,8.0,9.0
13.0,10.0,23.0,11.0,15.0,11.0,18.0,10.0,13.0,19.0,11.0,12.0,16.0,14.0,10.0,18.0,14.0,18.0,17.0,13.0,11.0,17.0,10.0,7.0,11.0,10.0,11.0,17.0,7.0,11.0,19.0,19.0,26.0,16.0,20.0,16.0,27.0,21.0,21.0,13.0,15.0,22.0,19.0,21.0,26.0,15.0,14.0,9.0,11.0,15.0,19.0,12.0,9.0,19.0,7.0,20.0,30.0,49.0,38.0,154.0,268.0,299.0,351.0,491.0,400.0,387.0,447.0,446.0,331.0,422.0,268.0,80.0,94.0,77.0,50.0,92.0,33.0,66.0,44.0,57.0,17.0,168.0,176.0,404.0,441.0,515.0,548.0,586.0,484.0,344.0,423.0,378.0,324.0,331.0,301.0,221.0,116.0,272.0,223.0,163.0,200.0,129.0,93.0,127.0,144.0,105.0,120.0,114.0,77.0,132.0,128.0,49.0,70.0,41.0,15.0,53.0,15.0,49.0,21.0,42.0,32.0,24.0,34.0,20.0,34.0,17.0,32.0,12.0,37.0,39.0,14.0,33.0,13.0,17.0,16.0,24.0,18.0,20.0,24.0,16.0,17.0,13.0,14.0,19.0,7.0,12.0,13.0,21.0,9.0,18.0,9.0,21.0,15.0,12.0,10.0,12.0,18.0,9.0,15.0,11.0,11.0,14.0,9.0,15.0,8.0,14.0,14.0,8.0,6.0,10.0,8.0,6.0
18.0,19.0,22.0,24.0,27.0,23.0,17.0,27.0,26.0,12.0,17.0,24.0,23.0,25.0,20.0,17.0,16.0,11.0,6.0,13.0,11.0,7.0,13.0,7.0,11.0,13.0,13.0,10.0,2.0,18.0,14.0,9.0,10.0,17.0,13.0,9.0,10.0,12.0,17.0,9.0,14.0,10.0,11.0,8.0,10.0,16.0,11.0,31.0,35.0,39.0,37.0,33.0,37.0,46.0,34.0,19.0,22.0,24.0,31.0,33.0,42.0,26.0,30.0,17.0,70.0,64.0,223.0,344.0,219.0,385.0,370.0,325.0,372.0,300.0,165.0,141.0,141.0,87.0,84.0,72.0,53.0,70.0,54.0,41.0,47.0,69.0,78.0,267.0,319.0,339.0,413.0,511.0,406.0,347.0,346.0,341.0,237.0,245.0,208.0,155.0,154.0,212.0,171.0,104.0,159.0,117.0,112.0,101.0,115.0,125.0,91.0,146.0,69.0,152.0,69.0,46.0,42.0,22.0,34.0,30.0,23.0,39.0,18.0,31.0,31.0,31.0,29.0,20.0,31.0,19.0,22.0,9.0,27.0,10.0,26.0,16.0,20.0,26.0,13.0,27.0,17.0,13.0,16.0,22.0,23.0,23.0,19.0,10.0,22.0,16.0,21.0,13.0,17.0,12.0,17.0,14.0,8.0,15.0,12.0,9.0,5.0,13.0,11.0,15.0,8.0,12.0,17.0,10.0,16.0,19.0,15.0,15.0
15.0,15.0,14.0,18.0,17.0,18.0,12.0,6.0,23.0,17.0,32.0,17.0,14.0,11.0,14.0,17.0,13.0,20.0,22.0,27.0,25.0,61.0,22.0,17.0,20.0,31.0,23.0,16.0,13.0,11.0,9.0,11.0,13.0,97.0,94.0,47.0,37.0,42.0,42.0,53.0,37.0,47.0,27.0,35.0,34.0,35.0,25.0,32.0,52.0,39.0,29.0,39.0,35.0,22.0,46.0,23.0,40.0,26.0,23.0,31.0,51.0,158.0,23.0,17.0,10.0,16.0,12.0,18.0,17.0,19.0,15.0,18.0,20.0,15.0,15.0,14.0,19.0,22.0,12.0,72.0,143.0,194.0,264.0,411.0,336.0,320.0,333.0,371.0,358.0,430.0,342.0,166.0,58.0,60.0,33.0,48.0,40.0,19.0,22.0,29.0,23.0,163.0,176.0,229.0,313.0,420.0,471.0,406.0,432.0,433.0,313.0,251.0,298.0,335.0,225.0,162.0,217.0,242.0,203.0,206.0,216.0,141.0,112.0,181.0,151.0,100.0,135.0,138.0,50.0,102.0,50.0,22.0,50.0,18.0,32.0,39.0,14.0,36.0,16.0,28.0,20.0,27.0,31.0,10.0,26.0,14.0,36.0,18.0,22.0,13.0,21.0,20.0,22.0,15.0,16.0,10.0,7.0,12.0,18.0,11.0,10.0,15.0,13.0,12.0,11.0,31.0,18.0,23.0,21.0,26.0,13.0,22.0
16.0,16.0,15.0,12.0,12.0,8.0,25.0,20.0,27.0,15.0,16.0,24.0,16.0,16.0,42.0,15.0,21.0,24.0,14.0,22.0,16.0,15.0,22.0,23.0,33.0,27.0,22.0,26.0,29.0,23.0,19.0,24.0,26.0,19.0,25.0,18.0,18.0,15.0,9.0,31.0,12.0,10.0,17.0,11.0,11.0,15.0,15.0,19.0,17.0,15.0,14.0,8.0,10.0,20.0,14.0,43.0,24.0,22.0,6.0,8.0,13.0,14.0,15.0,15.0,11.0,12.0,14.0,18.0,21.0,20.0,7.0,19.0,15.0,8.0,11.0,140.0,274.0,164.0,334.0,379.0,446.0,390.0,399.0,329.0,307.0,152.0,90.0,86.0,79.0,59.0,69.0,38.0,22.0,52.0,56.0,52.0,234.0,359.0,383.0,425.0,488.0,506.0,494.0,536.0,518.0,361.0,301.0,322.0,253.0,254.0,242.0,295.0,190.0,176.0,255.0,225.0,113.0,127.0,145.0,132.0,97.0,144.0,111.0,81.0,116.0,76.0,37.0,33.0,29.0,60.0,47.0,18.0,18.0,15.0,33.0,15.0,50.0,34.0,25.0,30.0,22.0,54.0,22.0,42.0,12.0,24.0,17.0,11.0,34.0,15.0,45.0,39.0,24.0,31.0,17.0,15.0,20.0,17.0,10.0,23.0,19.0,16.0,21.0,22.0,15.0,17.0,21.0,14.0,10.0,19.0,19.0,18.0
8.0,16.0,13.0,20.0,22.0,17.0,12.0,18.0,23.0,20.0,25.0,18.0,18.0,20.0,18.0,16.0,16.0,13.0,18.0,15.0,17.0,19.0,17.0,16.0,15.0,15.0,13.0,14.0,10.0,11.0,11.0,18.0,21.0,17.0,15.0,17.0,12.0,12.0,20.0,23.0,23.0,21.0,23.0,26.0,33.0,25.0,24.0,19.0,31.0,35.0,33.0,22.0,19.0,25.0,26.0,19.0,23.0,23.0,26.0,18.0,40.0,21.0,19.0,39.0,73.0,101.0,16.0,36.0,13.0,17.0,21.0,20.0,26.0,263.0,300.0,337.0,463.0,436.0,371.0,334.0,451.0,292.0,227.0,57.0,106.0,77.0,36.0,68.0,45.0,26.0,22.0,95.0,144.0,301.0,376.0,356.0,455.0,493.0,443.0,354.0,375.0,353.0,200.0,160.0,291.0,233.0,166.0,153.0,234.0,200.0,94.0,193.0,199.0,120.0,127.0,132.0,100.0,99.0,84.0,89.0,76.0,88.0,56.0,103.0,39.0,20.0,35.0,20.0,24.0,40.0,20.0,29.0,17.0,36.0,17.0,26.0,12.0,37.0,15.0,39.0,12.0,31.0,16.0,29.0,20.0,32.0,15.0,25.0,21.0,22.0,8.0,12.0,11.0,13.0,12.0,17.0,15.0,17.0,18.0,16.0,9.0,8.0,16.0,12.0,26.0,13.0,16.0,15.0,12.0,17.0,12.0,20.0
9.0,11.0,14.0,13.0,6.0,11.0,6.0,11.0,19.0,11.0,13.0,9.0,14.0,20.0,24.0,24.0,20.0,21.0,18.0,26.0,24.0,25.0,23.0,19.0,17.0,26.0,13.0,22.0,23.0,28.0,15.0,27.0,24.0,14.0,19.0,14.0,12.0,34.0,28.0,16.0,13.0,11.0,14.0,15.0,18.0,13.0,12.0,16.0,7.0,13.0,11.0,17.0,17.0,16.0,16.0,14.0,18.0,21.0,46.0,17.0,26.0,13.0,16.0,17.0,17.0,18.0,18.0,15.0,18.0,23.0,19.0,21.0,20.0,22.0,28.0,20.0,35.0,24.0,17.0,24.0,16.0,33.0,11.0,21.0,19.0,35.0,220.0,317.0,307.0,521.0,493.0,458.0,595.0,547.0,431.0,464.0,405.0,292.0,92.0,100.0,63.0,74.0,59.0,56.0,53.0,43.0,37.0,81.0,51.0,175.0,324.0,322.0,476.0,450.0,326.0,348.0,386.0,266.0,304.0,322.0,160.0,130.0,235.0,220.0,127.0,207.0,223.0,169.0,161.0,174.0,138.0,137.0,133.0,79.0,138.0,131.0,53.0,82.0,62.0,31.0,56.0,27.0,46.0,32.0,19.0,52.0,29.0,39.0,29.0,8.0,40.0,8.0,28.0,12.0,15.0,8.0,14.0,18.0,21.0,24.0,17.0,30.0,21.0,20.0,11.0,9.0,5.0,15.0,21.0,22.0,12.0,11.0
22.0,33.0,18.0,18.0,18.0,35.0,28.0,27.0,16.0,17.0,15.0,17.0,27.0,61.0,70.0,30.0,29.0,35.0,37.0,31.0,24.0,25.0,23.0,31.0,28.0,28.0,41.0,37.0,19.0,29.0,23.0,34.0,13.0,34.0,18.0,24.0,35.0,34.0,37.0,27.0,20.0,25.0,28.0,23.0,19.0,22.0,53.0,101.0,14.0,13.0,14.0,12.0,13.0,16.0,8.0,10.0,13.0,18.0,15.0,17.0,14.0,16.0,12.0,17.0,18.0,23.0,27.0,58.0,145.0,206.0,248.0,399.0,381.0,271.0,447.0,303.0,191.0,123.0,50.0,30.0,48.0,31.0,23.0,18.0,19.0,16.0,24.0,22.0,130.0,222.0,172.0,400.0,372.0,356.0,316.0,379.0,243.0,298.0,344.0,291.0,188.0,342.0,301.0,208.0,296.0,293.0,221.0,278.0,248.0,150.0,249.0,174.0,84.0,198.0,135.0,115.0,135.0,48.0,63.0,33.0,23.0,36.0,24.0,33.0,36.0,14.0,36.0,13.0,30.0,13.0,34.0,25.0,40.0,29.0,23.0,19.0,19.0,31.0,28.0,24.0,17.0,25.0,26.0,12.0,24.0,22.0,19.0,18.0,17.0,14.0,16.0,11.0,21.0,13.0,7.0,10.0,12.0,10.0,15.0,15.0,16.0,11.0,19.0,21.0,12.0,15.0,20.0,11.0,8.0,14.0,14.0,15.0
16.0,17.0,25.0,17.0,9.0,14.0,10.0,19.0,16.0,17.0,16.0,12.0,17.0,20.0,18.0,23.0,21.0,19.0,19.0,15.0,17.0,11.0,19.0,16.0,14.0,13.0,17.0,12.0,8.0,10.0,11.0,6.0,14.0,13.0,15.0,10.0,15.0,6.0,12.0,14.0,15.0,16.0,15.0,7.0,15.0,20.0,35.0,21.0,18.0,14.0,15.0,25.0,22.0,18.0,14.0,22.0,9.0,19.0,15.0,12.0,17.0,20.0,21.0,20.0,13.0,15.0,14.0,14.0,16.0,26.0,21.0,27.0,23.0,30.0,51.0,72.0,252.0,228.0,302.0,389.0,335.0,357.0,375.0,411.0,278.0,330.0,179.0,55.0,62.0,78.0,48.0,65.0,97.0,26.0,42.0,38.0,61.0,84.0,76.0,334.0,384.0,388.0,537.0,512.0,454.0,397.0,428.0,324.0,293.0,271.0,169.0,199.0,198.0,138.0,157.0,159.0,147.0,131.0,152.0,125.0,129.0,136.0,145.0,125.0,163.0,63.0,104.0,96.0,48.0,56.0,10.0,42.0,44.0,16.0,34.0,10.0,31.0,21.0,40.0,28.0,19.0,39.0,15.0,21.0,12.0,32.0,22.0,32.0,48.0,18.0,25.0,20.0,16.0,20.0,17.0,16.0,10.0,13.0,14.0,12.0,14.0,7.0,15.0,21.0,21.0,18.0,17.0,20.0,21.0,21.0,19.0,19.0
14.0,10.0,18.0,8.0,20.0,20.0,21.0,12.0,14.0,15.0,15.0,27.0,14.0,14.0,19.0,13.0,24.0,16.0,18.0,20.0,16.0,14.0,21.0,17.0,20.0,22.0,21.0,9.0,19.0,14.0,19.0,12.0,17.0,22.0,15.0,21.0,18.0,9.0,14.0,25.0,16.0,20.0,23.0,14.0,20.0,20.0,19.0,19.0,19.0,20.0,11.0,9.0,14.0,13.0,10.0,14.0,9.0,27.0,8.0,24.0,15.0,5.0,33.0,10.0,93.0,237.0,218.0,406.0,390.0,404.0,377.0,385.0,374.0,346.0,420.0,367.0,344.0,340.0,201.0,88.0,110.0,130.0,28.0,31.0,29.0,15.0,21.0,11.0,18.0,124.0,78.0,291.0,327.0,335.0,403.0,465.0,530.0,461.0,463.0,430.0,355.0,303.0,401.0,361.0,312.0,294.0,335.0,261.0,262.0,301.0,211.0,219.0,250.0,206.0,218.0,217.0,137.0,125.0,127.0,169.0,92.0,136.0,35.0,54.0,36.0,22.0,34.0,11.0,30.0,17.0,40.0,42.0,11.0,34.0,13.0,27.0,7.0,26.0,14.0,24.0,23.0,30.0,27.0,8.0,16.0,11.0,12.0,23.0,10.0,10.0,15.0,13.0,16.0,10.0,17.0,17.0,19.0,13.0,8.0,7.0,16.0,2.0,18.0,15.0,12.0,13.0,12.0,13.0,13.0,10.0,12.0,11.0
14.0,15.0,6.0,14.0,11.0,8.0,11.0,10.0,11.0,9.0,21.0,19.0,7.0,14.0,10.0,18.0,13.0,18.0,9.0,14.0,12.0,10.0,13.0,14.0,16.0,14.0,15.0,12.0,16.0,16.0,12.0,23.0,11.0,18.0,15.0,12.0,16.0,17.0,20.0,28.0,163.0,39.0,37.0,20.0,24.0,12.0,11.0,12.0,12.0,33.0,12.0,20.0,41.0,23.0,29.0,18.0,22.0,26.0,12.0,40.0,24.0,31.0,19.0,39.0,82.0,21.0,31.0,83.0,22.0,15.0,41.0,93.0,75.0,77.0,118.0,108.0,72.0,104.0,56.0,34.0,33.0,23.0,19.0,28.0,19.0,27.0,22.0,21.0,20.0,18.0,10.0,6.0,11.0,18.0,49.0,116.0,135.0,246.0,309.0,361.0,380.0,315.0,357.0,275.0,226.0,200.0,251.0,133.0,128.0,147.0,96.0,106.0,130.0,109.0,105.0,118.0,134.0,113.0,121.0,71.0,94.0,98.0,65.0,118.0,83.0,69.0,113.0,52.0,66.0,32.0,25.0,21.0,31.0,31.0,18.0,29.0,14.0,29.0,12.0,26.0,13.0,23.0,18.0,20.0,25.0,12.0,27.0,20.0,22.0,17.0,27.0,18.0,14.0,9.0,9.0,13.0,11.0,13.0,11.0,11.0,9.0,11.0,15.0,4.0,11.0,9.0,9.0,10.0,13.0,15.0,7.0,15.0
19.0,24.0,23.0,22.0,17.0,11.0,11.0,27.0,15.0,16.0,17.0,19.0,13.0,16.0,18.0,19.0,15.0,14.0,15.0,15.0,12.0,15.0,8.0,11.0,17.0,7.0,19.0,9.0,11.0,20.0,26.0,13.0,15.0,11.0,13.0,11.0,7.0,12.0,11.0,22.0,86.0,30.0,38.0,17.0,19.0,31.0,48.0,41.0,19.0,22.0,19.0,47.0,37.0,21.0,36.0,21.0,36.0,42.0,31.0,26.0,37.0,45.0,61.0,52.0,99.0,97.0,53.0,53.0,75.0,93.0,148.0,51.0,34.0,26.0,19.0,17.0,15.0,20.0,36.0,63.0,134.0,240.0,248.0,274.0,328.0,295.0,191.0,224.0,60.0,18.0,39.0,48.0,20.0,31.0,29.0,35.0,26.0,14.0,30.0,39.0,29.0,136.0,177.0,252.0,415.0,390.0,396.0,292.0,245.0,293.0,293.0,182.0,282.0,272.0,137.0,243.0,304.0,208.0,308.0,209.0,114.0,213.0,176.0,231.0,273.0,129.0,141.0,157.0,65.0,115.0,98.0,79.0,78.0,29.0,33.0,14.0,36.0,37.0,21.0,41.0,15.0,38.0,4.0,40.0,15.0,28.0,13.0,23.0,20.0,16.0,20.0,13.0,25.0,10.0,29.0,12.0,19.0,11.0,16.0,7.0,14.0,16.0,10.0,12.0,8.0,17.0,12.0,13.0,15.0,15.0,15.0,15.0
26.0,27.0,21.0,18.0,12.0,15.0,26.0,35.0,25.0,22.0,18.0,32.0,46.0,58.0,118.0,76.0,59.0,17.0,22.0,21.0,15.0,20.0,22.0,23.0,22.0,53.0,26.0,37.0,73.0,15.0,25.0,36.0,26.0,33.0,17.0,30.0,62.0,44.0,13.0,25.0,19.0,31.0,18.0,14.0,15.0,14.0,16.0,15.0,15.0,22.0,10.0,14.0,11.0,20.0,22.0,51.0,18.0,23.0,16.0,15.0,26.0,19.0,11.0,21.0,14.0,15.0,31.0,10.0,25.0,27.0,38.0,60.0,98.0,68.0,38.0,33.0,32.0,29.0,74.0,102.0,231.0,397.0,436.0,490.0,508.0,485.0,406.0,467.0,392.0,343.0,282.0,187.0,137.0,36.0,31.0,19.0,28.0,25.0,29.0,31.0,35.0,165.0,169.0,320.0,395.0,442.0,432.0,573.0,503.0,455.0,514.0,416.0,331.0,344.0,356.0,222.0,252.0,297.0,222.0,137.0,203.0,208.0,159.0,191.0,136.0,153.0,218.0,136.0,205.0,170.0,117.0,173.0,64.0,135.0,46.0,21.0,47.0,14.0,40.0,20.0,33.0,29.0,21.0,30.0,20.0,43.0,20.0,30.0,22.0,33.0,23.0,49.0,36.0,14.0,29.0,16.0,24.0,19.0,16.0,16.0,16.0,14.0,13.0,21.0,27.0,23.0,21.0,29.0,36.0,33.0,23.0,26.0
21.0,19.0,15.0,17.0,18.0,9.0,20.0,13.0,19.0,22.0,18.0,16.0,26.0,33.0,30.0,26.0,38.0,25.0,16.0,12.0,17.0,21.0,20.0,11.0,24.0,30.0,14.0,30.0,26.0,36.0,29.0,23.0,20.0,26.0,18.0,18.0,17.0,19.0,21.0,16.0,24.0,23.0,17.0,14.0,12.0,24.0,24.0,26.0,19.0,22.0,27.0,25.0,22.0,21.0,24.0,12.0,20.0,37.0,42.0,21.0,52.0,21.0,22.0,16.0,33.0,14.0,14.0,12.0,15.0,21.0,36.0,13.0,22.0,24.0,20.0,20.0,23.0,11.0,14.0,18.0,9.0,22.0,13.0,14.0,17.0,49.0,225.0,305.0,253.0,305.0,319.0,264.0,321.0,293.0,157.0,145.0,131.0,102.0,71.0,52.0,56.0,60.0,47.0,46.0,52.0,176.0,98.0,340.0,375.0,395.0,390.0,470.0,465.0,454.0,519.0,501.0,401.0,319.0,393.0,352.0,293.0,279.0,309.0,179.0,206.0,247.0,159.0,121.0,175.0,155.0,118.0,179.0,125.0,83.0,99.0,38.0,25.0,40.0,16.0,40.0,27.0,32.0,41.0,15.0,37.0,12.0,25.0,24.0,31.0,24.0,11.0,33.0,13.0,36.0,12.0,32.0,21.0,11.0,15.0,15.0,10.0,10.0,6.0,13.0,15.0,9.0,0.0,13.0,18.0,4.0,4.0,20.0
18.0,19.0,16.0,30.0,18.0,21.0,16.0,28.0,31.0,37.0,25.0,26.0,21.0,13.0,14.0,18.0,15.0,14.0,23.0,18.0,11.0,40.0,12.0,21.0,27.0,23.0,48.0,59.0,103.0,43.0,53.0,43.0,16.0,40.0,28.0,50.0,43.0,28.0,24.0,35.0,38.0,21.0,24.0,20.0,24.0,29.0,20.0,31.0,26.0,20.0,30.0,18.0,24.0,21.0,13.0,33.0,33.0,49.0,44.0,54.0,48.0,15.0,20.0,23.0,20.0,20.0,33.0,26.0,23.0,14.0,25.0,47.0,121.0,79.0,163.0,182.0,148.0,166.0,216.0,160.0,96.0,93.0,46.0,38.0,38.0,27.0,18.0,30.0,24.0,19.0,24.0,29.0,37.0,95.0,141.0,202.0,294.0,408.0,408.0,359.0,413.0,441.0,365.0,328.0,305.0,340.0,265.0,166.0,246.0,283.0,188.0,182.0,230.0,229.0,121.0,223.0,244.0,197.0,175.0,171.0,127.0,207.0,188.0,60.0,99.0,71.0,46.0,54.0,35.0,51.0,27.0,52.0,56.0,21.0,44.0,25.0,33.0,36.0,29.0,44.0,43.0,29.0,28.0,61.0,12.0,23.0,39.0,20.0,27.0,34.0,19.0,22.0,15.0,16.0,15.0,22.0,14.0,16.0,13.0,6.0,8.0,14.0,15.0,15.0,3.0,10.0,17.0,9.0,13.0,20.0,22.0,19.0
18.0,21.0,16.0,16.0,17.0,16.0,15.0,23.0,36.0,24.0,26.0,35.0,21.0,22.0,14.0,18.0,24.0,32.0,22.0,16.0,24.0,17.0,14.0,24.0,19.0,25.0,25.0,54.0,143.0,70.0,36.0,45.0,26.0,38.0,34.0,37.0,37.0,32.0,38.0,28.0,28.0,31.0,48.0,17.0,31.0,46.0,41.0,44.0,62.0,43.0,19.0,38.0,15.0,50.0,31.0,31.0,44.0,32.0,31.0,46.0,43.0,52.0,69.0,110.0,32.0,19.0,30.0,34.0,28.0,30.0,29.0,23.0,27.0,78.0,83.0,207.0,216.0,235.0,324.0,298.0,256.0,237.0,259.0,135.0,59.0,54.0,36.0,32.0,40.0,37.0,23.0,27.0,17.0,25.0,16.0,25.0,79.0,146.0,157.0,230.0,278.0,269.0,274.0,411.0,327.0,270.0,263.0,322.0,225.0,209.0,287.0,217.0,156.0,241.0,217.0,143.0,160.0,203.0,165.0,188.0,124.0,117.0,74.0,109.0,50.0,81.0,37.0,20.0,49.0,24.0,34.0,41.0,17.0,54.0,17.0,24.0,26.0,30.0,19.0,37.0,28.0,21.0,35.0,21.0,37.0,15.0,29.0,21.0,15.0,13.0,16.0,17.0,12.0,9.0,20.0,11.0,16.0,15.0,12.0,15.0,9.0,9.0,8.0,18.0,18.0,9.0,15.0,15.0,13.0,14.0,9.0,10.0
9.0,8.0,15.0,25.0,18.0,23.0,18.0,11.0,12.0,13.0,9.0,9.0,15.0,13.0,23.0,26.0,16.0,23.0,20.0,26.0,37.0,50.0,18.0,21.0,25.0,18.0,20.0,45.0,47.0,41.0,51.0,71.0,48.0,27.0,20.0,16.0,18.0,35.0,17.0,27.0,26.0,42.0,26.0,31.0,33.0,25.0,27.0,21.0,38.0,31.0,20.0,33.0,43.0,23.0,31.0,38.0,25.0,38.0,27.0,27.0,37.0,37.0,60.0,26.0,23.0,10.0,15.0,11.0,27.0,18.0,23.0,14.0,46.0,94.0,81.0,238.0,357.0,298.0,431.0,451.0,372.0,356.0,403.0,269.0,192.0,165.0,70.0,22.0,56.0,26.0,21.0,37.0,15.0,24.0,44.0,71.0,98.0,220.0,228.0,233.0,306.0,367.0,343.0,305.0,317.0,343.0,231.0,160.0,230.0,229.0,205.0,210.0,230.0,213.0,134.0,207.0,189.0,155.0,157.0,143.0,136.0,156.0,97.0,62.0,128.0,36.0,21.0,45.0,12.0,49.0,34.0,25.0,39.0,17.0,27.0,13.0,35.0,13.0,34.0,11.0,35.0,11.0,40.0,15.0,23.0,30.0,17.0,26.0,15.0,15.0,19.0,22.0,15.0,20.0,11.0,15.0,12.0,7.0,8.0,16.0,6.0,13.0,12.0,8.0,9.0,12.0,8.0,8.0,8.0,7.0,19.0,11.0
27.0,33.0,20.0,16.0,24.0,28.0,25.0,16.0,22.0,31.0,44.0,31.0,19.0,36.0,33.0,53.0,49.0,21.0,41.0,19.0,37.0,17.0,43.0,67.0,49.0,51.0,24.0,30.0,30.0,20.0,8.0,21.0,21.0,17.0,15.0,15.0,21.0,11.0,20.0,16.0,11.0,23.0,20.0,12.0,22.0,19.0,21.0,20.0,12.0,18.0,12.0,12.0,13.0,33.0,15.0,9.0,13.0,10.0,10.0,19.0,12.0,21.0,14.0,10.0,9.0,13.0,18.0,19.0,14.0,15.0,14.0,17.0,16.0,31.0,31.0,27.0,166.0,224.0,307.0,436.0,431.0,379.0,409.0,388.0,266.0,169.0,128.0,27.0,73.0,44.0,19.0,33.0,20.0,26.0,25.0,16.0,25.0,22.0,22.0,162.0,253.0,284.0,325.0,444.0,368.0,358.0,336.0,329.0,290.0,240.0,309.0,299.0,270.0,258.0,300.0,235.0,206.0,295.0,274.0,267.0,304.0,249.0,213.0,253.0,224.0,181.0,181.0,188.0,94.0,131.0,31.0,50.0,33.0,35.0,25.0,22.0,28.0,17.0,30.0,15.0,25.0,10.0,24.0,12.0,23.0,5.0,25.0,30.0,2.0,43.0,10.0,12.0,4.0,10.0,20.0,31.0,8.0,13.0,9.0,15.0,17.0,15.0,4.0,14.0,14.0,20.0,26.0,28.0,34.0,32.0,18.0,22.0
14.0,18.0,18.0,12.0,12.0,12.0,9.0,14.0,11.0,6.0,17.0,16.0,12.0,16.0,11.0,11.0,11.0,15.0,11.0,15.0,16.0,6.0,7.0,10.0,7.0,15.0,13.0,16.0,9.0,11.0,6.0,18.0,10.0,20.0,11.0,13.0,7.0,12.0,14.0,25.0,15.0,20.0,7.0,10.0,15.0,8.0,12.0,9.0,12.0,7.0,7.0,12.0,14.0,12.0,7.0,12.0,22.0,13.0,13.0,19.0,21.0,14.0,17.0,12.0,15.0,17.0,19.0,16.0,12.0,16.0,14.0,15.0,17.0,15.0,16.0,15.0,21.0,13.0,12.0,13.0,14.0,11.0,11.0,10.0,12.0,8.0,15.0,16.0,31.0,28.0,109.0,76.0,295.0,302.0,316.0,236.0,238.0,251.0,241.0,258.0,230.0,251.0,228.0,117.0,114.0,38.0,104.0,59.0,32.0,62.0,40.0,74.0,78.0,66.0,157.0,225.0,254.0,343.0,362.0,398.0,346.0,416.0,308.0,254.0,277.0,286.0,231.0,194.0,275.0,257.0,182.0,242.0,205.0,187.0,180.0,205.0,188.0,208.0,174.0,118.0,191.0,138.0,135.0,118.0,40.0,57.0,40.0,30.0,41.0,19.0,32.0,15.0,35.0,18.0,31.0,15.0,20.0,23.0,23.0,14.0,26.0,34.0,18.0,23.0,14.0,22.0,30.0,28.0,14.0,25.0,19.0,22.0
15.0,16.0,14.0,23.0,13.0,18.0,17.0,32.0,20.0,16.0,31.0,37.0,14.0,15.0,26.0,11.0,14.0,24.0,25.0,16.0,32.0,16.0,27.0,25.0,22.0,15.0,36.0,38.0,36.0,24.0,26.0,18.0,26.0,25.0,35.0,37.0,47.0,42.0,50.0,41.0,33.0,33.0,40.0,47.0,64.0,20.0,13.0,15.0,15.0,16.0,10.0,15.0,18.0,12.0,12.0,16.0,14.0,12.0,11.0,18.0,10.0,15.0,13.0,16.0,15.0,12.0,10.0,33.0,54.0,147.0,201.0,160.0,288.0,275.0,225.0,189.0,117.0,54.0,97.0,50.0,22.0,58.0,28.0,19.0,28.0,20.0,23.0,69.0,86.0,196.0,284.0,272.0,302.0,403.0,363.0,340.0,297.0,342.0,240.0,254.0,291.0,252.0,182.0,281.0,268.0,205.0,242.0,271.0,217.0,204.0,226.0,153.0,115.0,184.0,172.0,146.0,171.0,116.0,103.0,127.0,65.0,134.0,85.0,66.0,62.0,25.0,48.0,17.0,47.0,15.0,31.0,11.0,25.0,12.0,33.0,31.0,23.0,39.0,21.0,33.0,23.0,41.0,18.0,45.0,23.0,54.0,27.0,30.0,19.0,24.0,21.0,17.0,20.0,11.0,13.0,24.0,7.0,21.0,22.0,19.0,26.0,27.0,41.0,43.0,39.0,22.0,43.0,60.0,52.0,33.0,56.0,14.0
37.0,17.0,22.0,23.0,16.0,34.0,20.0,32.0,19.0,31.0,27.0,21.0,35.0,40.0,44.0,12.0,14.0,27.0,17.0,16.0,16.0,18.0,26.0,18.0,17.0,15.0,12.0,6.0,44.0,13.0,9.0,34.0,6.0,7.0,19.0,17.0,12.0,9.0,13.0,11.0,29.0,14.0,18.0,20.0,22.0,17.0,10.0,14.0,16.0,22.0,16.0,10.0,17.0,26.0,12.0,20.0,21.0,16.0,24.0,26.0,8.0,23.0,27.0,14.0,13.0,37.0,30.0,26.0,15.0,4.0,9.0,8.0,14.0,14.0,11.0,14.0,15.0,14.0,61.0,49.0,198.0,228.0,239.0,263.0,312.0,279.0,204.0,207.0,88.0,44.0,79.0,25.0,39.0,27.0,22.0,26.0,20.0,6.0,19.0,25.0,135.0,196.0,238.0,265.0,314.0,352.0,343.0,333.0,326.0,291.0,267.0,239.0,213.0,227.0,224.0,173.0,142.0,207.0,173.0,158.0,208.0,147.0,144.0,192.0,146.0,121.0,122.0,89.0,125.0,100.0,70.0,97.0,29.0,52.0,19.0,41.0,47.0,24.0,61.0,24.0,45.0,16.0,46.0,18.0,31.0,8.0,28.0,13.0,41.0,9.0,35.0,21.0,23.0,7.0,5.0,18.0,18.0,13.0,17.0,5.0,8.0,12.0,16.0,9.0,20.0,21.0,31.0,50.0,27.0,15.0,19.0,16.0
12.0,15.0,29.0,21.0,19.0,24.0,14.0,16.0,17.0,20.0,29.0,24.0,28.0,38.0,34.0,32.0,33.0,34.0,45.0,41.0,48.0,37.0,30.0,35.0,29.0,36.0,46.0,47.0,37.0,41.0,37.0,39.0,28.0,34.0,42.0,31.0,34.0,23.0,45.0,44.0,27.0,35.0,14.0,35.0,44.0,21.0,21.0,30.0,29.0,16.0,20.0,39.0,16.0,34.0,27.0,21.0,25.0,35.0,33.0,30.0,42.0,31.0,44.0,43.0,39.0,34.0,73.0,164.0,166.0,262.0,262.0,249.0,345.0,321.0,226.0,188.0,125.0,67.0,89.0,77.0,23.0,50.0,43.0,79.0,40.0,37.0,37.0,80.0,215.0,261.0,368.0,383.0,350.0,421.0,365.0,371.0,331.0,327.0,285.0,241.0,196.0,272.0,245.0,198.0,230.0,239.0,190.0,195.0,214.0,181.0,183.0,193.0,158.0,190.0,166.0,159.0,119.0,128.0,71.0,129.0,60.0,37.0,89.0,34.0,65.0,66.0,43.0,35.0,46.0,52.0,44.0,63.0,44.0,71.0,31.0,52.0,26.0,26.0,39.0,78.0,38.0,68.0,33.0,43.0,33.0,30.0,45.0,37.0,38.0,29.0,40.0,38.0,42.0,37.0,45.0,49.0,40.0,39.0,47.0,44.0,42.0,28.0,36.0,29.0,32.0,35.0,35.0,28.0,21.0,29.0,32.0,27.0
15.0,18.0,20.0,11.0,17.0,15.0,22.0,27.0,12.0,15.0,22.0,18.0,17.0,18.0,5.0,9.0,23.0,18.0,12.0,17.0,5.0,4.0,6.0,19.0,28.0,19.0,15.0,38.0,6.0,25.0,17.0,20.0,6.0,19.0,20.0,15.0,33.0,29.0,18.0,14.0,6.0,11.0,22.0,23.0,13.0,6.0,13.0,2.0,17.0,5.0,12.0,15.0,12.0,11.0,14.0,17.0,22.0,12.0,17.0,19.0,27.0,37.0,34.0,74.0,145.0,141.0,228.0,257.0,209.0,272.0,231.0,77.0,99.0,91.0,34.0,43.0,24.0,44.0,33.0,35.0,45.0,44.0,74.0,144.0,178.0,240.0,301.0,289.0,260.0,352.0,322.0,217.0,220.0,214.0,245.0,200.0,179.0,233.0,180.0,184.0,246.0,197.0,169.0,223.0,185.0,149.0,207.0,171.0,108.0,191.0,133.0,126.0,116.0,87.0,93.0,63.0,29.0,82.0,22.0,51.0,62.0,16.0,37.0,17.0,50.0,29.0,58.0,19.0,53.0,37.0,34.0,57.0,10.0,48.0,24.0,88.0,36.0,68.0,64.0,18.0,44.0,30.0,43.0,24.0,18.0,15.0,17.0,12.0,23.0,22.0,14.0,12.0,18.0,13.0,7.0,34.0,26.0,40.0,15.0,10.0,13.0,10.0,14.0,10.0,28.0,26.0,27.0,12.0,18.0,6.0,13.0,18.0
9.0,5.0,9.0,12.0,13.0,10.0,12.0,17.0,7.0,28.0,9.0,11.0,9.0,10.0,19.0,26.0,22.0,15.0,24.0,9.0,13.0,17.0,12.0,13.0,15.0,11.0,13.0,11.0,12.0,15.0,7.0,26.0,14.0,9.0,27.0,16.0,22.0,20.0,24.0,8.0,26.0,13.0,14.0,9.0,10.0,15.0,13.0,14.0,20.0,11.0,20.0,20.0,15.0,14.0,18.0,5.0,12.0,11.0,12.0,6.0,12.0,9.0,24.0,18.0,17.0,16.0,13.0,20.0,34.0,28.0,12.0,16.0,33.0,18.0,40.0,38.0,43.0,21.0,86.0,71.0,159.0,195.0,182.0,283.0,258.0,248.0,252.0,240.0,163.0,66.0,71.0,95.0,19.0,60.0,62.0,29.0,47.0,67.0,102.0,193.0,215.0,230.0,348.0,327.0,336.0,342.0,337.0,272.0,185.0,260.0,252.0,215.0,225.0,243.0,191.0,169.0,251.0,180.0,154.0,213.0,162.0,142.0,198.0,153.0,137.0,176.0,121.0,116.0,133.0,83.0,116.0,53.0,37.0,54.0,25.0,45.0,25.0,46.0,16.0,39.0,16.0,28.0,13.0,33.0,36.0,33.0,33.0,31.0,51.0,27.0,40.0,25.0,48.0,21.0,19.0,21.0,17.0,10.0,10.0,20.0,16.0,12.0,14.0,13.0,20.0,14.0,8.0,17.0,14.0,22.0,20.0,22.0
23.0,24.0,29.0,25.0,25.0,23.0,30.0,16.0,26.0,44.0,7.0,26.0,17.0,21.0,13.0,11.0,14.0,17.0,24.0,14.0,6.0,16.0,14.0,6.0,10.0,8.0,22.0,20.0,15.0,8.0,19.0,6.0,12.0,16.0,18.0,24.0,22.0,32.0,34.0,34.0,45.0,43.0,37.0,44.0,43.0,44.0,51.0,37.0,29.0,30.0,37.0,28.0,20.0,24.0,41.0,24.0,31.0,44.0,28.0,44.0,34.0,36.0,36.0,32.0,42.0,38.0,78.0,39.0,171.0,201.0,185.0,240.0,214.0,183.0,199.0,205.0,138.0,166.0,137.0,64.0,63.0,43.0,42.0,50.0,32.0,55.0,32.0,42.0,43.0,25.0,37.0,95.0,128.0,256.0,253.0,261.0,360.0,344.0,293.0,335.0,256.0,233.0,252.0,264.0,195.0,230.0,233.0,184.0,224.0,212.0,188.0,206.0,181.0,165.0,180.0,201.0,131.0,188.0,133.0,142.0,169.0,82.0,134.0,64.0,44.0,65.0,36.0,52.0,20.0,45.0,31.0,43.0,22.0,32.0,65.0,24.0,28.0,27.0,41.0,35.0,35.0,15.0,40.0,23.0,34.0,26.0,38.0,21.0,19.0,15.0,21.0,31.0,23.0,12.0,18.0,12.0,8.0,9.0,15.0,28.0,8.0,14.0,12.0,30.0,13.0,16.0,8.0,14.0,11.0,30.0,12.0,8.0
10.0,23.0,7.0,18.0,28.0,5.0,17.0,14.0,27.0,12.0,8.0,12.0,18.0,18.0,7.0,13.0,24.0,19.0,38.0,22.0,12.0,9.0,19.0,20.0,36.0,27.0,29.0,25.0,31.0,32.0,28.0,24.0,30.0,13.0,16.0,20.0,29.0,12.0,14.0,14.0,22.0,32.0,22.0,15.0,11.0,12.0,14.0,16.0,19.0,20.0,20.0,14.0,26.0,30.0,27.0,33.0,25.0,43.0,24.0,30.0,29.0,30.0,14.0,25.0,57.0,148.0,98.0,222.0,254.0,192.0,270.0,237.0,177.0,152.0,49.0,20.0,54.0,43.0,41.0,32.0,23.0,24.0,39.0,12.0,18.0,53.0,56.0,134.0,143.0,216.0,304.0,324.0,314.0,460.0,418.0,331.0,306.0,260.0,230.0,208.0,265.0,188.0,176.0,273.0,208.0,178.0,253.0,227.0,139.0,199.0,207.0,131.0,189.0,183.0,121.0,174.0,130.0,137.0,167.0,58.0,142.0,100.0,45.0,96.0,40.0,81.0,40.0,64.0,49.0,46.0,58.0,27.0,63.0,21.0,67.0,48.0,53.0,43.0,46.0,47.0,27.0,31.0,81.0,44.0,40.0,31.0,40.0,36.0,23.0,24.0,23.0,32.0,27.0,28.0,33.0,35.0,28.0,20.0,28.0,18.0,30.0,19.0,14.0,15.0,32.0,33.0,35.0,31.0,24.0,23.0,31.0,20.0
28.0,30.0,15.0,20.0,23.0,34.0,23.0,24.0,22.0,17.0,34.0,10.0,15.0,20.0,15.0,23.0,12.0,18.0,13.0,27.0,25.0,17.0,27.0,17.0,31.0,23.0,23.0,27.0,13.0,46.0,19.0,44.0,26.0,26.0,31.0,28.0,27.0,22.0,30.0,34.0,22.0,33.0,27.0,60.0,41.0,31.0,27.0,26.0,35.0,27.0,34.0,32.0,30.0,30.0,42.0,29.0,43.0,26.0,15.0,87.0,151.0,158.0,270.0,256.0,219.0,319.0,289.0,220.0,134.0,87.0,52.0,56.0,82.0,59.0,61.0,77.0,27.0,44.0,42.0,54.0,98.0,95.0,165.0,258.0,278.0,225.0,345.0,341.0,364.0,317.0,300.0,255.0,190.0,210.0,272.0,213.0,173.0,248.0,232.0,146.0,211.0,226.0,164.0,197.0,148.0,188.0,180.0,134.0,151.0,132.0,116.0,46.0,77.0,72.0,20.0,90.0,33.0,75.0,53.0,34.0,52.0,18.0,59.0,29.0,44.0,34.0,45.0,42.0,45.0,28.0,23.0,38.0,25.0,43.0,39.0,29.0,26.0,42.0,62.0,47.0,40.0,37.0,36.0,33.0,38.0,36.0,43.0,50.0,59.0,48.0,50.0,42.0,34.0,34.0,35.0,45.0,38.0,37.0,25.0,28.0,25.0,26.0,22.0,17.0,37.0,21.0,34.0,44.0,39.0,41.0,30.0,25.0
9.0,12.0,17.0,15.0,14.0,21.0,24.0,26.0,14.0,24.0,21.0,27.0,18.0,27.0,17.0,35.0,24.0,20.0,22.0,30.0,22.0,28.0,17.0,15.0,18.0,18.0,23.0,23.0,29.0,22.0,31.0,20.0,34.0,24.0,19.0,21.0,16.0,22.0,41.0,25.0,21.0,24.0,27.0,21.0,29.0,26.0,35.0,16.0,25.0,17.0,34.0,19.0,27.0,18.0,18.0,34.0,14.0,14.0,27.0,10.0,8.0,13.0,12.0,14.0,23.0,49.0,86.0,174.0,218.0,247.0,261.0,277.0,192.0,145.0,98.0,63.0,51.0,81.0,30.0,60.0,29.0,31.0,21.0,31.0,40.0,89.0,71.0,231.0,274.0,312.0,341.0,385.0,350.0,249.0,279.0,287.0,179.0,164.0,258.0,199.0,136.0,250.0,208.0,154.0,193.0,181.0,142.0,172.0,197.0,138.0,160.0,153.0,121.0,172.0,115.0,117.0,144.0,72.0,125.0,64.0,50.0,82.0,38.0,66.0,28.0,40.0,49.0,56.0,72.0,39.0,64.0,24.0,58.0,20.0,40.0,29.0,50.0,29.0,44.0,20.0,33.0,29.0,19.0,27.0,34.0,12.0,32.0,19.0,25.0,24.0,17.0,13.0,19.0,22.0,18.0,14.0,21.0,19.0,20.0,28.0,21.0,25.0,32.0,17.0,23.0,23.0,23.0,21.0,33.0,18.0,37.0,7.0
17.0,9.0,20.0,6.0,13.0,9.0,25.0,14.0,20.0,15.0,18.0,11.0,16.0,18.0,12.0,14.0,17.0,14.0,11.0,11.0,20.0,17.0,13.0,16.0,14.0,15.0,23.0,12.0,20.0,20.0,18.0,19.0,13.0,12.0,9.0,18.0,11.0,17.0,14.0,17.0,10.0,15.0,13.0,28.0,17.0,18.0,28.0,7.0,35.0,22.0,19.0,16.0,27.0,15.0,22.0,12.0,12.0,9.0,14.0,35.0,24.0,17.0,11.0,16.0,51.0,55.0,148.0,158.0,169.0,221.0,217.0,152.0,172.0,93.0,60.0,41.0,46.0,30.0,33.0,37.0,11.0,23.0,21.0,33.0,51.0,108.0,101.0,199.0,233.0,244.0,265.0,306.0,232.0,143.0,184.0,199.0,137.0,129.0,197.0,162.0,131.0,170.0,150.0,120.0,171.0,146.0,98.0,146.0,118.0,105.0,104.0,79.0,105.0,109.0,72.0,100.0,37.0,47.0,75.0,44.0,65.0,19.0,37.0,34.0,53.0,35.0,58.0,74.0,21.0,24.0,25.0,22.0,45.0,49.0,26.0,36.0,70.0,35.0,19.0,44.0,17.0,31.0,18.0,26.0,25.0,8.0,12.0,11.0,14.0,12.0,11.0,18.0,16.0,12.0,25.0,16.0,15.0,8.0,9.0,12.0,13.0,16.0,15.0,18.0,8.0,19.0,17.0,18.0,13.0,16.0,8.0,19.0
9.0,14.0,7.0,5.0,11.0,8.0,13.0,12.0,20.0,22.0,35.0,12.0,14.0,11.0,11.0,17.0,11.0,12.0,19.0,28.0,34.0,22.0,21.0,17.0,29.0,20.0,25.0,35.0,30.0,33.0,36.0,29.0,33.0,24.0,42.0,12.0,28.0,38.0,52.0,62.0,70.0,37.0,29.0,32.0,30.0,36.0,43.0,42.0,24.0,14.0,48.0,39.0,40.0,42.0,21.0,39.0,23.0,27.0,89.0,145.0,143.0,151.0,225.0,193.0,147.0,139.0,102.0,50.0,35.0,48.0,45.0,33.0,37.0,17.0,12.0,40.0,50.0,109.0,58.0,174.0,204.0,191.0,225.0,248.0,269.0,208.0,216.0,228.0,164.0,130.0,162.0,158.0,149.0,173.0,185.0,168.0,98.0,216.0,189.0,164.0,155.0,135.0,103.0,135.0,119.0,118.0,156.0,122.0,58.0,79.0,61.0,81.0,58.0,20.0,40.0,51.0,54.0,30.0,88.0,52.0,91.0,81.0,25.0,59.0,77.0,58.0,40.0,28.0,30.0,38.0,57.0,69.0,31.0,20.0,48.0,30.0,49.0,18.0,21.0,98.0,56.0,37.0,13.0,74.0,31.0,26.0,78.0,63.0,53.0,24.0,57.0,36.0,23.0,9.0,14.0,16.0,4.0,14.0,27.0,29.0,13.0,19.0,15.0,11.0,19.0,16.0,14.0,17.0,14.0,4.0,15.0,20.0
8.0,24.0,16.0,15.0,17.0,16.0,17.0,25.0,18.0,14.0,15.0,17.0,16.0,6.0,16.0,22.0,21.0,38.0,13.0,22.0,16.0,31.0,11.0,33.0,28.0,17.0,30.0,17.0,85.0,16.0,28.0,50.0,40.0,45.0,52.0,58.0,50.0,75.0,91.0,85.0,45.0,43.0,44.0,31.0,43.0,77.0,41.0,59.0,35.0,23.0,36.0,21.0,33.0,24.0,26.0,17.0,49.0,42.0,16.0,24.0,34.0,42.0,34.0,30.0,28.0,34.0,51.0,19.0,20.0,30.0,22.0,48.0,88.0,174.0,195.0,301.0,240.0,310.0,222.0,313.0,239.0,205.0,112.0,112.0,106.0,106.0,82.0,80.0,52.0,52.0,23.0,16.0,23.0,39.0,83.0,101.0,234.0,216.0,268.0,254.0,311.0,332.0,305.0,230.0,231.0,230.0,181.0,165.0,177.0,238.0,178.0,148.0,232.0,182.0,153.0,225.0,186.0,178.0,160.0,221.0,174.0,185.0,171.0,160.0,187.0,130.0,67.0,54.0,44.0,32.0,52.0,53.0,50.0,39.0,43.0,43.0,24.0,47.0,52.0,45.0,21.0,35.0,44.0,71.0,82.0,36.0,37.0,35.0,76.0,72.0,95.0,55.0,67.0,78.0,66.0,55.0,40.0,34.0,22.0,21.0,24.0,25.0,63.0,35.0,46.0,27.0,33.0,55.0,28.0,72.0,66.0,37.0
20.0,21.0,20.0,19.0,72.0,43.0,44.0,24.0,9.0,26.0,22.0,26.0,22.0,26.0,21.0,19.0,14.0,25.0,34.0,32.0,22.0,29.0,73.0,37.0,18.0,31.0,19.0,45.0,32.0,93.0,24.0,40.0,58.0,25.0,25.0,60.0,33.0,32.0,24.0,35.0,37.0,17.0,45.0,46.0,27.0,19.0,15.0,14.0,17.0,16.0,14.0,16.0,16.0,16.0,11.0,15.0,8.0,16.0,11.0,15.0,7.0,16.0,50.0,12.0,45.0,35.0,12.0,18.0,36.0,23.0,50.0,72.0,66.0,79.0,134.0,161.0,173.0,255.0,211.0,220.0,188.0,208.0,179.0,52.0,56.0,44.0,34.0,36.0,34.0,51.0,12.0,34.0,41.0,39.0,68.0,121.0,235.0,232.0,225.0,293.0,330.0,328.0,315.0,285.0,284.0,195.0,136.0,178.0,227.0,180.0,146.0,230.0,254.0,197.0,150.0,208.0,156.0,135.0,220.0,170.0,135.0,161.0,160.0,157.0,176.0,154.0,111.0,113.0,66.0,94.0,79.0,72.0,29.0,62.0,24.0,88.0,61.0,61.0,21.0,44.0,54.0,73.0,64.0,48.0,40.0,31.0,44.0,26.0,30.0,20.0,47.0,20.0,62.0,37.0,57.0,40.0,14.0,21.0,31.0,55.0,70.0,75.0,31.0,39.0,58.0,64.0,57.0,26.0,40.0,27.0,19.0,30.0
26.0,28.0,34.0,34.0,28.0,26.0,14.0,15.0,13.0,9.0,14.0,16.0,28.0,14.0,22.0,12.0,31.0,22.0,10.0,23.0,15.0,15.0,22.0,24.0,29.0,39.0,35.0,20.0,17.0,31.0,19.0,10.0,9.0,17.0,14.0,28.0,32.0,44.0,38.0,48.0,44.0,40.0,39.0,51.0,38.0,29.0,20.0,22.0,21.0,35.0,21.0,16.0,18.0,19.0,16.0,44.0,26.0,42.0,22.0,15.0,16.0,14.0,15.0,19.0,19.0,8.0,20.0,39.0,41.0,40.0,27.0,24.0,33.0,44.0,22.0,33.0,78.0,159.0,174.0,210.0,310.0,319.0,218.0,276.0,174.0,84.0,53.0,57.0,30.0,34.0,55.0,18.0,34.0,11.0,22.0,23.0,18.0,24.0,52.0,83.0,130.0,171.0,133.0,232.0,225.0,168.0,217.0,321.0,228.0,272.0,242.0,266.0,239.0,189.0,136.0,179.0,146.0,141.0,139.0,181.0,133.0,103.0,142.0,149.0,92.0,135.0,122.0,135.0,130.0,140.0,116.0,122.0,110.0,129.0,78.0,24.0,59.0,27.0,68.0,84.0,24.0,60.0,40.0,55.0,31.0,52.0,60.0,48.0,48.0,30.0,48.0,29.0,36.0,43.0,27.0,35.0,24.0,47.0,72.0,47.0,25.0,32.0,21.0,22.0,13.0,5.0,13.0,12.0,50.0,41.0,24.0,22.0
64.0,52.0,75.0,41.0,29.0,46.0,40.0,42.0,37.0,22.0,26.0,28.0,25.0,23.0,24.0,27.0,51.0,59.0,95.0,98.0,32.0,42.0,24.0,57.0,60.0,32.0,71.0,63.0,51.0,106.0,50.0,42.0,42.0,55.0,67.0,62.0,27.0,24.0,49.0,56.0,53.0,42.0,26.0,21.0,32.0,16.0,26.0,28.0,23.0,19.0,40.0,16.0,34.0,21.0,64.0,18.0,22.0,16.0,31.0,44.0,31.0,38.0,27.0,11.0,20.0,46.0,18.0,26.0,16.0,29.0,37.0,40.0,41.0,35.0,30.0,18.0,39.0,18.0,52.0,44.0,45.0,43.0,98.0,74.0,53.0,56.0,51.0,58.0,83.0,80.0,56.0,33.0,47.0,93.0,206.0,284.0,355.0,327.0,368.0,342.0,273.0,323.0,263.0,163.0,61.0,69.0,61.0,43.0,49.0,50.0,32.0,32.0,50.0,81.0,82.0,76.0,119.0,148.0,177.0,240.0,251.0,261.0,270.0,302.0,295.0,275.0,257.0,266.0,184.0,192.0,214.0,232.0,202.0,153.0,218.0,183.0,159.0,147.0,221.0,167.0,127.0,169.0,170.0,179.0,153.0,200.0,160.0,146.0,112.0,123.0,78.0,90.0,50.0,78.0,77.0,59.0,59.0,55.0,70.0,91.0,82.0,74.0,108.0,94.0,78.0,88.0,45.0,52.0,38.0,81.0,50.0,26.0
9.0,26.0,38.0,11.0,11.0,15.0,12.0,9.0,8.0,13.0,9.0,15.0,23.0,18.0,11.0,14.0,15.0,22.0,14.0,14.0,14.0,7.0,15.0,14.0,17.0,22.0,24.0,26.0,25.0,13.0,15.0,18.0,23.0,26.0,29.0,48.0,41.0,15.0,21.0,28.0,25.0,17.0,15.0,17.0,15.0,11.0,26.0,25.0,11.0,16.0,16.0,15.0,47.0,12.0,43.0,17.0,54.0,11.0,16.0,12.0,19.0,26.0,16.0,5.0,8.0,11.0,9.0,8.0,5.0,8.0,9.0,4.0,13.0,5.0,4.0,12.0,17.0,9.0,22.0,18.0,19.0,15.0,14.0,9.0,11.0,31.0,27.0,38.0,32.0,17.0,19.0,32.0,22.0,14.0,26.0,16.0,104.0,182.0,159.0,219.0,225.0,124.0,113.0,58.0,36.0,39.0,34.0,17.0,51.0,12.0,11.0,28.0,36.0,15.0,7.0,51.0,17.0,66.0,183.0,184.0,277.0,276.0,288.0,345.0,427.0,339.0,279.0,232.0,297.0,207.0,194.0,271.0,219.0,167.0,221.0,182.0,131.0,172.0,145.0,161.0,194.0,152.0,143.0,128.0,125.0,125.0,94.0,32.0,51.0,38.0,51.0,58.0,36.0,33.0,33.0,42.0,35.0,40.0,26.0,41.0,28.0,35.0,27.0,42.0,44.0,36.0,27.0,51.0,36.0,38.0,32.0,20.0
22.0,27.0,19.0,21.0,23.0,11.0,21.0,44.0,57.0,33.0,20.0,22.0,21.0,57.0,22.0,32.0,30.0,36.0,22.0,28.0,31.0,47.0,13.0,11.0,15.0,31.0,19.0,18.0,19.0,12.0,13.0,14.0,12.0,7.0,12.0,19.0,10.0,13.0,13.0,22.0,12.0,30.0,46.0,49.0,43.0,11.0,17.0,8.0,8.0,21.0,15.0,22.0,23.0,19.0,15.0,16.0,12.0,13.0,10.0,11.0,7.0,9.0,10.0,15.0,13.0,12.0,18.0,21.0,14.0,20.0,32.0,19.0,19.0,28.0,14.0,13.0,10.0,17.0,10.0,51.0,34.0,91.0,103.0,190.0,204.0,200.0,260.0,267.0,209.0,267.0,161.0,104.0,43.0,70.0,27.0,38.0,35.0,19.0,20.0,24.0,33.0,24.0,11.0,24.0,33.0,98.0,140.0,131.0,217.0,243.0,227.0,225.0,323.0,249.0,197.0,208.0,202.0,199.0,166.0,234.0,196.0,157.0,169.0,192.0,159.0,168.0,177.0,171.0,139.0,198.0,154.0,170.0,184.0,121.0,98.0,111.0,95.0,62.0,37.0,25.0,34.0,39.0,32.0,49.0,23.0,33.0,35.0,36.0,12.0,59.0,44.0,49.0,16.0,22.0,20.0,16.0,39.0,53.0,59.0,18.0,58.0,46.0,58.0,77.0,31.0,20.0,21.0,26.0,26.0,8.0,13.0,23.0
9.0,12.0,12.0,13.0,15.0,15.0,20.0,22.0,19.0,15.0,20.0,14.0,37.0,21.0,32.0,44.0,41.0,64.0,50.0,44.0,26.0,36.0,28.0,28.0,26.0,19.0,32.0,23.0,32.0,20.0,27.0,23.0,21.0,27.0,19.0,23.0,25.0,21.0,21.0,18.0,12.0,14.0,9.0,12.0,12.0,30.0,40.0,20.0,23.0,15.0,58.0,35.0,44.0,13.0,11.0,18.0,7.0,19.0,18.0,15.0,34.0,31.0,37.0,42.0,20.0,17.0,18.0,34.0,37.0,42.0,28.0,18.0,18.0,16.0,15.0,23.0,18.0,15.0,24.0,31.0,31.0,28.0,13.0,15.0,18.0,14.0,14.0,15.0,24.0,17.0,16.0,27.0,23.0,16.0,16.0,23.0,34.0,12.0,32.0,33.0,12.0,25.0,16.0,17.0,68.0,133.0,202.0,271.0,278.0,254.0,321.0,250.0,274.0,243.0,217.0,74.0,44.0,54.0,56.0,22.0,56.0,36.0,12.0,34.0,12.0,19.0,17.0,30.0,28.0,84.0,164.0,160.0,243.0,230.0,248.0,287.0,324.0,339.0,260.0,300.0,261.0,199.0,190.0,295.0,186.0,206.0,198.0,252.0,179.0,156.0,264.0,154.0,170.0,197.0,157.0,156.0,187.0,139.0,152.0,150.0,123.0,102.0,120.0,71.0,90.0,33.0,28.0,38.0,13.0,56.0,59.0,42.0
99.0,30.0,34.0,17.0,12.0,22.0,18.0,13.0,13.0,23.0,11.0,24.0,14.0,21.0,24.0,35.0,32.0,30.0,17.0,21.0,48.0,23.0,26.0,22.0,19.0,27.0,21.0,54.0,50.0,34.0,36.0,22.0,30.0,52.0,27.0,18.0,30.0,22.0,31.0,26.0,21.0,72.0,39.0,52.0,32.0,59.0,17.0,52.0,47.0,34.0,29.0,24.0,13.0,19.0,19.0,16.0,25.0,25.0,30.0,19.0,27.0,15.0,24.0,25.0,21.0,44.0,49.0,25.0,36.0,21.0,18.0,22.0,38.0,29.0,142.0,150.0,167.0,210.0,183.0,165.0,168.0,123.0,67.0,41.0,58.0,45.0,31.0,51.0,21.0,27.0,54.0,18.0,24.0,29.0,40.0,53.0,42.0,59.0,109.0,117.0,243.0,244.0,260.0,249.0,348.0,303.0,275.0,181.0,215.0,199.0,140.0,183.0,184.0,161.0,136.0,161.0,157.0,109.0,159.0,121.0,110.0,149.0,101.0,119.0,133.0,82.0,91.0,159.0,77.0,96.0,48.0,77.0,56.0,32.0,35.0,35.0,56.0,46.0,68.0,66.0,74.0,54.0,66.0,70.0,55.0,51.0,49.0,83.0,43.0,54.0,55.0,87.0,78.0,52.0,24.0,58.0,33.0,38.0,31.0,51.0,36.0,29.0,22.0,13.0,20.0,21.0,26.0,40.0,15.0,19.0,15.0,19.0
13.0,12.0,32.0,22.0,19.0,8.0,15.0,12.0,15.0,13.0,15.0,22.0,14.0,10.0,15.0,11.0,12.0,33.0,23.0,16.0,12.0,29.0,33.0,23.0,19.0,19.0,11.0,15.0,17.0,11.0,10.0,27.0,24.0,26.0,21.0,45.0,25.0,26.0,27.0,26.0,29.0,20.0,19.0,10.0,12.0,22.0,38.0,26.0,20.0,15.0,62.0,33.0,23.0,20.0,11.0,22.0,14.0,19.0,29.0,15.0,15.0,21.0,22.0,12.0,16.0,13.0,8.0,10.0,16.0,11.0,12.0,11.0,21.0,17.0,21.0,20.0,27.0,23.0,34.0,24.0,51.0,25.0,31.0,26.0,18.0,16.0,18.0,18.0,17.0,18.0,10.0,15.0,20.0,10.0,19.0,21.0,10.0,17.0,8.0,39.0,29.0,14.0,10.0,14.0,15.0,40.0,23.0,58.0,90.0,166.0,190.0,234.0,228.0,236.0,249.0,206.0,258.0,193.0,149.0,85.0,59.0,56.0,30.0,42.0,32.0,37.0,22.0,16.0,24.0,15.0,7.0,40.0,27.0,90.0,143.0,204.0,238.0,270.0,237.0,235.0,272.0,225.0,182.0,167.0,216.0,186.0,170.0,186.0,229.0,154.0,148.0,215.0,173.0,141.0,189.0,206.0,112.0,204.0,171.0,142.0,166.0,120.0,88.0,126.0,132.0,85.0,99.0,35.0,40.0,67.0,53.0,67.0
18.0,13.0,12.0,5.0,6.0,7.0,15.0,14.0,24.0,10.0,3.0,15.0,6.0,15.0,13.0,9.0,14.0,44.0,25.0,7.0,22.0,34.0,34.0,33.0,2.0,13.0,7.0,9.0,14.0,17.0,14.0,14.0,9.0,13.0,14.0,19.0,10.0,22.0,24.0,21.0,11.0,6.0,13.0,6.0,12.0,21.0,10.0,11.0,34.0,25.0,35.0,27.0,9.0,19.0,7.0,18.0,11.0,17.0,20.0,11.0,17.0,12.0,11.0,10.0,13.0,11.0,12.0,10.0,14.0,11.0,15.0,18.0,18.0,18.0,22.0,25.0,16.0,40.0,45.0,47.0,35.0,26.0,12.0,17.0,16.0,27.0,15.0,16.0,23.0,38.0,52.0,14.0,23.0,22.0,11.0,24.0,21.0,36.0,24.0,54.0,119.0,163.0,212.0,195.0,209.0,214.0,207.0,153.0,118.0,50.0,47.0,32.0,45.0,26.0,31.0,36.0,25.0,26.0,19.0,17.0,39.0,35.0,71.0,93.0,185.0,193.0,209.0,225.0,221.0,328.0,360.0,287.0,260.0,230.0,174.0,171.0,243.0,194.0,152.0,193.0,194.0,126.0,175.0,204.0,151.0,127.0,162.0,132.0,115.0,182.0,118.0,135.0,138.0,83.0,117.0,92.0,110.0,79.0,74.0,62.0,25.0,33.0,51.0,45.0,17.0,31.0,69.0,79.0,46.0,69.0,50.0,42.0
50.0,47.0,47.0,42.0,31.0,29.0,26.0,37.0,39.0,28.0,75.0,42.0,26.0,40.0,46.0,21.0,97.0,68.0,35.0,76.0,36.0,17.0,48.0,50.0,46.0,69.0,28.0,16.0,14.0,34.0,66.0,16.0,24.0,35.0,22.0,23.0,18.0,20.0,25.0,69.0,41.0,30.0,45.0,60.0,13.0,14.0,14.0,22.0,25.0,17.0,23.0,25.0,17.0,19.0,17.0,9.0,17.0,13.0,18.0,31.0,49.0,50.0,17.0,18.0,19.0,25.0,40.0,26.0,50.0,39.0,49.0,21.0,30.0,43.0,23.0,25.0,27.0,58.0,52.0,26.0,22.0,21.0,22.0,21.0,35.0,19.0,30.0,67.0,48.0,89.0,32.0,12.0,16.0,31.0,30.0,18.0,19.0,24.0,38.0,42.0,70.0,122.0,146.0,167.0,176.0,199.0,143.0,117.0,128.0,70.0,48.0,37.0,41.0,34.0,24.0,47.0,42.0,69.0,61.0,45.0,80.0,37.0,101.0,138.0,164.0,223.0,186.0,210.0,238.0,207.0,234.0,192.0,153.0,199.0,204.0,160.0,148.0,186.0,147.0,151.0,135.0,144.0,160.0,153.0,158.0,148.0,157.0,126.0,138.0,127.0,85.0,133.0,108.0,86.0,107.0,64.0,74.0,46.0,29.0,47.0,31.0,40.0,27.0,31.0,23.0,62.0,52.0,30.0,40.0,27.0,25.0,40.0
14.0,22.0,13.0,15.0,17.0,33.0,25.0,34.0,15.0,15.0,14.0,16.0,9.0,17.0,16.0,6.0,14.0,15.0,15.0,9.0,18.0,13.0,25.0,14.0,17.0,20.0,17.0,27.0,27.0,23.0,38.0,36.0,30.0,34.0,42.0,31.0,44.0,45.0,31.0,36.0,42.0,23.0,24.0,55.0,45.0,44.0,47.0,57.0,21.0,33.0,18.0,22.0,20.0,17.0,31.0,19.0,13.0,18.0,17.0,15.0,27.0,17.0,24.0,51.0,38.0,27.0,30.0,48.0,68.0,42.0,47.0,53.0,46.0,34.0,76.0,80.0,59.0,47.0,26.0,28.0,21.0,69.0,49.0,93.0,136.0,122.0,188.0,161.0,182.0,178.0,189.0,149.0,128.0,130.0,40.0,27.0,41.0,43.0,43.0,41.0,35.0,21.0,27.0,32.0,14.0,32.0,56.0,105.0,125.0,178.0,208.0,189.0,199.0,240.0,185.0,193.0,201.0,194.0,152.0,209.0,199.0,143.0,166.0,194.0,158.0,128.0,208.0,116.0,121.0,153.0,122.0,134.0,144.0,123.0,129.0,134.0,86.0,126.0,142.0,100.0,112.0,76.0,64.0,34.0,36.0,58.0,37.0,52.0,55.0,31.0,56.0,56.0,52.0,54.0,88.0,52.0,73.0,56.0,49.0,27.0,22.0,40.0,75.0,41.0,47.0,66.0,18.0,26.0,44.0,33.0,72.0,24.0
24.0,45.0,25.0,27.0,26.0,33.0,32.0,14.0,26.0,19.0,15.0,15.0,16.0,34.0,27.0,33.0,18.0,18.0,17.0,17.0,19.0,15.0,10.0,17.0,17.0,18.0,15.0,19.0,8.0,12.0,20.0,24.0,10.0,13.0,10.0,16.0,25.0,17.0,23.0,5.0,15.0,15.0,14.0,5.0,11.0,6.0,12.0,8.0,11.0,14.0,13.0,24.0,12.0,23.0,13.0,14.0,20.0,26.0,25.0,31.0,23.0,26.0,10.0,38.0,20.0,24.0,14.0,26.0,11.0,15.0,17.0,12.0,16.0,13.0,12.0,17.0,4.0,15.0,16.0,8.0,12.0,26.0,14.0,21.0,20.0,27.0,19.0,25.0,42.0,29.0,33.0,34.0,26.0,26.0,15.0,76.0,122.0,134.0,181.0,153.0,128.0,116.0,100.0,59.0,42.0,60.0,11.0,38.0,48.0,41.0,29.0,29.0,54.0,19.0,23.0,28.0,23.0,36.0,49.0,174.0,165.0,211.0,221.0,212.0,217.0,337.0,368.0,342.0,315.0,295.0,361.0,303.0,199.0,212.0,246.0,158.0,137.0,177.0,188.0,133.0,155.0,205.0,126.0,129.0,164.0,149.0,172.0,134.0,147.0,145.0,98.0,68.0,89.0,35.0,23.0,56.0,65.0,62.0,29.0,57.0,43.0,51.0,53.0,11.0,59.0,39.0,73.0,55.0,44.0,21.0,75.0,70.0
9.0,12.0,9.0,22.0,14.0,8.0,15.0,5.0,15.0,13.0,13.0,7.0,7.0,10.0,13.0,14.0,14.0,14.0,19.0,10.0,14.0,22.0,11.0,15.0,13.0,15.0,2.0,12.0,6.0,8.0,12.0,5.0,9.0,7.0,5.0,20.0,6.0,9.0,17.0,7.0,13.0,11.0,15.0,22.0,19.0,10.0,19.0,5.0,13.0,7.0,17.0,12.0,25.0,13.0,9.0,11.0,14.0,8.0,17.0,20.0,11.0,14.0,11.0,11.0,16.0,22.0,12.0,15.0,14.0,25.0,15.0,11.0,15.0,32.0,60.0,106.0,139.0,102.0,125.0,146.0,105.0,133.0,110.0,62.0,70.0,38.0,30.0,43.0,51.0,30.0,41.0,28.0,24.0,35.0,26.0,21.0,22.0,36.0,24.0,81.0,144.0,149.0,175.0,229.0,218.0,204.0,202.0,195.0,156.0,161.0,169.0,155.0,115.0,206.0,157.0,129.0,157.0,177.0,111.0,150.0,111.0,129.0,129.0,133.0,106.0,139.0,138.0,82.0,148.0,109.0,91.0,79.0,36.0,79.0,29.0,37.0,44.0,18.0,48.0,23.0,44.0,33.0,62.0,31.0,36.0,34.0,63.0,43.0,54.0,42.0,65.0,36.0,99.0,36.0,38.0,24.0,42.0,49.0,40.0,12.0,12.0,15.0,24.0,37.0,16.0,31.0,12.0,7.0,38.0,13.0,14.0,29.0
36.0,27.0,21.0,18.0,16.0,12.0,16.0,28.0,21.0,15.0,24.0,13.0,14.0,15.0,12.0,14.0,11.0,13.0,11.0,8.0,25.0,28.0,14.0,10.0,16.0,9.0,16.0,21.0,31.0,11.0,12.0,30.0,41.0,22.0,14.0,8.0,16.0,16.0,17.0,24.0,22.0,13.0,8.0,18.0,19.0,12.0,13.0,8.0,25.0,40.0,39.0,21.0,28.0,20.0,18.0,19.0,27.0,23.0,8.0,24.0,23.0,28.0,34.0,36.0,22.0,28.0,34.0,26.0,23.0,26.0,17.0,25.0,23.0,19.0,23.0,27.0,59.0,55.0,148.0,159.0,201.0,193.0,210.0,210.0,200.0,214.0,158.0,50.0,50.0,50.0,24.0,40.0,42.0,23.0,39.0,26.0,29.0,57.0,52.0,112.0,146.0,167.0,192.0,200.0,223.0,196.0,277.0,268.0,229.0,160.0,200.0,172.0,148.0,111.0,173.0,146.0,93.0,155.0,151.0,126.0,137.0,112.0,112.0,102.0,118.0,99.0,119.0,130.0,70.0,105.0,86.0,61.0,69.0,35.0,48.0,33.0,31.0,33.0,27.0,53.0,18.0,34.0,20.0,38.0,13.0,32.0,20.0,29.0,32.0,45.0,23.0,36.0,12.0,22.0,27.0,48.0,11.0,46.0,31.0,19.0,23.0,22.0,31.0,30.0,14.0,12.0,16.0,28.0,19.0,34.0,13.0,6.0
12.0,8.0,10.0,17.0,15.0,15.0,15.0,7.0,6.0,13.0,12.0,18.0,8.0,10.0,12.0,8.0,14.0,13.0,15.0,10.0,9.0,12.0,3.0,4.0,12.0,3.0,12.0,4.0,19.0,12.0,14.0,19.0,16.0,9.0,22.0,23.0,16.0,5.0,12.0,11.0,11.0,9.0,4.0,13.0,10.0,9.0,10.0,18.0,9.0,15.0,14.0,15.0,14.0,19.0,32.0,36.0,39.0,28.0,21.0,19.0,41.0,16.0,32.0,25.0,29.0,28.0,40.0,41.0,28.0,33.0,28.0,27.0,31.0,31.0,17.0,18.0,19.0,30.0,18.0,9.0,23.0,23.0,12.0,17.0,24.0,24.0,19.0,25.0,28.0,28.0,13.0,11.0,19.0,27.0,16.0,26.0,13.0,22.0,19.0,29.0,35.0,37.0,40.0,95.0,93.0,139.0,151.0,130.0,177.0,168.0,144.0,170.0,163.0,61.0,82.0,42.0,15.0,29.0,31.0,21.0,36.0,17.0,36.0,95.0,70.0,169.0,172.0,168.0,173.0,225.0,230.0,202.0,202.0,220.0,168.0,155.0,218.0,161.0,158.0,175.0,202.0,120.0,195.0,145.0,117.0,111.0,124.0,112.0,118.0,90.0,97.0,102.0,93.0,38.0,78.0,54.0,30.0,41.0,18.0,42.0,70.0,13.0,48.0,37.0,23.0,35.0,53.0,32.0,21.0,22.0,22.0,20.0
30.0,39.0,45.0,31.0,49.0,49.0,46.0,44.0,31.0,33.0,25.0,15.0,21.0,20.0,22.0,37.0,34.0,32.0,32.0,30.0,28.0,27.0,23.0,26.0,25.0,31.0,38.0,26.0,49.0,26.0,36.0,33.0,19.0,15.0,23.0,15.0,36.0,17.0,40.0,34.0,25.0,13.0,20.0,21.0,17.0,30.0,62.0,30.0,63.0,54.0,36.0,21.0,28.0,22.0,29.0,56.0,41.0,32.0,47.0,34.0,27.0,27.0,24.0,19.0,40.0,30.0,20.0,27.0,27.0,31.0,27.0,21.0,19.0,17.0,21.0,33.0,22.0,14.0,31.0,83.0,129.0,169.0,172.0,290.0,268.0,234.0,279.0,281.0,227.0,194.0,192.0,93.0,45.0,46.0,29.0,23.0,23.0,44.0,26.0,45.0,18.0,17.0,18.0,19.0,40.0,103.0,104.0,172.0,172.0,179.0,147.0,233.0,230.0,185.0,163.0,222.0,201.0,159.0,120.0,174.0,169.0,108.0,103.0,159.0,141.0,88.0,116.0,149.0,109.0,126.0,82.0,93.0,85.0,95.0,101.0,123.0,124.0,84.0,126.0,106.0,80.0,85.0,38.0,50.0,25.0,70.0,57.0,71.0,55.0,24.0,40.0,33.0,45.0,73.0,34.0,39.0,28.0,91.0,48.0,70.0,54.0,26.0,40.0,37.0,41.0,69.0,35.0,58.0,66.0,30.0,43.0,29.0
18.0,10.0,12.0,16.0,23.0,18.0,21.0,24.0,34.0,35.0,37.0,24.0,18.0,17.0,16.0,25.0,24.0,24.0,22.0,25.0,17.0,21.0,14.0,12.0,34.0,21.0,25.0,25.0,38.0,43.0,28.0,31.0,26.0,27.0,22.0,22.0,12.0,20.0,23.0,42.0,45.0,46.0,28.0,26.0,23.0,25.0,10.0,19.0,29.0,13.0,23.0,18.0,27.0,31.0,13.0,31.0,17.0,22.0,18.0,13.0,21.0,32.0,25.0,40.0,67.0,95.0,141.0,138.0,136.0,155.0,155.0,139.0,129.0,115.0,85.0,81.0,75.0,34.0,34.0,32.0,28.0,22.0,21.0,25.0,42.0,15.0,30.0,54.0,68.0,115.0,93.0,144.0,161.0,154.0,148.0,201.0,161.0,143.0,181.0,156.0,125.0,154.0,141.0,137.0,126.0,174.0,122.0,120.0,155.0,147.0,118.0,154.0,138.0,99.0,138.0,112.0,95.0,103.0,98.0,63.0,94.0,47.0,56.0,47.0,30.0,41.0,21.0,34.0,44.0,32.0,40.0,35.0,46.0,25.0,36.0,19.0,35.0,36.0,14.0,20.0,13.0,16.0,9.0,17.0,13.0,22.0,36.0,62.0,52.0,17.0,26.0,59.0,19.0,46.0,4.0,16.0,21.0,22.0,19.0,14.0,13.0,16.0,14.0,13.0,12.0,15.0,17.0,13.0,14.0,16.0,12.0,12.0
14.0,16.0,20.0,12.0,12.0,13.0,19.0,19.0,17.0,21.0,14.0,18.0,25.0,18.0,13.0,14.0,25.0,32.0,20.0,27.0,21.0,19.0,16.0,22.0,15.0,19.0,13.0,13.0,16.0,27.0,29.0,26.0,19.0,24.0,16.0,17.0,8.0,19.0,11.0,19.0,19.0,5.0,10.0,5.0,13.0,17.0,18.0,14.0,25.0,15.0,21.0,34.0,18.0,32.0,26.0,21.0,12.0,15.0,14.0,13.0,13.0,16.0,20.0,17.0,26.0,13.0,13.0,23.0,14.0,32.0,49.0,89.0,66.0,156.0,152.0,141.0,141.0,149.0,112.0,95.0,87.0,56.0,34.0,67.0,40.0,23.0,33.0,21.0,29.0,25.0,20.0,32.0,24.0,89.0,107.0,116.0,166.0,223.0,220.0,224.0,233.0,149.0,151.0,149.0,157.0,175.0,136.0,159.0,152.0,99.0,124.0,113.0,89.0,112.0,104.0,77.0,126.0,111.0,84.0,78.0,65.0,71.0,70.0,24.0,32.0,20.0,37.0,32.0,19.0,32.0,21.0,31.0,21.0,31.0,20.0,22.0,39.0,14.0,31.0,30.0,34.0,10.0,29.0,21.0,47.0,56.0,41.0,46.0,27.0,15.0,29.0,12.0,4.0,18.0,34.0,14.0,50.0,38.0,10.0,17.0,9.0,9.0,34.0,20.0,15.0,15.0,32.0,8.0,3.0,14.0,10.0,18.0
