29.0,84.0,35.0,228.0,274.0,117.0,197.0,194.0,156.0,107.0,116.0,166.0,188.0,297.0,244.0,218.0,157.0,112.0,100.0,197.0,188.0,183.0,185.0,169.0,180.0,237.0,225.0,161.0,174.0,103.0,54.0,122.0,31.0,66.0,41.0,73.0,40.0,28.0,58.0,27.0,67.0,84.0,66.0,47.0,82.0,37.0,30.0,51.0,61.0,42.0,54.0,45.0,55.0,68.0,53.0,60.0,68.0,47.0,54.0,22.0,27.0,95.0,25.0,55.0,86.0,58.0,42.0,24.0,51.0,21.0,98.0,64.0,51.0,69.0,75.0,74.0,75.0,21.0,29.0,27.0,70.0,88.0,170.0,229.0,118.0,141.0,96.0,102.0,103.0,55.0,133.0,84.0,107.0,73.0,53.0,26.0,93.0,47.0,93.0,45.0,54.0,113.0,82.0,52.0,83.0,53.0,24.0,31.0,18.0,63.0,78.0,82.0,97.0,101.0,147.0,179.0,132.0,86.0,97.0,62.0,143.0,155.0,52.0,190.0,116.0,39.0,145.0,201.0,123.0,174.0,99.0,74.0,72.0,94.0,142.0,77.0,36.0,64.0,73.0,34.0,93.0,81.0,41.0,74.0,49.0,75.0,58.0,33.0,87.0,133.0,138.0,110.0,91.0,64.0,53.0,100.0,82.0,100.0,44.0,70.0,69.0,60.0,63.0,90.0,25.0,44.0,42.0,46.0,64.0,58.0,42.0,44.0
65.0,52.0,41.0,45.0,27.0,53.0,31.0,48.0,21.0,52.0,34.0,51.0,28.0,37.0,26.0,39.0,30.0,56.0,40.0,37.0,64.0,61.0,44.0,38.0,65.0,47.0,44.0,45.0,38.0,56.0,57.0,55.0,60.0,74.0,29.0,38.0,52.0,135.0,137.0,79.0,80.0,90.0,86.0,67.0,85.0,57.0,82.0,53.0,80.0,86.0,53.0,57.0,38.0,98.0,98.0,65.0,37.0,52.0,50.0,64.0,99.0,37.0,47.0,46.0,52.0,52.0,47.0,26.0,75.0,51.0,40.0,46.0,54.0,49.0,51.0,53.0,72.0,47.0,79.0,30.0,36.0,35.0,55.0,28.0,42.0,41.0,36.0,64.0,23.0,50.0,37.0,55.0,66.0,31.0,31.0,36.0,23.0,28.0,27.0,30.0,201.0,310.0,491.0,643.0,604.0,764.0,713.0,770.0,762.0,675.0,443.0,609.0,545.0,413.0,545.0,425.0,578.0,434.0,423.0,402.0,227.0,257.0,267.0,246.0,150.0,83.0,170.0,214.0,180.0,234.0,204.0,238.0,248.0,358.0,324.0,358.0,498.0,578.0,593.0,656.0,719.0,802.0,807.0,675.0,638.0,825.0,801.0,667.0,512.0,460.0,284.0,229.0,320.0,472.0,235.0,456.0,463.0,404.0,645.0,547.0,579.0,375.0,301.0,310.0,162.0,211.0,120.0,182.0,145.0,131.0,142.0,123.0
39.0,23.0,96.0,54.0,44.0,117.0,54.0,88.0,52.0,46.0,49.0,23.0,53.0,93.0,16.0,28.0,32.0,56.0,50.0,31.0,37.0,92.0,76.0,81.0,59.0,42.0,48.0,87.0,42.0,41.0,49.0,48.0,100.0,83.0,46.0,68.0,54.0,51.0,37.0,46.0,46.0,55.0,27.0,46.0,39.0,32.0,35.0,38.0,24.0,64.0,43.0,68.0,32.0,51.0,41.0,50.0,65.0,75.0,42.0,16.0,37.0,118.0,188.0,224.0,323.0,476.0,623.0,623.0,593.0,575.0,639.0,619.0,504.0,539.0,476.0,424.0,383.0,308.0,435.0,239.0,130.0,91.0,126.0,183.0,151.0,188.0,119.0,119.0,60.0,95.0,111.0,68.0,101.0,181.0,157.0,142.0,208.0,183.0,297.0,269.0,224.0,329.0,301.0,242.0,317.0,325.0,250.0,330.0,312.0,277.0,304.0,355.0,345.0,407.0,319.0,161.0,239.0,228.0,242.0,308.0,195.0,174.0,127.0,138.0,177.0,109.0,110.0,82.0,36.0,39.0,89.0,58.0,96.0,35.0,15.0,34.0,49.0,37.0,58.0,19.0,112.0,64.0,113.0,17.0,42.0,38.0,20.0,52.0,32.0,24.0,53.0,27.0,59.0,43.0,56.0,29.0,78.0,51.0,44.0,46.0,92.0,35.0,66.0,45.0,97.0,14.0,32.0,28.0,25.0,32.0,32.0,39.0
30.0,17.0,26.0,66.0,27.0,97.0,46.0,47.0,47.0,37.0,65.0,31.0,45.0,33.0,57.0,16.0,85.0,27.0,97.0,29.0,16.0,18.0,21.0,63.0,62.0,47.0,76.0,51.0,28.0,75.0,39.0,47.0,51.0,20.0,46.0,53.0,61.0,25.0,28.0,26.0,23.0,29.0,46.0,40.0,46.0,32.0,50.0,42.0,33.0,65.0,39.0,48.0,100.0,123.0,196.0,356.0,410.0,438.0,476.0,608.0,732.0,646.0,550.0,533.0,561.0,646.0,392.0,152.0,310.0,178.0,137.0,136.0,239.0,140.0,210.0,158.0,109.0,65.0,88.0,106.0,104.0,64.0,64.0,91.0,133.0,124.0,109.0,120.0,159.0,256.0,310.0,398.0,380.0,253.0,527.0,419.0,423.0,466.0,224.0,208.0,292.0,250.0,391.0,399.0,231.0,399.0,264.0,266.0,343.0,213.0,173.0,201.0,187.0,178.0,194.0,118.0,131.0,164.0,99.0,158.0,89.0,60.0,95.0,84.0,70.0,118.0,84.0,43.0,87.0,67.0,38.0,74.0,56.0,56.0,65.0,182.0,159.0,66.0,51.0,49.0,41.0,117.0,26.0,36.0,40.0,25.0,52.0,50.0,42.0,41.0,23.0,42.0,26.0,35.0,39.0,47.0,34.0,39.0,48.0,40.0,52.0,69.0,51.0,78.0,107.0,87.0,66.0,97.0,128.0,125.0,66.0,47.0
18.0,32.0,30.0,57.0,23.0,57.0,90.0,100.0,117.0,81.0,50.0,69.0,53.0,14.0,21.0,16.0,35.0,16.0,21.0,23.0,43.0,23.0,30.0,21.0,40.0,26.0,31.0,79.0,42.0,65.0,42.0,20.0,38.0,50.0,28.0,38.0,63.0,49.0,45.0,40.0,57.0,28.0,18.0,42.0,49.0,13.0,21.0,27.0,45.0,52.0,43.0,59.0,60.0,120.0,44.0,70.0,44.0,185.0,315.0,359.0,520.0,506.0,677.0,515.0,556.0,589.0,450.0,468.0,609.0,551.0,367.0,534.0,278.0,112.0,244.0,124.0,176.0,228.0,123.0,80.0,42.0,91.0,99.0,128.0,82.0,116.0,106.0,80.0,105.0,79.0,90.0,130.0,183.0,167.0,161.0,215.0,222.0,299.0,283.0,214.0,270.0,345.0,316.0,366.0,309.0,221.0,228.0,261.0,261.0,292.0,180.0,226.0,226.0,154.0,269.0,232.0,215.0,179.0,134.0,128.0,105.0,91.0,79.0,48.0,48.0,53.0,49.0,35.0,32.0,46.0,56.0,98.0,74.0,37.0,49.0,66.0,45.0,45.0,31.0,61.0,31.0,61.0,33.0,17.0,30.0,22.0,51.0,77.0,47.0,70.0,67.0,45.0,81.0,48.0,30.0,57.0,46.0,48.0,44.0,64.0,38.0,49.0,74.0,57.0,36.0,38.0,68.0,40.0,62.0,60.0,58.0,135.0
86.0,35.0,86.0,123.0,53.0,83.0,77.0,132.0,115.0,93.0,134.0,61.0,163.0,81.0,97.0,116.0,102.0,57.0,177.0,52.0,111.0,80.0,77.0,49.0,115.0,22.0,43.0,30.0,68.0,66.0,50.0,82.0,88.0,74.0,27.0,76.0,63.0,70.0,54.0,55.0,30.0,63.0,56.0,48.0,66.0,35.0,39.0,46.0,35.0,47.0,26.0,54.0,20.0,37.0,104.0,59.0,39.0,49.0,29.0,118.0,308.0,267.0,427.0,496.0,605.0,617.0,682.0,573.0,585.0,616.0,490.0,308.0,408.0,249.0,227.0,206.0,220.0,102.0,84.0,53.0,89.0,64.0,152.0,161.0,151.0,141.0,147.0,209.0,122.0,230.0,265.0,182.0,197.0,249.0,354.0,231.0,308.0,194.0,195.0,368.0,254.0,211.0,323.0,276.0,280.0,451.0,314.0,192.0,307.0,274.0,200.0,389.0,348.0,259.0,387.0,305.0,278.0,362.0,271.0,161.0,165.0,173.0,125.0,98.0,84.0,49.0,40.0,104.0,53.0,34.0,74.0,45.0,78.0,27.0,35.0,47.0,53.0,27.0,37.0,16.0,35.0,49.0,140.0,82.0,39.0,85.0,33.0,67.0,22.0,91.0,131.0,49.0,41.0,24.0,71.0,26.0,88.0,22.0,57.0,47.0,64.0,37.0,17.0,63.0,23.0,10.0,13.0,18.0,20.0,31.0,24.0,49.0
47.0,63.0,56.0,32.0,32.0,43.0,57.0,39.0,56.0,17.0,42.0,21.0,41.0,14.0,10.0,27.0,37.0,18.0,42.0,89.0,40.0,63.0,43.0,46.0,40.0,63.0,48.0,50.0,35.0,14.0,47.0,35.0,22.0,26.0,93.0,27.0,79.0,14.0,33.0,49.0,35.0,28.0,35.0,29.0,39.0,31.0,47.0,58.0,45.0,70.0,81.0,31.0,46.0,60.0,65.0,109.0,35.0,63.0,60.0,51.0,63.0,56.0,52.0,19.0,67.0,282.0,323.0,309.0,483.0,482.0,580.0,603.0,552.0,510.0,604.0,466.0,373.0,306.0,257.0,212.0,283.0,276.0,230.0,103.0,171.0,122.0,74.0,132.0,68.0,86.0,87.0,76.0,48.0,37.0,83.0,103.0,39.0,105.0,120.0,89.0,122.0,245.0,240.0,194.0,210.0,224.0,235.0,270.0,222.0,252.0,285.0,272.0,193.0,231.0,279.0,226.0,209.0,250.0,182.0,215.0,266.0,257.0,267.0,258.0,173.0,189.0,78.0,130.0,109.0,74.0,62.0,49.0,54.0,57.0,131.0,36.0,51.0,82.0,38.0,48.0,30.0,77.0,89.0,79.0,74.0,81.0,116.0,52.0,97.0,86.0,127.0,53.0,125.0,60.0,81.0,49.0,62.0,55.0,47.0,55.0,48.0,84.0,56.0,37.0,90.0,39.0,96.0,61.0,76.0,57.0,48.0,31.0
24.0,49.0,99.0,42.0,47.0,36.0,20.0,36.0,69.0,79.0,110.0,119.0,58.0,65.0,75.0,85.0,79.0,93.0,101.0,94.0,63.0,70.0,33.0,35.0,27.0,53.0,82.0,107.0,56.0,99.0,69.0,71.0,53.0,40.0,29.0,69.0,27.0,43.0,80.0,63.0,82.0,82.0,35.0,35.0,95.0,125.0,103.0,120.0,62.0,70.0,94.0,100.0,54.0,105.0,196.0,197.0,456.0,474.0,526.0,467.0,498.0,420.0,618.0,454.0,302.0,508.0,262.0,348.0,234.0,256.0,288.0,165.0,223.0,107.0,134.0,176.0,69.0,125.0,71.0,102.0,113.0,103.0,123.0,152.0,149.0,213.0,286.0,272.0,278.0,379.0,296.0,236.0,236.0,317.0,192.0,207.0,286.0,257.0,339.0,374.0,307.0,273.0,403.0,269.0,243.0,310.0,189.0,239.0,305.0,199.0,351.0,342.0,214.0,274.0,167.0,289.0,178.0,131.0,84.0,88.0,68.0,133.0,79.0,80.0,105.0,118.0,79.0,49.0,88.0,112.0,50.0,57.0,40.0,49.0,39.0,49.0,41.0,38.0,57.0,40.0,43.0,67.0,123.0,82.0,64.0,110.0,128.0,117.0,109.0,101.0,115.0,88.0,109.0,104.0,68.0,150.0,141.0,140.0,91.0,63.0,79.0,47.0,37.0,36.0,86.0,47.0,85.0,47.0,61.0,55.0,104.0,109.0
64.0,54.0,28.0,70.0,43.0,25.0,20.0,77.0,42.0,41.0,40.0,55.0,45.0,33.0,42.0,21.0,27.0,64.0,27.0,31.0,74.0,59.0,49.0,29.0,25.0,36.0,40.0,88.0,121.0,42.0,75.0,61.0,33.0,31.0,35.0,41.0,118.0,42.0,67.0,230.0,269.0,212.0,457.0,441.0,577.0,488.0,497.0,681.0,706.0,621.0,772.0,597.0,382.0,122.0,213.0,249.0,150.0,157.0,89.0,189.0,166.0,98.0,147.0,103.0,170.0,68.0,91.0,109.0,94.0,84.0,139.0,182.0,118.0,189.0,205.0,166.0,263.0,326.0,239.0,353.0,268.0,254.0,261.0,320.0,278.0,300.0,295.0,161.0,242.0,315.0,240.0,140.0,252.0,231.0,163.0,213.0,221.0,169.0,240.0,156.0,96.0,83.0,59.0,77.0,41.0,74.0,55.0,47.0,53.0,74.0,54.0,48.0,41.0,61.0,50.0,43.0,25.0,66.0,39.0,32.0,49.0,43.0,51.0,53.0,58.0,74.0,29.0,60.0,44.0,36.0,28.0,27.0,31.0,21.0,98.0,44.0,56.0,32.0,34.0,32.0,97.0,43.0,63.0,77.0,24.0,104.0,34.0,13.0,34.0,17.0,53.0,20.0,27.0,66.0,88.0,36.0,63.0,30.0,34.0,40.0,35.0,37.0,37.0,43.0,69.0,32.0,36.0,42.0,41.0,50.0,40.0,41.0
34.0,74.0,14.0,25.0,26.0,53.0,72.0,49.0,109.0,26.0,26.0,53.0,62.0,53.0,53.0,54.0,44.0,109.0,54.0,35.0,89.0,39.0,47.0,43.0,25.0,25.0,26.0,31.0,69.0,44.0,36.0,32.0,50.0,36.0,44.0,99.0,73.0,60.0,65.0,84.0,88.0,69.0,66.0,100.0,128.0,40.0,94.0,37.0,91.0,48.0,78.0,58.0,26.0,49.0,39.0,40.0,24.0,18.0,47.0,51.0,66.0,82.0,110.0,69.0,81.0,111.0,156.0,98.0,108.0,137.0,210.0,289.0,294.0,376.0,449.0,463.0,469.0,570.0,516.0,548.0,329.0,76.0,196.0,128.0,95.0,229.0,231.0,218.0,127.0,202.0,181.0,199.0,202.0,95.0,171.0,92.0,110.0,115.0,145.0,91.0,101.0,140.0,175.0,182.0,196.0,251.0,236.0,202.0,230.0,224.0,174.0,288.0,262.0,186.0,381.0,294.0,286.0,331.0,374.0,250.0,317.0,367.0,251.0,221.0,451.0,352.0,294.0,409.0,258.0,240.0,261.0,150.0,102.0,146.0,56.0,74.0,70.0,138.0,55.0,83.0,59.0,53.0,45.0,92.0,27.0,62.0,73.0,97.0,84.0,77.0,74.0,76.0,43.0,62.0,54.0,53.0,67.0,52.0,92.0,78.0,70.0,38.0,34.0,46.0,24.0,33.0,52.0,28.0,63.0,38.0,29.0,41.0
105.0,85.0,126.0,99.0,102.0,90.0,121.0,91.0,88.0,66.0,75.0,64.0,68.0,81.0,54.0,59.0,70.0,75.0,46.0,62.0,147.0,118.0,88.0,166.0,156.0,112.0,166.0,145.0,156.0,120.0,154.0,96.0,181.0,80.0,88.0,141.0,147.0,131.0,117.0,107.0,83.0,58.0,87.0,83.0,97.0,81.0,101.0,100.0,51.0,61.0,149.0,170.0,157.0,83.0,154.0,97.0,121.0,92.0,67.0,49.0,220.0,312.0,253.0,280.0,658.0,635.0,584.0,541.0,446.0,558.0,410.0,271.0,176.0,265.0,195.0,240.0,224.0,206.0,170.0,198.0,85.0,124.0,110.0,114.0,68.0,147.0,152.0,173.0,124.0,69.0,157.0,197.0,163.0,174.0,114.0,159.0,264.0,255.0,226.0,201.0,241.0,251.0,284.0,221.0,299.0,282.0,222.0,364.0,348.0,216.0,405.0,206.0,187.0,299.0,247.0,224.0,285.0,301.0,262.0,227.0,204.0,149.0,278.0,240.0,187.0,116.0,121.0,110.0,70.0,81.0,119.0,31.0,90.0,55.0,69.0,59.0,48.0,79.0,58.0,89.0,99.0,104.0,29.0,143.0,65.0,62.0,112.0,48.0,38.0,96.0,89.0,74.0,38.0,50.0,54.0,64.0,43.0,76.0,85.0,35.0,43.0,141.0,76.0,62.0,96.0,35.0,46.0,44.0,54.0,85.0,71.0,80.0
55.0,144.0,59.0,77.0,17.0,27.0,47.0,92.0,73.0,52.0,45.0,32.0,33.0,66.0,34.0,59.0,32.0,40.0,69.0,47.0,112.0,53.0,29.0,56.0,76.0,47.0,27.0,65.0,38.0,54.0,37.0,40.0,125.0,83.0,130.0,52.0,61.0,69.0,55.0,66.0,73.0,51.0,40.0,53.0,63.0,25.0,40.0,11.0,57.0,60.0,49.0,52.0,76.0,60.0,118.0,161.0,375.0,436.0,530.0,455.0,477.0,592.0,470.0,479.0,548.0,485.0,422.0,406.0,400.0,289.0,149.0,125.0,123.0,98.0,41.0,77.0,64.0,31.0,44.0,60.0,76.0,66.0,72.0,97.0,59.0,158.0,174.0,134.0,161.0,169.0,136.0,351.0,434.0,332.0,440.0,288.0,385.0,323.0,313.0,332.0,285.0,232.0,256.0,389.0,257.0,302.0,335.0,266.0,254.0,255.0,210.0,223.0,305.0,192.0,146.0,144.0,104.0,95.0,101.0,43.0,34.0,94.0,61.0,68.0,32.0,40.0,39.0,71.0,87.0,42.0,43.0,40.0,27.0,37.0,35.0,39.0,19.0,28.0,27.0,78.0,39.0,58.0,76.0,67.0,42.0,43.0,82.0,20.0,30.0,24.0,7.0,52.0,56.0,43.0,53.0,57.0,69.0,69.0,49.0,40.0,44.0,49.0,62.0,71.0,29.0,30.0,27.0,49.0,37.0,76.0,23.0,80.0
80.0,66.0,26.0,86.0,37.0,47.0,28.0,72.0,58.0,38.0,74.0,43.0,42.0,42.0,20.0,35.0,39.0,77.0,86.0,75.0,37.0,97.0,64.0,57.0,39.0,51.0,10.0,27.0,24.0,50.0,43.0,56.0,14.0,92.0,27.0,61.0,35.0,42.0,37.0,47.0,46.0,82.0,29.0,33.0,24.0,58.0,48.0,36.0,40.0,59.0,65.0,35.0,71.0,46.0,125.0,55.0,29.0,31.0,50.0,103.0,255.0,459.0,467.0,386.0,396.0,542.0,522.0,423.0,391.0,431.0,255.0,240.0,259.0,243.0,185.0,100.0,237.0,187.0,273.0,231.0,205.0,75.0,126.0,132.0,126.0,139.0,131.0,79.0,152.0,73.0,121.0,53.0,102.0,130.0,179.0,136.0,125.0,157.0,139.0,146.0,219.0,151.0,237.0,175.0,170.0,221.0,379.0,251.0,339.0,428.0,360.0,316.0,425.0,210.0,365.0,273.0,244.0,429.0,387.0,197.0,241.0,256.0,168.0,201.0,220.0,99.0,186.0,125.0,65.0,105.0,175.0,94.0,120.0,107.0,72.0,74.0,107.0,57.0,73.0,33.0,48.0,20.0,68.0,37.0,41.0,31.0,33.0,48.0,52.0,23.0,87.0,95.0,70.0,66.0,41.0,88.0,33.0,40.0,17.0,45.0,27.0,47.0,78.0,79.0,108.0,56.0,83.0,59.0,59.0,111.0,48.0,110.0
33.0,39.0,35.0,27.0,71.0,50.0,63.0,62.0,88.0,61.0,71.0,73.0,48.0,26.0,65.0,45.0,33.0,53.0,61.0,23.0,42.0,40.0,56.0,23.0,28.0,33.0,81.0,33.0,34.0,55.0,55.0,73.0,55.0,79.0,82.0,52.0,107.0,54.0,96.0,75.0,82.0,44.0,41.0,104.0,52.0,49.0,36.0,56.0,64.0,25.0,77.0,23.0,37.0,21.0,34.0,33.0,22.0,20.0,32.0,19.0,49.0,53.0,72.0,85.0,107.0,85.0,88.0,73.0,59.0,135.0,190.0,217.0,302.0,302.0,547.0,491.0,643.0,439.0,437.0,488.0,297.0,209.0,185.0,142.0,248.0,136.0,128.0,181.0,103.0,127.0,125.0,97.0,178.0,104.0,155.0,125.0,172.0,134.0,89.0,85.0,128.0,186.0,93.0,161.0,136.0,125.0,123.0,247.0,219.0,210.0,281.0,283.0,237.0,507.0,380.0,273.0,437.0,461.0,288.0,266.0,431.0,256.0,304.0,303.0,187.0,205.0,322.0,239.0,225.0,287.0,269.0,179.0,263.0,236.0,153.0,205.0,93.0,59.0,85.0,78.0,42.0,77.0,103.0,56.0,90.0,26.0,42.0,24.0,67.0,37.0,29.0,30.0,65.0,59.0,26.0,15.0,26.0,23.0,35.0,52.0,49.0,42.0,33.0,59.0,25.0,24.0,37.0,37.0,96.0,36.0,68.0,40.0
113.0,78.0,160.0,99.0,152.0,53.0,151.0,83.0,115.0,35.0,67.0,41.0,61.0,36.0,31.0,111.0,64.0,116.0,73.0,79.0,41.0,62.0,111.0,62.0,102.0,65.0,40.0,49.0,35.0,68.0,26.0,24.0,73.0,65.0,43.0,65.0,29.0,44.0,59.0,56.0,23.0,39.0,27.0,27.0,115.0,22.0,33.0,26.0,30.0,124.0,75.0,41.0,67.0,25.0,49.0,55.0,32.0,16.0,19.0,45.0,24.0,45.0,57.0,157.0,178.0,288.0,363.0,386.0,395.0,314.0,320.0,428.0,381.0,213.0,279.0,269.0,256.0,129.0,290.0,178.0,207.0,248.0,195.0,75.0,86.0,58.0,105.0,205.0,48.0,36.0,74.0,61.0,91.0,92.0,140.0,170.0,88.0,239.0,277.0,208.0,343.0,287.0,210.0,309.0,305.0,300.0,393.0,454.0,284.0,384.0,335.0,244.0,243.0,304.0,271.0,149.0,349.0,309.0,183.0,324.0,176.0,124.0,204.0,219.0,180.0,204.0,239.0,116.0,134.0,144.0,180.0,162.0,146.0,170.0,240.0,182.0,122.0,157.0,139.0,53.0,76.0,52.0,28.0,48.0,45.0,43.0,53.0,66.0,57.0,82.0,75.0,61.0,85.0,131.0,69.0,52.0,98.0,82.0,76.0,68.0,69.0,60.0,31.0,60.0,50.0,58.0,53.0,43.0,22.0,67.0,65.0,77.0
43.0,51.0,56.0,21.0,66.0,40.0,42.0,35.0,28.0,45.0,41.0,52.0,64.0,69.0,62.0,106.0,79.0,99.0,72.0,103.0,73.0,43.0,82.0,52.0,108.0,65.0,96.0,121.0,97.0,72.0,187.0,94.0,54.0,84.0,84.0,94.0,113.0,69.0,81.0,67.0,101.0,150.0,62.0,67.0,86.0,140.0,89.0,87.0,73.0,90.0,32.0,41.0,65.0,54.0,49.0,75.0,62.0,90.0,43.0,59.0,61.0,43.0,46.0,108.0,105.0,62.0,55.0,96.0,85.0,153.0,256.0,363.0,357.0,377.0,571.0,555.0,488.0,365.0,368.0,460.0,310.0,338.0,305.0,172.0,139.0,260.0,134.0,264.0,212.0,175.0,156.0,102.0,125.0,144.0,68.0,118.0,158.0,136.0,62.0,140.0,203.0,111.0,153.0,175.0,159.0,130.0,245.0,261.0,211.0,300.0,196.0,131.0,295.0,285.0,283.0,333.0,334.0,326.0,297.0,332.0,281.0,274.0,329.0,299.0,317.0,350.0,374.0,342.0,284.0,278.0,256.0,184.0,157.0,105.0,133.0,199.0,135.0,143.0,149.0,79.0,39.0,115.0,45.0,99.0,83.0,77.0,110.0,105.0,28.0,115.0,72.0,62.0,68.0,52.0,126.0,65.0,130.0,33.0,56.0,75.0,44.0,25.0,41.0,72.0,37.0,59.0,76.0,34.0,44.0,74.0,48.0,59.0
47.0,51.0,31.0,35.0,64.0,48.0,54.0,19.0,35.0,36.0,27.0,28.0,41.0,37.0,23.0,34.0,46.0,53.0,54.0,36.0,41.0,43.0,26.0,26.0,38.0,79.0,34.0,11.0,49.0,16.0,29.0,39.0,33.0,14.0,26.0,30.0,37.0,44.0,34.0,58.0,33.0,50.0,27.0,44.0,42.0,55.0,22.0,77.0,39.0,94.0,34.0,75.0,65.0,40.0,24.0,48.0,22.0,34.0,28.0,70.0,200.0,289.0,404.0,361.0,378.0,402.0,428.0,454.0,341.0,206.0,214.0,240.0,264.0,126.0,303.0,283.0,195.0,127.0,139.0,102.0,81.0,62.0,62.0,48.0,106.0,63.0,52.0,100.0,93.0,63.0,87.0,205.0,118.0,183.0,212.0,243.0,240.0,276.0,238.0,260.0,264.0,303.0,279.0,364.0,361.0,308.0,274.0,263.0,287.0,265.0,167.0,197.0,242.0,175.0,98.0,246.0,156.0,104.0,249.0,212.0,154.0,172.0,89.0,81.0,69.0,84.0,71.0,72.0,44.0,51.0,55.0,49.0,46.0,39.0,35.0,44.0,54.0,66.0,94.0,60.0,59.0,62.0,37.0,39.0,56.0,51.0,27.0,40.0,88.0,61.0,58.0,137.0,78.0,112.0,65.0,92.0,122.0,148.0,148.0,37.0,89.0,31.0,62.0,76.0,112.0,77.0,83.0,112.0,53.0,35.0,34.0,51.0
53.0,67.0,21.0,43.0,28.0,20.0,42.0,44.0,77.0,60.0,112.0,68.0,64.0,126.0,121.0,90.0,112.0,74.0,66.0,86.0,80.0,60.0,64.0,51.0,69.0,83.0,64.0,112.0,66.0,57.0,43.0,30.0,104.0,61.0,38.0,78.0,76.0,104.0,74.0,51.0,75.0,156.0,97.0,123.0,117.0,81.0,102.0,74.0,72.0,62.0,113.0,73.0,48.0,39.0,31.0,63.0,82.0,67.0,192.0,273.0,206.0,540.0,478.0,472.0,419.0,349.0,506.0,549.0,318.0,276.0,245.0,191.0,144.0,208.0,196.0,231.0,250.0,206.0,69.0,167.0,121.0,107.0,69.0,100.0,168.0,95.0,93.0,99.0,119.0,151.0,144.0,188.0,289.0,273.0,219.0,342.0,364.0,260.0,247.0,204.0,275.0,302.0,317.0,315.0,193.0,242.0,331.0,217.0,162.0,214.0,163.0,124.0,175.0,235.0,160.0,160.0,175.0,172.0,201.0,260.0,193.0,106.0,105.0,93.0,57.0,157.0,50.0,72.0,63.0,53.0,65.0,40.0,53.0,52.0,38.0,48.0,44.0,34.0,44.0,67.0,49.0,115.0,52.0,28.0,51.0,65.0,39.0,23.0,69.0,63.0,82.0,86.0,75.0,84.0,71.0,52.0,65.0,73.0,66.0,42.0,55.0,28.0,62.0,38.0,33.0,74.0,63.0,122.0,51.0,54.0,44.0,47.0
58.0,28.0,58.0,31.0,45.0,74.0,50.0,29.0,49.0,26.0,55.0,24.0,31.0,26.0,75.0,80.0,72.0,46.0,26.0,52.0,45.0,51.0,43.0,59.0,46.0,44.0,53.0,93.0,41.0,74.0,26.0,26.0,84.0,39.0,57.0,49.0,111.0,36.0,83.0,38.0,65.0,184.0,319.0,367.0,348.0,410.0,524.0,517.0,543.0,442.0,462.0,630.0,533.0,452.0,303.0,244.0,220.0,130.0,228.0,158.0,226.0,212.0,129.0,128.0,183.0,171.0,100.0,102.0,139.0,178.0,165.0,168.0,163.0,161.0,141.0,332.0,313.0,233.0,205.0,208.0,279.0,352.0,259.0,210.0,267.0,401.0,379.0,236.0,360.0,230.0,205.0,249.0,315.0,219.0,247.0,293.0,158.0,204.0,276.0,223.0,121.0,184.0,119.0,65.0,90.0,119.0,42.0,55.0,66.0,24.0,51.0,63.0,65.0,39.0,34.0,62.0,132.0,34.0,72.0,44.0,65.0,66.0,54.0,58.0,76.0,69.0,34.0,49.0,41.0,71.0,30.0,21.0,18.0,35.0,44.0,63.0,46.0,30.0,31.0,94.0,36.0,39.0,31.0,48.0,25.0,44.0,24.0,29.0,40.0,56.0,14.0,26.0,30.0,40.0,59.0,17.0,31.0,20.0,39.0,27.0,41.0,20.0,77.0,30.0,55.0,20.0,25.0,33.0,105.0,111.0,221.0,113.0
17.0,30.0,69.0,40.0,29.0,24.0,15.0,54.0,44.0,22.0,48.0,54.0,36.0,42.0,47.0,35.0,96.0,55.0,28.0,21.0,27.0,50.0,41.0,54.0,74.0,35.0,23.0,30.0,37.0,38.0,32.0,27.0,44.0,39.0,68.0,46.0,39.0,30.0,96.0,54.0,42.0,73.0,29.0,28.0,48.0,69.0,36.0,34.0,47.0,45.0,66.0,28.0,23.0,50.0,61.0,32.0,45.0,35.0,34.0,54.0,36.0,24.0,43.0,24.0,29.0,36.0,43.0,48.0,45.0,55.0,23.0,52.0,80.0,19.0,37.0,25.0,93.0,47.0,51.0,47.0,47.0,274.0,250.0,217.0,282.0,294.0,343.0,348.0,341.0,347.0,341.0,372.0,383.0,203.0,223.0,179.0,171.0,274.0,172.0,137.0,140.0,113.0,133.0,99.0,49.0,118.0,93.0,137.0,64.0,159.0,136.0,92.0,77.0,128.0,134.0,122.0,180.0,203.0,191.0,179.0,243.0,108.0,141.0,182.0,210.0,165.0,251.0,222.0,200.0,294.0,288.0,219.0,263.0,222.0,151.0,248.0,222.0,216.0,183.0,201.0,163.0,103.0,107.0,49.0,29.0,20.0,58.0,35.0,48.0,82.0,67.0,44.0,36.0,41.0,50.0,107.0,101.0,92.0,164.0,65.0,77.0,41.0,60.0,39.0,51.0,49.0,48.0,48.0,42.0,51.0,48.0,34.0
53.0,61.0,63.0,54.0,55.0,82.0,49.0,61.0,33.0,45.0,46.0,22.0,21.0,23.0,53.0,53.0,76.0,21.0,25.0,42.0,18.0,54.0,39.0,42.0,61.0,49.0,62.0,47.0,49.0,27.0,57.0,49.0,28.0,57.0,29.0,54.0,42.0,34.0,51.0,24.0,15.0,27.0,31.0,23.0,27.0,27.0,31.0,41.0,53.0,37.0,67.0,31.0,49.0,50.0,65.0,67.0,39.0,22.0,54.0,57.0,79.0,90.0,42.0,49.0,49.0,65.0,60.0,49.0,57.0,33.0,57.0,40.0,31.0,47.0,18.0,31.0,228.0,304.0,315.0,495.0,496.0,398.0,509.0,516.0,498.0,499.0,402.0,234.0,134.0,129.0,165.0,70.0,193.0,167.0,119.0,97.0,85.0,109.0,126.0,57.0,112.0,79.0,188.0,67.0,133.0,129.0,115.0,79.0,155.0,182.0,126.0,173.0,239.0,215.0,304.0,259.0,182.0,236.0,216.0,234.0,185.0,290.0,212.0,230.0,261.0,207.0,205.0,311.0,249.0,204.0,281.0,263.0,223.0,225.0,218.0,130.0,108.0,96.0,46.0,24.0,55.0,42.0,59.0,45.0,26.0,34.0,24.0,30.0,27.0,17.0,30.0,24.0,47.0,115.0,33.0,40.0,65.0,40.0,52.0,49.0,39.0,57.0,34.0,52.0,54.0,65.0,31.0,52.0,40.0,27.0,36.0,32.0
50.0,45.0,64.0,30.0,40.0,47.0,91.0,89.0,54.0,95.0,41.0,87.0,53.0,23.0,32.0,31.0,31.0,45.0,30.0,20.0,25.0,48.0,60.0,79.0,26.0,77.0,50.0,90.0,76.0,77.0,58.0,44.0,36.0,52.0,59.0,29.0,95.0,37.0,31.0,37.0,35.0,61.0,66.0,59.0,60.0,84.0,86.0,58.0,38.0,60.0,65.0,44.0,82.0,88.0,38.0,28.0,28.0,61.0,39.0,79.0,54.0,59.0,50.0,50.0,44.0,114.0,227.0,233.0,208.0,312.0,247.0,238.0,301.0,368.0,566.0,459.0,460.0,387.0,114.0,193.0,158.0,151.0,178.0,109.0,145.0,221.0,181.0,224.0,268.0,133.0,197.0,185.0,191.0,178.0,244.0,278.0,215.0,135.0,188.0,232.0,205.0,146.0,209.0,176.0,149.0,169.0,238.0,256.0,161.0,122.0,130.0,148.0,126.0,146.0,200.0,145.0,145.0,149.0,224.0,169.0,87.0,197.0,213.0,116.0,140.0,184.0,149.0,126.0,119.0,95.0,59.0,42.0,45.0,31.0,40.0,67.0,65.0,65.0,94.0,67.0,38.0,17.0,57.0,39.0,51.0,50.0,26.0,38.0,65.0,88.0,60.0,43.0,49.0,40.0,49.0,42.0,38.0,59.0,76.0,67.0,51.0,38.0,66.0,35.0,47.0,48.0,21.0,18.0,21.0,24.0,20.0,25.0
64.0,51.0,33.0,66.0,48.0,48.0,56.0,29.0,24.0,11.0,42.0,36.0,48.0,20.0,53.0,52.0,32.0,29.0,26.0,60.0,19.0,31.0,41.0,61.0,56.0,105.0,36.0,51.0,43.0,23.0,86.0,53.0,69.0,20.0,52.0,56.0,49.0,85.0,32.0,23.0,39.0,62.0,15.0,17.0,28.0,24.0,44.0,15.0,36.0,62.0,27.0,56.0,14.0,24.0,18.0,37.0,35.0,27.0,56.0,65.0,35.0,34.0,23.0,66.0,35.0,24.0,61.0,41.0,108.0,169.0,229.0,255.0,484.0,439.0,370.0,311.0,363.0,461.0,421.0,386.0,376.0,374.0,319.0,227.0,167.0,85.0,84.0,71.0,120.0,55.0,116.0,118.0,126.0,110.0,95.0,152.0,75.0,170.0,141.0,171.0,153.0,195.0,205.0,213.0,262.0,208.0,176.0,234.0,339.0,190.0,309.0,274.0,194.0,323.0,311.0,114.0,275.0,207.0,227.0,227.0,300.0,285.0,222.0,304.0,244.0,194.0,255.0,221.0,155.0,114.0,113.0,140.0,112.0,82.0,64.0,37.0,81.0,117.0,41.0,78.0,39.0,50.0,56.0,20.0,36.0,16.0,22.0,24.0,21.0,41.0,35.0,51.0,65.0,57.0,42.0,62.0,70.0,87.0,13.0,78.0,31.0,85.0,52.0,68.0,20.0,24.0,44.0,33.0,44.0,63.0,15.0,16.0
32.0,84.0,41.0,76.0,75.0,85.0,35.0,45.0,26.0,63.0,32.0,57.0,23.0,23.0,61.0,44.0,21.0,32.0,38.0,38.0,19.0,53.0,27.0,54.0,36.0,51.0,24.0,41.0,33.0,83.0,61.0,31.0,48.0,66.0,66.0,28.0,50.0,18.0,29.0,34.0,46.0,19.0,45.0,29.0,21.0,34.0,35.0,71.0,58.0,52.0,31.0,45.0,53.0,83.0,42.0,72.0,103.0,37.0,99.0,41.0,107.0,51.0,40.0,53.0,19.0,25.0,38.0,19.0,53.0,22.0,57.0,74.0,33.0,39.0,17.0,35.0,105.0,227.0,304.0,257.0,493.0,486.0,384.0,347.0,389.0,514.0,462.0,314.0,223.0,317.0,226.0,120.0,81.0,180.0,90.0,128.0,91.0,156.0,66.0,113.0,145.0,103.0,74.0,51.0,75.0,132.0,79.0,115.0,110.0,187.0,152.0,169.0,239.0,267.0,266.0,275.0,336.0,292.0,302.0,238.0,248.0,225.0,272.0,168.0,217.0,186.0,158.0,142.0,128.0,125.0,121.0,165.0,136.0,226.0,144.0,123.0,145.0,146.0,201.0,139.0,145.0,186.0,94.0,146.0,106.0,55.0,77.0,95.0,67.0,122.0,53.0,65.0,73.0,37.0,20.0,33.0,22.0,49.0,24.0,22.0,63.0,34.0,50.0,29.0,96.0,49.0,54.0,29.0,21.0,50.0,84.0,104.0
47.0,49.0,25.0,56.0,16.0,36.0,39.0,33.0,57.0,38.0,19.0,39.0,42.0,40.0,32.0,33.0,28.0,99.0,72.0,106.0,40.0,63.0,27.0,79.0,68.0,69.0,49.0,111.0,57.0,78.0,44.0,22.0,44.0,138.0,64.0,143.0,60.0,88.0,79.0,92.0,84.0,121.0,76.0,71.0,77.0,84.0,55.0,57.0,32.0,38.0,38.0,18.0,46.0,29.0,22.0,29.0,13.0,44.0,60.0,24.0,36.0,72.0,54.0,84.0,66.0,45.0,163.0,282.0,312.0,374.0,308.0,323.0,426.0,413.0,396.0,378.0,371.0,410.0,247.0,195.0,189.0,264.0,171.0,151.0,134.0,128.0,130.0,135.0,97.0,51.0,59.0,103.0,108.0,105.0,121.0,148.0,212.0,113.0,194.0,253.0,240.0,220.0,260.0,298.0,223.0,229.0,215.0,172.0,145.0,201.0,219.0,248.0,199.0,270.0,204.0,161.0,191.0,260.0,246.0,214.0,300.0,242.0,149.0,193.0,244.0,189.0,172.0,181.0,152.0,98.0,97.0,64.0,54.0,56.0,41.0,36.0,37.0,62.0,46.0,47.0,66.0,73.0,65.0,45.0,46.0,55.0,57.0,59.0,64.0,44.0,29.0,23.0,35.0,50.0,27.0,57.0,44.0,24.0,37.0,62.0,26.0,57.0,31.0,16.0,21.0,22.0,17.0,19.0,27.0,65.0,33.0,62.0
48.0,40.0,46.0,25.0,120.0,46.0,53.0,27.0,39.0,40.0,76.0,52.0,21.0,73.0,38.0,40.0,38.0,12.0,36.0,32.0,90.0,47.0,43.0,32.0,24.0,20.0,21.0,35.0,19.0,53.0,27.0,36.0,28.0,32.0,26.0,21.0,17.0,60.0,60.0,43.0,27.0,51.0,25.0,62.0,58.0,32.0,55.0,68.0,39.0,54.0,28.0,59.0,61.0,42.0,41.0,31.0,55.0,48.0,43.0,27.0,97.0,31.0,93.0,27.0,141.0,274.0,376.0,256.0,296.0,401.0,366.0,406.0,345.0,473.0,327.0,175.0,132.0,153.0,143.0,97.0,191.0,116.0,86.0,75.0,113.0,95.0,114.0,85.0,133.0,157.0,63.0,119.0,80.0,88.0,90.0,115.0,122.0,86.0,76.0,136.0,166.0,206.0,248.0,373.0,348.0,235.0,197.0,231.0,236.0,222.0,300.0,237.0,147.0,200.0,155.0,177.0,159.0,156.0,191.0,154.0,224.0,183.0,182.0,187.0,173.0,129.0,153.0,111.0,58.0,29.0,51.0,74.0,32.0,49.0,26.0,19.0,18.0,55.0,52.0,59.0,60.0,42.0,58.0,62.0,33.0,51.0,95.0,97.0,73.0,46.0,86.0,114.0,74.0,125.0,64.0,19.0,57.0,34.0,61.0,48.0,25.0,43.0,27.0,25.0,72.0,22.0,30.0,36.0,29.0,34.0,64.0,25.0
64.0,19.0,37.0,26.0,28.0,20.0,27.0,21.0,43.0,52.0,48.0,27.0,30.0,29.0,60.0,34.0,21.0,46.0,26.0,39.0,55.0,48.0,48.0,54.0,44.0,62.0,48.0,51.0,46.0,43.0,35.0,65.0,34.0,107.0,46.0,36.0,52.0,48.0,81.0,42.0,44.0,34.0,38.0,43.0,57.0,23.0,57.0,70.0,58.0,23.0,24.0,55.0,76.0,40.0,59.0,51.0,31.0,29.0,38.0,23.0,57.0,55.0,70.0,62.0,42.0,58.0,31.0,52.0,43.0,46.0,66.0,25.0,25.0,20.0,39.0,36.0,43.0,26.0,156.0,317.0,409.0,311.0,292.0,377.0,422.0,448.0,428.0,423.0,469.0,226.0,108.0,202.0,102.0,84.0,75.0,76.0,72.0,101.0,173.0,92.0,102.0,109.0,38.0,74.0,87.0,77.0,62.0,77.0,87.0,80.0,103.0,103.0,92.0,79.0,97.0,141.0,96.0,116.0,192.0,148.0,190.0,187.0,138.0,199.0,235.0,237.0,129.0,309.0,297.0,213.0,245.0,207.0,95.0,156.0,200.0,184.0,145.0,201.0,200.0,197.0,188.0,213.0,166.0,116.0,101.0,111.0,35.0,79.0,46.0,29.0,30.0,20.0,21.0,50.0,29.0,79.0,30.0,90.0,85.0,83.0,84.0,101.0,95.0,26.0,64.0,141.0,66.0,78.0,73.0,77.0,133.0,73.0
42.0,50.0,30.0,136.0,50.0,54.0,25.0,29.0,26.0,27.0,24.0,52.0,27.0,48.0,21.0,125.0,40.0,58.0,34.0,41.0,77.0,69.0,93.0,48.0,55.0,59.0,61.0,49.0,76.0,58.0,32.0,37.0,29.0,41.0,60.0,45.0,28.0,79.0,53.0,70.0,67.0,49.0,57.0,28.0,61.0,52.0,64.0,63.0,82.0,93.0,63.0,37.0,47.0,20.0,33.0,26.0,48.0,25.0,34.0,93.0,170.0,219.0,252.0,221.0,311.0,291.0,276.0,260.0,348.0,452.0,286.0,203.0,187.0,235.0,178.0,248.0,220.0,193.0,127.0,98.0,90.0,94.0,102.0,83.0,96.0,86.0,80.0,116.0,112.0,167.0,143.0,128.0,211.0,155.0,301.0,329.0,223.0,280.0,278.0,186.0,195.0,186.0,143.0,272.0,213.0,247.0,201.0,251.0,166.0,206.0,176.0,140.0,173.0,169.0,71.0,69.0,108.0,39.0,44.0,33.0,33.0,75.0,48.0,30.0,46.0,34.0,54.0,40.0,61.0,62.0,66.0,36.0,23.0,15.0,69.0,58.0,78.0,50.0,61.0,63.0,36.0,85.0,42.0,69.0,35.0,37.0,48.0,53.0,56.0,87.0,57.0,77.0,82.0,86.0,51.0,65.0,93.0,50.0,45.0,75.0,30.0,25.0,42.0,33.0,35.0,40.0,80.0,44.0,58.0,24.0,30.0,29.0
53.0,53.0,69.0,34.0,43.0,91.0,61.0,66.0,61.0,41.0,52.0,36.0,45.0,41.0,62.0,70.0,45.0,50.0,40.0,55.0,40.0,51.0,38.0,26.0,57.0,36.0,62.0,27.0,88.0,73.0,53.0,64.0,25.0,42.0,73.0,45.0,59.0,63.0,71.0,99.0,77.0,101.0,116.0,82.0,43.0,65.0,85.0,45.0,35.0,47.0,48.0,60.0,57.0,39.0,76.0,106.0,181.0,248.0,325.0,420.0,515.0,409.0,401.0,402.0,420.0,329.0,241.0,258.0,260.0,196.0,201.0,184.0,180.0,143.0,110.0,172.0,97.0,94.0,113.0,127.0,105.0,148.0,60.0,167.0,197.0,212.0,163.0,235.0,223.0,183.0,303.0,320.0,261.0,261.0,233.0,183.0,238.0,423.0,237.0,269.0,241.0,244.0,103.0,212.0,249.0,233.0,189.0,176.0,136.0,131.0,109.0,118.0,62.0,110.0,106.0,92.0,98.0,106.0,53.0,70.0,77.0,55.0,30.0,95.0,75.0,31.0,94.0,59.0,64.0,54.0,37.0,80.0,39.0,60.0,26.0,119.0,57.0,70.0,53.0,55.0,81.0,45.0,61.0,57.0,89.0,86.0,110.0,86.0,61.0,94.0,47.0,137.0,83.0,260.0,303.0,121.0,145.0,70.0,214.0,233.0,142.0,56.0,55.0,208.0,82.0,182.0,102.0,69.0,78.0,38.0,69.0,44.0
70.0,105.0,78.0,50.0,91.0,67.0,72.0,51.0,88.0,55.0,48.0,72.0,77.0,53.0,83.0,144.0,91.0,155.0,92.0,246.0,414.0,429.0,384.0,382.0,275.0,322.0,325.0,360.0,330.0,202.0,102.0,242.0,181.0,167.0,149.0,96.0,152.0,195.0,84.0,136.0,83.0,130.0,73.0,101.0,84.0,94.0,163.0,106.0,215.0,205.0,197.0,180.0,294.0,319.0,244.0,247.0,177.0,131.0,159.0,158.0,179.0,198.0,214.0,182.0,160.0,120.0,219.0,231.0,170.0,221.0,235.0,144.0,120.0,163.0,171.0,82.0,98.0,76.0,92.0,65.0,84.0,120.0,71.0,69.0,90.0,59.0,78.0,14.0,36.0,21.0,39.0,60.0,30.0,72.0,42.0,86.0,25.0,31.0,26.0,85.0,51.0,45.0,55.0,57.0,49.0,85.0,44.0,64.0,56.0,42.0,62.0,55.0,36.0,38.0,36.0,29.0,26.0,21.0,29.0,26.0,31.0,24.0,60.0,55.0,46.0,52.0,64.0,18.0,49.0,71.0,46.0,55.0,60.0,72.0,87.0,53.0,91.0,69.0,71.0,72.0,68.0,55.0,83.0,81.0,62.0,32.0,53.0,42.0,26.0,34.0,32.0,66.0,60.0,18.0,90.0,58.0,73.0,71.0,79.0,68.0,111.0,63.0,58.0,59.0,65.0,58.0,48.0,42.0,40.0,45.0,34.0,75.0
172.0,360.0,404.0,495.0,345.0,528.0,656.0,520.0,476.0,520.0,530.0,397.0,204.0,259.0,158.0,158.0,182.0,98.0,138.0,88.0,159.0,187.0,86.0,105.0,141.0,122.0,152.0,108.0,162.0,180.0,199.0,190.0,321.0,329.0,403.0,307.0,346.0,328.0,223.0,147.0,195.0,237.0,137.0,202.0,242.0,190.0,204.0,241.0,201.0,227.0,340.0,300.0,186.0,341.0,187.0,207.0,216.0,247.0,184.0,112.0,159.0,123.0,161.0,80.0,88.0,38.0,67.0,73.0,112.0,56.0,96.0,87.0,69.0,25.0,25.0,53.0,61.0,66.0,58.0,76.0,68.0,42.0,72.0,56.0,60.0,26.0,24.0,29.0,74.0,46.0,80.0,119.0,92.0,103.0,74.0,26.0,43.0,38.0,79.0,106.0,93.0,54.0,74.0,65.0,76.0,51.0,73.0,72.0,66.0,87.0,65.0,81.0,123.0,70.0,65.0,66.0,36.0,34.0,40.0,75.0,73.0,67.0,53.0,72.0,52.0,46.0,94.0,79.0,149.0,61.0,87.0,66.0,65.0,77.0,145.0,70.0,113.0,59.0,60.0,49.0,44.0,44.0,30.0,49.0,43.0,49.0,43.0,87.0,115.0,52.0,73.0,82.0,58.0,42.0,59.0,59.0,79.0,117.0,98.0,111.0,63.0,102.0,50.0,39.0,27.0,84.0,85.0,111.0,48.0,58.0,56.0,38.0
86.0,60.0,49.0,57.0,28.0,52.0,45.0,87.0,41.0,47.0,57.0,32.0,23.0,33.0,45.0,36.0,37.0,26.0,52.0,41.0,29.0,84.0,53.0,38.0,75.0,77.0,54.0,93.0,37.0,49.0,90.0,50.0,25.0,64.0,43.0,33.0,22.0,19.0,64.0,54.0,52.0,46.0,36.0,43.0,116.0,40.0,52.0,40.0,67.0,53.0,55.0,93.0,29.0,59.0,65.0,30.0,32.0,53.0,55.0,24.0,29.0,36.0,19.0,28.0,67.0,39.0,73.0,66.0,76.0,43.0,53.0,52.0,144.0,61.0,57.0,91.0,182.0,125.0,238.0,307.0,412.0,575.0,578.0,473.0,346.0,383.0,318.0,419.0,361.0,341.0,211.0,194.0,249.0,272.0,182.0,151.0,145.0,144.0,123.0,161.0,100.0,98.0,104.0,136.0,166.0,112.0,161.0,132.0,135.0,173.0,218.0,156.0,203.0,200.0,316.0,320.0,268.0,249.0,263.0,236.0,165.0,282.0,248.0,227.0,210.0,211.0,293.0,302.0,342.0,326.0,376.0,300.0,255.0,277.0,276.0,244.0,287.0,271.0,248.0,190.0,116.0,133.0,78.0,83.0,90.0,89.0,71.0,103.0,30.0,22.0,56.0,38.0,39.0,32.0,19.0,19.0,26.0,64.0,54.0,27.0,53.0,39.0,16.0,49.0,75.0,50.0,44.0,43.0,44.0,59.0,27.0,71.0
62.0,59.0,76.0,97.0,84.0,95.0,133.0,102.0,127.0,134.0,78.0,63.0,63.0,103.0,98.0,88.0,85.0,87.0,174.0,126.0,146.0,155.0,150.0,94.0,120.0,66.0,82.0,109.0,57.0,77.0,93.0,154.0,90.0,95.0,129.0,126.0,110.0,222.0,109.0,145.0,108.0,54.0,158.0,47.0,88.0,68.0,61.0,37.0,73.0,98.0,65.0,70.0,45.0,49.0,41.0,48.0,61.0,80.0,94.0,98.0,99.0,93.0,99.0,64.0,75.0,140.0,40.0,73.0,53.0,72.0,130.0,77.0,50.0,54.0,50.0,92.0,112.0,34.0,71.0,93.0,29.0,61.0,43.0,43.0,42.0,29.0,34.0,53.0,72.0,64.0,52.0,59.0,106.0,60.0,66.0,80.0,60.0,64.0,89.0,135.0,98.0,104.0,65.0,92.0,174.0,279.0,357.0,394.0,427.0,481.0,458.0,433.0,450.0,403.0,288.0,407.0,395.0,217.0,103.0,229.0,191.0,154.0,235.0,213.0,124.0,121.0,148.0,164.0,195.0,104.0,200.0,93.0,182.0,140.0,117.0,127.0,197.0,218.0,149.0,301.0,350.0,429.0,395.0,473.0,332.0,260.0,225.0,268.0,198.0,249.0,330.0,336.0,318.0,323.0,250.0,242.0,243.0,260.0,212.0,179.0,173.0,174.0,183.0,187.0,175.0,131.0,104.0,100.0,99.0,178.0,108.0,75.0
58.0,90.0,62.0,50.0,39.0,63.0,58.0,67.0,63.0,51.0,76.0,35.0,64.0,130.0,77.0,72.0,83.0,82.0,91.0,146.0,98.0,186.0,86.0,56.0,93.0,58.0,75.0,60.0,53.0,96.0,57.0,92.0,45.0,51.0,95.0,34.0,48.0,51.0,65.0,78.0,113.0,50.0,25.0,37.0,70.0,62.0,37.0,66.0,43.0,100.0,47.0,74.0,70.0,56.0,17.0,37.0,38.0,106.0,89.0,52.0,70.0,42.0,35.0,73.0,104.0,79.0,45.0,73.0,124.0,70.0,78.0,132.0,67.0,118.0,82.0,91.0,42.0,39.0,50.0,43.0,38.0,64.0,31.0,29.0,44.0,20.0,62.0,42.0,72.0,21.0,26.0,44.0,55.0,67.0,50.0,62.0,94.0,52.0,73.0,62.0,87.0,136.0,76.0,198.0,221.0,370.0,418.0,435.0,403.0,285.0,438.0,389.0,464.0,447.0,428.0,389.0,210.0,175.0,217.0,188.0,154.0,103.0,132.0,99.0,178.0,140.0,126.0,148.0,199.0,166.0,163.0,200.0,201.0,135.0,157.0,243.0,248.0,275.0,208.0,228.0,382.0,411.0,339.0,246.0,206.0,155.0,241.0,334.0,227.0,157.0,200.0,265.0,227.0,176.0,223.0,283.0,243.0,270.0,293.0,195.0,123.0,138.0,132.0,107.0,73.0,70.0,88.0,55.0,32.0,42.0,40.0,25.0
39.0,51.0,16.0,32.0,41.0,39.0,98.0,49.0,26.0,64.0,23.0,81.0,43.0,52.0,38.0,39.0,40.0,37.0,44.0,27.0,29.0,57.0,66.0,55.0,49.0,41.0,42.0,36.0,63.0,29.0,28.0,53.0,41.0,96.0,43.0,48.0,65.0,33.0,23.0,14.0,51.0,34.0,29.0,36.0,49.0,61.0,66.0,29.0,26.0,31.0,19.0,20.0,18.0,66.0,79.0,77.0,80.0,47.0,64.0,90.0,69.0,43.0,62.0,60.0,87.0,21.0,62.0,45.0,29.0,62.0,37.0,48.0,38.0,20.0,39.0,81.0,238.0,277.0,210.0,357.0,461.0,502.0,446.0,500.0,657.0,555.0,564.0,595.0,504.0,299.0,263.0,298.0,353.0,316.0,358.0,114.0,100.0,95.0,83.0,108.0,72.0,71.0,84.0,147.0,104.0,56.0,132.0,141.0,132.0,99.0,196.0,219.0,164.0,238.0,339.0,386.0,303.0,195.0,235.0,203.0,229.0,215.0,110.0,150.0,178.0,254.0,239.0,315.0,193.0,189.0,163.0,299.0,147.0,169.0,212.0,211.0,218.0,166.0,194.0,148.0,120.0,147.0,105.0,78.0,119.0,103.0,84.0,138.0,92.0,44.0,90.0,44.0,61.0,76.0,93.0,95.0,100.0,120.0,76.0,89.0,33.0,32.0,42.0,94.0,76.0,67.0,107.0,77.0,97.0,108.0,82.0,97.0
87.0,64.0,45.0,100.0,118.0,123.0,58.0,58.0,49.0,77.0,72.0,52.0,93.0,99.0,109.0,91.0,116.0,51.0,87.0,72.0,105.0,108.0,114.0,119.0,139.0,59.0,113.0,61.0,87.0,100.0,52.0,55.0,71.0,82.0,57.0,52.0,57.0,41.0,62.0,43.0,77.0,46.0,34.0,45.0,56.0,70.0,33.0,26.0,67.0,60.0,53.0,58.0,29.0,31.0,62.0,52.0,32.0,45.0,98.0,72.0,73.0,38.0,61.0,49.0,36.0,80.0,55.0,27.0,103.0,43.0,97.0,27.0,33.0,103.0,63.0,48.0,79.0,69.0,186.0,285.0,410.0,385.0,341.0,330.0,505.0,498.0,458.0,434.0,404.0,433.0,286.0,135.0,294.0,142.0,89.0,155.0,167.0,162.0,74.0,125.0,51.0,144.0,100.0,160.0,108.0,101.0,64.0,79.0,108.0,180.0,125.0,182.0,134.0,167.0,190.0,367.0,267.0,129.0,156.0,206.0,150.0,252.0,287.0,153.0,142.0,203.0,232.0,206.0,256.0,221.0,194.0,177.0,205.0,164.0,177.0,240.0,215.0,192.0,223.0,240.0,173.0,145.0,252.0,150.0,88.0,76.0,102.0,49.0,62.0,49.0,153.0,89.0,90.0,65.0,39.0,65.0,56.0,69.0,71.0,72.0,51.0,109.0,86.0,84.0,55.0,57.0,95.0,67.0,79.0,126.0,62.0,83.0
46.0,57.0,45.0,62.0,55.0,29.0,39.0,32.0,32.0,45.0,24.0,29.0,35.0,72.0,46.0,80.0,53.0,67.0,22.0,49.0,60.0,30.0,27.0,26.0,73.0,33.0,57.0,43.0,27.0,53.0,50.0,56.0,55.0,58.0,43.0,30.0,21.0,54.0,34.0,40.0,30.0,33.0,38.0,37.0,27.0,32.0,41.0,50.0,49.0,45.0,64.0,47.0,31.0,24.0,15.0,49.0,63.0,40.0,68.0,64.0,34.0,88.0,19.0,18.0,13.0,13.0,29.0,22.0,53.0,35.0,42.0,30.0,55.0,24.0,58.0,55.0,64.0,116.0,197.0,291.0,379.0,308.0,390.0,435.0,484.0,498.0,518.0,624.0,366.0,199.0,140.0,143.0,195.0,115.0,202.0,120.0,188.0,177.0,149.0,150.0,126.0,140.0,126.0,186.0,193.0,120.0,70.0,87.0,217.0,229.0,132.0,163.0,220.0,269.0,258.0,347.0,302.0,316.0,342.0,367.0,187.0,201.0,195.0,216.0,173.0,165.0,225.0,220.0,149.0,151.0,120.0,138.0,169.0,205.0,130.0,98.0,60.0,50.0,43.0,54.0,109.0,37.0,80.0,29.0,90.0,46.0,76.0,57.0,99.0,32.0,80.0,66.0,48.0,17.0,20.0,24.0,29.0,55.0,38.0,21.0,52.0,36.0,36.0,59.0,28.0,48.0,41.0,34.0,45.0,33.0,47.0,24.0
53.0,33.0,49.0,86.0,91.0,119.0,45.0,50.0,33.0,58.0,32.0,29.0,40.0,27.0,29.0,26.0,79.0,78.0,56.0,60.0,43.0,23.0,34.0,26.0,45.0,26.0,74.0,31.0,47.0,75.0,68.0,61.0,106.0,51.0,63.0,112.0,58.0,80.0,79.0,43.0,91.0,28.0,20.0,37.0,27.0,46.0,28.0,36.0,50.0,53.0,67.0,38.0,25.0,24.0,31.0,53.0,119.0,41.0,42.0,57.0,37.0,49.0,57.0,53.0,75.0,65.0,90.0,65.0,101.0,21.0,32.0,23.0,40.0,17.0,24.0,18.0,81.0,20.0,78.0,40.0,35.0,66.0,20.0,33.0,56.0,53.0,35.0,38.0,65.0,84.0,127.0,58.0,47.0,51.0,104.0,240.0,276.0,315.0,315.0,396.0,375.0,325.0,349.0,385.0,475.0,405.0,323.0,387.0,238.0,205.0,226.0,180.0,169.0,101.0,85.0,149.0,159.0,175.0,80.0,137.0,113.0,159.0,65.0,119.0,176.0,133.0,107.0,169.0,216.0,197.0,181.0,361.0,389.0,321.0,295.0,341.0,213.0,184.0,197.0,199.0,178.0,237.0,373.0,246.0,160.0,246.0,335.0,244.0,255.0,283.0,185.0,268.0,244.0,242.0,169.0,155.0,188.0,130.0,118.0,73.0,154.0,98.0,67.0,120.0,81.0,110.0,122.0,57.0,63.0,77.0,61.0,78.0
44.0,59.0,68.0,100.0,34.0,71.0,108.0,30.0,109.0,96.0,73.0,98.0,61.0,79.0,99.0,137.0,41.0,56.0,62.0,33.0,27.0,20.0,37.0,74.0,63.0,23.0,66.0,46.0,46.0,95.0,33.0,43.0,30.0,63.0,44.0,85.0,42.0,63.0,28.0,30.0,21.0,47.0,22.0,37.0,56.0,22.0,21.0,18.0,28.0,34.0,72.0,26.0,39.0,59.0,69.0,46.0,50.0,95.0,57.0,66.0,58.0,31.0,45.0,77.0,80.0,82.0,57.0,57.0,65.0,20.0,28.0,35.0,25.0,23.0,37.0,26.0,68.0,66.0,67.0,120.0,188.0,312.0,333.0,312.0,333.0,460.0,480.0,517.0,385.0,324.0,548.0,299.0,81.0,152.0,209.0,203.0,220.0,136.0,136.0,169.0,119.0,158.0,201.0,154.0,123.0,171.0,157.0,99.0,224.0,177.0,177.0,62.0,123.0,185.0,171.0,110.0,124.0,144.0,117.0,161.0,278.0,345.0,259.0,313.0,392.0,283.0,338.0,349.0,308.0,232.0,229.0,264.0,243.0,197.0,259.0,284.0,190.0,150.0,226.0,249.0,224.0,246.0,230.0,136.0,117.0,133.0,72.0,59.0,37.0,55.0,47.0,41.0,71.0,52.0,49.0,52.0,71.0,31.0,91.0,73.0,72.0,59.0,101.0,92.0,27.0,56.0,30.0,114.0,47.0,81.0,52.0,34.0
27.0,41.0,53.0,40.0,42.0,32.0,38.0,53.0,54.0,48.0,59.0,71.0,26.0,28.0,48.0,36.0,39.0,25.0,21.0,41.0,30.0,59.0,16.0,76.0,40.0,100.0,76.0,78.0,36.0,38.0,46.0,31.0,21.0,50.0,22.0,41.0,33.0,39.0,28.0,69.0,25.0,51.0,36.0,34.0,33.0,41.0,48.0,51.0,34.0,45.0,35.0,61.0,52.0,54.0,77.0,34.0,66.0,49.0,68.0,33.0,38.0,33.0,40.0,28.0,45.0,17.0,46.0,69.0,72.0,65.0,125.0,45.0,45.0,33.0,38.0,89.0,26.0,73.0,29.0,70.0,40.0,75.0,86.0,151.0,163.0,338.0,353.0,376.0,316.0,420.0,563.0,457.0,291.0,301.0,494.0,409.0,311.0,280.0,271.0,269.0,232.0,185.0,217.0,149.0,205.0,133.0,150.0,180.0,153.0,101.0,114.0,146.0,121.0,130.0,257.0,301.0,228.0,262.0,285.0,241.0,293.0,408.0,289.0,155.0,197.0,165.0,203.0,226.0,231.0,189.0,162.0,220.0,255.0,197.0,210.0,209.0,123.0,205.0,186.0,187.0,64.0,106.0,84.0,82.0,88.0,60.0,46.0,50.0,55.0,67.0,65.0,34.0,58.0,53.0,51.0,58.0,52.0,63.0,65.0,81.0,47.0,65.0,64.0,101.0,52.0,100.0,39.0,46.0,83.0,30.0,30.0,30.0
32.0,57.0,104.0,97.0,57.0,53.0,59.0,75.0,71.0,78.0,74.0,52.0,53.0,40.0,38.0,43.0,36.0,20.0,21.0,32.0,119.0,36.0,85.0,35.0,26.0,22.0,29.0,36.0,22.0,48.0,42.0,49.0,39.0,88.0,46.0,81.0,43.0,53.0,67.0,81.0,84.0,60.0,68.0,47.0,24.0,106.0,25.0,72.0,51.0,32.0,73.0,33.0,78.0,76.0,26.0,60.0,29.0,53.0,23.0,33.0,24.0,33.0,45.0,17.0,89.0,43.0,65.0,56.0,84.0,37.0,44.0,43.0,47.0,48.0,62.0,37.0,66.0,51.0,68.0,43.0,60.0,39.0,23.0,37.0,65.0,19.0,63.0,52.0,82.0,34.0,34.0,24.0,251.0,258.0,324.0,317.0,316.0,335.0,393.0,392.0,426.0,396.0,278.0,211.0,257.0,172.0,171.0,192.0,138.0,157.0,227.0,140.0,70.0,137.0,201.0,156.0,149.0,155.0,114.0,90.0,66.0,96.0,171.0,106.0,127.0,208.0,267.0,230.0,284.0,330.0,202.0,189.0,267.0,197.0,218.0,222.0,285.0,257.0,337.0,182.0,261.0,200.0,228.0,227.0,190.0,222.0,263.0,117.0,194.0,105.0,141.0,132.0,117.0,175.0,138.0,129.0,135.0,77.0,143.0,54.0,33.0,76.0,56.0,47.0,34.0,36.0,19.0,53.0,40.0,36.0,67.0,46.0
91.0,55.0,28.0,43.0,23.0,28.0,40.0,41.0,55.0,16.0,40.0,28.0,32.0,46.0,46.0,24.0,85.0,41.0,51.0,25.0,42.0,57.0,27.0,38.0,45.0,24.0,18.0,17.0,79.0,78.0,49.0,94.0,23.0,24.0,77.0,39.0,64.0,38.0,24.0,44.0,34.0,45.0,23.0,37.0,30.0,55.0,52.0,46.0,44.0,61.0,28.0,79.0,65.0,114.0,31.0,26.0,55.0,29.0,67.0,41.0,30.0,24.0,23.0,76.0,65.0,34.0,43.0,24.0,51.0,25.0,29.0,28.0,61.0,84.0,38.0,42.0,35.0,36.0,48.0,41.0,37.0,42.0,29.0,43.0,27.0,42.0,12.0,34.0,40.0,47.0,30.0,42.0,44.0,31.0,59.0,62.0,69.0,55.0,86.0,206.0,185.0,369.0,392.0,424.0,395.0,425.0,594.0,518.0,620.0,665.0,584.0,578.0,489.0,397.0,331.0,334.0,198.0,143.0,169.0,66.0,96.0,133.0,134.0,90.0,73.0,87.0,87.0,100.0,67.0,146.0,155.0,151.0,174.0,278.0,292.0,260.0,280.0,294.0,231.0,197.0,310.0,262.0,207.0,227.0,252.0,227.0,171.0,192.0,185.0,141.0,192.0,188.0,140.0,139.0,136.0,106.0,77.0,47.0,64.0,85.0,78.0,46.0,54.0,48.0,47.0,33.0,44.0,52.0,57.0,97.0,48.0,59.0
26.0,103.0,75.0,81.0,51.0,26.0,62.0,64.0,35.0,38.0,36.0,44.0,98.0,42.0,53.0,62.0,26.0,23.0,30.0,39.0,41.0,45.0,75.0,25.0,25.0,27.0,39.0,30.0,34.0,41.0,30.0,22.0,55.0,61.0,58.0,23.0,26.0,30.0,20.0,43.0,55.0,33.0,19.0,21.0,34.0,52.0,34.0,22.0,56.0,51.0,19.0,39.0,50.0,33.0,69.0,33.0,53.0,81.0,103.0,80.0,84.0,46.0,31.0,45.0,24.0,44.0,38.0,103.0,216.0,445.0,317.0,336.0,381.0,328.0,383.0,480.0,496.0,456.0,331.0,252.0,133.0,160.0,156.0,267.0,169.0,169.0,137.0,170.0,135.0,82.0,72.0,132.0,170.0,150.0,90.0,85.0,134.0,140.0,82.0,134.0,212.0,158.0,238.0,179.0,320.0,302.0,314.0,356.0,370.0,356.0,276.0,270.0,311.0,296.0,321.0,324.0,396.0,265.0,140.0,163.0,274.0,209.0,150.0,192.0,184.0,134.0,138.0,124.0,61.0,127.0,36.0,52.0,73.0,40.0,77.0,22.0,31.0,30.0,22.0,63.0,48.0,14.0,24.0,28.0,23.0,30.0,60.0,51.0,32.0,38.0,33.0,72.0,72.0,40.0,14.0,89.0,29.0,73.0,75.0,59.0,102.0,33.0,101.0,115.0,45.0,49.0,42.0,54.0,78.0,69.0,61.0,12.0
50.0,80.0,30.0,33.0,48.0,36.0,58.0,49.0,39.0,79.0,33.0,55.0,47.0,49.0,93.0,22.0,39.0,66.0,78.0,64.0,36.0,66.0,56.0,25.0,37.0,56.0,52.0,72.0,67.0,65.0,25.0,58.0,33.0,59.0,69.0,87.0,52.0,68.0,56.0,42.0,48.0,72.0,44.0,42.0,110.0,44.0,124.0,30.0,32.0,31.0,31.0,25.0,70.0,52.0,55.0,98.0,48.0,31.0,53.0,65.0,60.0,56.0,46.0,41.0,52.0,73.0,35.0,26.0,89.0,72.0,90.0,61.0,38.0,62.0,26.0,141.0,232.0,302.0,216.0,437.0,422.0,477.0,480.0,521.0,613.0,465.0,281.0,227.0,240.0,130.0,141.0,202.0,172.0,111.0,87.0,126.0,160.0,236.0,190.0,146.0,144.0,193.0,186.0,95.0,173.0,158.0,182.0,153.0,253.0,257.0,292.0,247.0,425.0,431.0,367.0,307.0,289.0,273.0,248.0,299.0,384.0,274.0,303.0,372.0,391.0,255.0,217.0,283.0,223.0,117.0,192.0,164.0,62.0,71.0,34.0,80.0,50.0,56.0,76.0,60.0,58.0,120.0,38.0,58.0,57.0,64.0,82.0,31.0,25.0,29.0,16.0,47.0,49.0,25.0,17.0,52.0,20.0,36.0,45.0,64.0,35.0,45.0,83.0,20.0,28.0,28.0,62.0,31.0,34.0,70.0,43.0,52.0
19.0,55.0,16.0,24.0,38.0,40.0,69.0,47.0,68.0,17.0,46.0,36.0,29.0,60.0,44.0,34.0,61.0,52.0,48.0,36.0,109.0,63.0,66.0,94.0,47.0,37.0,65.0,86.0,83.0,53.0,92.0,55.0,35.0,47.0,56.0,23.0,26.0,37.0,28.0,53.0,79.0,60.0,164.0,46.0,98.0,43.0,20.0,51.0,18.0,22.0,16.0,32.0,43.0,31.0,34.0,45.0,32.0,28.0,40.0,33.0,54.0,33.0,70.0,47.0,148.0,238.0,237.0,460.0,314.0,372.0,385.0,460.0,597.0,459.0,254.0,321.0,205.0,251.0,299.0,124.0,129.0,84.0,96.0,139.0,136.0,78.0,87.0,121.0,71.0,43.0,63.0,125.0,126.0,61.0,117.0,86.0,108.0,197.0,145.0,170.0,260.0,272.0,292.0,267.0,216.0,156.0,270.0,340.0,259.0,240.0,247.0,212.0,151.0,219.0,249.0,140.0,130.0,111.0,176.0,137.0,131.0,72.0,62.0,33.0,65.0,40.0,82.0,33.0,37.0,63.0,96.0,27.0,28.0,54.0,48.0,80.0,65.0,84.0,91.0,67.0,78.0,47.0,57.0,29.0,47.0,69.0,65.0,37.0,56.0,154.0,61.0,45.0,39.0,44.0,62.0,34.0,37.0,34.0,56.0,46.0,33.0,82.0,68.0,62.0,56.0,43.0,66.0,28.0,62.0,55.0,48.0,30.0
37.0,83.0,75.0,58.0,82.0,43.0,40.0,77.0,67.0,55.0,79.0,45.0,47.0,74.0,58.0,50.0,87.0,109.0,70.0,116.0,141.0,110.0,86.0,91.0,51.0,96.0,49.0,37.0,49.0,51.0,40.0,40.0,42.0,63.0,45.0,28.0,72.0,29.0,53.0,40.0,83.0,56.0,28.0,8.0,22.0,39.0,27.0,41.0,24.0,66.0,56.0,46.0,60.0,39.0,69.0,28.0,56.0,31.0,66.0,33.0,31.0,63.0,75.0,68.0,23.0,41.0,29.0,24.0,33.0,32.0,57.0,137.0,234.0,245.0,348.0,444.0,501.0,533.0,450.0,419.0,513.0,394.0,268.0,419.0,376.0,337.0,251.0,108.0,272.0,211.0,99.0,127.0,82.0,181.0,139.0,111.0,95.0,123.0,87.0,74.0,87.0,94.0,90.0,54.0,82.0,183.0,178.0,144.0,343.0,310.0,301.0,425.0,399.0,237.0,186.0,276.0,303.0,264.0,243.0,329.0,245.0,219.0,293.0,190.0,148.0,140.0,148.0,222.0,185.0,212.0,165.0,111.0,160.0,123.0,120.0,78.0,84.0,172.0,90.0,138.0,48.0,42.0,34.0,70.0,79.0,87.0,60.0,82.0,100.0,43.0,52.0,34.0,64.0,34.0,38.0,74.0,26.0,28.0,47.0,70.0,70.0,107.0,32.0,44.0,34.0,78.0,43.0,49.0,43.0,56.0,77.0,62.0
68.0,47.0,45.0,61.0,28.0,23.0,57.0,67.0,55.0,49.0,38.0,62.0,83.0,74.0,50.0,33.0,65.0,101.0,53.0,73.0,36.0,51.0,27.0,44.0,96.0,45.0,42.0,58.0,79.0,116.0,60.0,108.0,58.0,68.0,23.0,86.0,35.0,89.0,49.0,49.0,70.0,70.0,69.0,98.0,70.0,79.0,65.0,87.0,82.0,129.0,83.0,114.0,128.0,115.0,72.0,97.0,100.0,118.0,44.0,94.0,96.0,67.0,96.0,41.0,55.0,85.0,88.0,55.0,87.0,118.0,78.0,95.0,71.0,36.0,60.0,73.0,53.0,141.0,38.0,49.0,46.0,54.0,53.0,84.0,69.0,56.0,76.0,244.0,242.0,412.0,415.0,402.0,438.0,331.0,374.0,448.0,300.0,271.0,158.0,264.0,257.0,213.0,252.0,299.0,170.0,268.0,245.0,165.0,196.0,197.0,206.0,136.0,89.0,163.0,138.0,74.0,59.0,124.0,116.0,204.0,115.0,218.0,155.0,267.0,278.0,429.0,473.0,409.0,301.0,299.0,351.0,310.0,374.0,371.0,199.0,294.0,368.0,311.0,227.0,181.0,248.0,232.0,163.0,249.0,216.0,157.0,125.0,138.0,152.0,70.0,68.0,44.0,46.0,74.0,104.0,118.0,85.0,129.0,96.0,63.0,61.0,52.0,77.0,77.0,106.0,82.0,76.0,66.0,63.0,71.0,93.0,77.0
51.0,27.0,48.0,100.0,63.0,110.0,60.0,56.0,38.0,56.0,55.0,43.0,17.0,46.0,55.0,62.0,41.0,36.0,61.0,74.0,48.0,51.0,138.0,134.0,46.0,61.0,81.0,159.0,31.0,31.0,23.0,93.0,76.0,54.0,38.0,52.0,86.0,84.0,51.0,98.0,37.0,33.0,64.0,63.0,87.0,70.0,68.0,59.0,54.0,40.0,46.0,83.0,125.0,58.0,81.0,92.0,105.0,36.0,37.0,52.0,53.0,32.0,72.0,32.0,25.0,52.0,104.0,112.0,271.0,315.0,287.0,349.0,385.0,469.0,443.0,456.0,511.0,432.0,442.0,444.0,366.0,402.0,346.0,376.0,217.0,188.0,140.0,131.0,114.0,86.0,48.0,70.0,53.0,53.0,48.0,89.0,102.0,161.0,67.0,157.0,205.0,194.0,225.0,266.0,305.0,332.0,310.0,308.0,325.0,233.0,309.0,356.0,292.0,305.0,309.0,232.0,243.0,314.0,303.0,223.0,194.0,291.0,262.0,168.0,197.0,229.0,231.0,169.0,178.0,127.0,97.0,84.0,75.0,60.0,71.0,41.0,42.0,40.0,23.0,36.0,37.0,40.0,56.0,29.0,44.0,36.0,92.0,16.0,56.0,32.0,57.0,19.0,27.0,17.0,59.0,44.0,35.0,29.0,40.0,38.0,66.0,24.0,58.0,35.0,80.0,30.0,44.0,42.0,42.0,22.0,56.0,23.0
97.0,50.0,47.0,35.0,72.0,19.0,24.0,52.0,108.0,62.0,73.0,60.0,73.0,60.0,60.0,85.0,94.0,54.0,14.0,56.0,36.0,50.0,42.0,82.0,28.0,22.0,17.0,19.0,32.0,31.0,104.0,22.0,31.0,33.0,22.0,32.0,57.0,31.0,19.0,40.0,27.0,41.0,70.0,55.0,28.0,49.0,76.0,67.0,37.0,65.0,55.0,28.0,54.0,86.0,64.0,21.0,38.0,24.0,30.0,38.0,21.0,31.0,112.0,41.0,79.0,39.0,47.0,29.0,48.0,52.0,49.0,30.0,66.0,20.0,23.0,37.0,211.0,261.0,383.0,435.0,465.0,388.0,389.0,375.0,352.0,393.0,393.0,368.0,320.0,212.0,200.0,207.0,170.0,187.0,135.0,155.0,89.0,133.0,171.0,246.0,163.0,115.0,137.0,143.0,160.0,88.0,122.0,210.0,213.0,116.0,266.0,317.0,291.0,239.0,261.0,167.0,111.0,260.0,296.0,245.0,241.0,313.0,297.0,256.0,290.0,247.0,281.0,285.0,401.0,336.0,186.0,191.0,238.0,283.0,202.0,223.0,178.0,75.0,81.0,127.0,140.0,74.0,86.0,44.0,54.0,63.0,40.0,39.0,34.0,55.0,83.0,60.0,66.0,62.0,40.0,48.0,46.0,35.0,32.0,50.0,69.0,68.0,53.0,58.0,45.0,50.0,70.0,39.0,91.0,42.0,54.0,58.0
39.0,30.0,42.0,75.0,32.0,85.0,36.0,56.0,84.0,36.0,17.0,24.0,34.0,18.0,20.0,30.0,30.0,60.0,37.0,48.0,26.0,18.0,43.0,36.0,29.0,52.0,28.0,10.0,28.0,41.0,41.0,32.0,60.0,33.0,39.0,46.0,26.0,76.0,19.0,24.0,21.0,22.0,15.0,28.0,43.0,33.0,34.0,99.0,51.0,86.0,30.0,93.0,58.0,84.0,55.0,45.0,52.0,100.0,75.0,95.0,79.0,81.0,59.0,47.0,34.0,73.0,40.0,47.0,62.0,61.0,29.0,42.0,28.0,163.0,240.0,296.0,310.0,464.0,433.0,394.0,397.0,398.0,486.0,320.0,282.0,171.0,209.0,220.0,295.0,195.0,171.0,281.0,268.0,154.0,186.0,184.0,94.0,196.0,163.0,161.0,97.0,138.0,141.0,144.0,131.0,108.0,172.0,218.0,198.0,242.0,378.0,409.0,475.0,369.0,385.0,415.0,375.0,409.0,425.0,359.0,321.0,202.0,292.0,292.0,171.0,146.0,177.0,224.0,137.0,124.0,95.0,77.0,60.0,53.0,56.0,33.0,34.0,49.0,79.0,48.0,75.0,78.0,34.0,39.0,51.0,58.0,60.0,66.0,97.0,71.0,111.0,48.0,51.0,35.0,50.0,46.0,76.0,49.0,29.0,40.0,25.0,46.0,56.0,24.0,72.0,27.0,40.0,69.0,39.0,49.0,68.0,74.0
8.0,22.0,60.0,37.0,79.0,34.0,66.0,55.0,87.0,66.0,70.0,29.0,51.0,72.0,36.0,49.0,36.0,38.0,34.0,37.0,37.0,45.0,27.0,41.0,39.0,29.0,42.0,31.0,18.0,42.0,47.0,46.0,31.0,94.0,25.0,63.0,49.0,72.0,72.0,37.0,23.0,48.0,34.0,25.0,27.0,46.0,105.0,70.0,115.0,40.0,72.0,52.0,87.0,76.0,96.0,52.0,59.0,60.0,45.0,31.0,69.0,47.0,22.0,13.0,40.0,27.0,22.0,49.0,19.0,68.0,38.0,24.0,32.0,48.0,20.0,32.0,34.0,42.0,19.0,32.0,30.0,45.0,40.0,53.0,44.0,111.0,188.0,161.0,346.0,370.0,437.0,422.0,485.0,423.0,335.0,340.0,398.0,356.0,348.0,186.0,245.0,239.0,208.0,221.0,144.0,113.0,110.0,119.0,110.0,83.0,234.0,148.0,129.0,73.0,153.0,163.0,178.0,188.0,179.0,172.0,163.0,197.0,234.0,170.0,154.0,185.0,217.0,213.0,281.0,291.0,309.0,246.0,308.0,256.0,283.0,239.0,267.0,247.0,285.0,223.0,158.0,128.0,164.0,182.0,155.0,160.0,101.0,61.0,86.0,66.0,93.0,97.0,72.0,57.0,35.0,56.0,31.0,29.0,51.0,30.0,18.0,31.0,19.0,24.0,42.0,40.0,26.0,16.0,53.0,42.0,63.0,43.0
33.0,52.0,64.0,79.0,44.0,43.0,34.0,67.0,29.0,19.0,40.0,13.0,72.0,35.0,28.0,52.0,52.0,89.0,30.0,63.0,47.0,43.0,77.0,42.0,100.0,73.0,54.0,40.0,34.0,38.0,99.0,73.0,47.0,72.0,50.0,28.0,82.0,11.0,63.0,30.0,50.0,48.0,33.0,74.0,78.0,48.0,79.0,66.0,73.0,41.0,74.0,54.0,57.0,67.0,37.0,111.0,44.0,79.0,74.0,94.0,71.0,31.0,43.0,66.0,45.0,35.0,21.0,35.0,33.0,20.0,28.0,40.0,50.0,61.0,38.0,35.0,33.0,42.0,83.0,63.0,71.0,33.0,34.0,34.0,39.0,47.0,38.0,38.0,85.0,98.0,221.0,327.0,343.0,334.0,400.0,556.0,364.0,277.0,327.0,167.0,148.0,172.0,145.0,147.0,150.0,227.0,238.0,146.0,218.0,183.0,271.0,148.0,191.0,169.0,201.0,156.0,130.0,168.0,142.0,107.0,99.0,202.0,223.0,263.0,244.0,259.0,278.0,243.0,323.0,312.0,214.0,237.0,278.0,358.0,333.0,300.0,429.0,303.0,380.0,408.0,384.0,366.0,235.0,254.0,342.0,236.0,319.0,344.0,304.0,130.0,122.0,204.0,142.0,96.0,89.0,96.0,92.0,43.0,34.0,92.0,31.0,55.0,33.0,41.0,26.0,36.0,50.0,66.0,61.0,44.0,59.0,40.0
58.0,37.0,32.0,61.0,34.0,602.0,32.0,41.0,60.0,57.0,49.0,35.0,48.0,78.0,54.0,30.0,30.0,16.0,111.0,54.0,41.0,37.0,32.0,63.0,29.0,20.0,32.0,29.0,30.0,28.0,72.0,64.0,38.0,67.0,40.0,42.0,39.0,26.0,60.0,26.0,58.0,27.0,50.0,40.0,47.0,22.0,38.0,27.0,55.0,37.0,37.0,27.0,42.0,24.0,37.0,31.0,36.0,29.0,59.0,36.0,57.0,50.0,52.0,64.0,61.0,217.0,231.0,416.0,386.0,401.0,410.0,596.0,609.0,570.0,459.0,377.0,251.0,254.0,141.0,191.0,172.0,137.0,133.0,79.0,178.0,63.0,89.0,57.0,90.0,141.0,112.0,122.0,150.0,173.0,169.0,136.0,169.0,169.0,143.0,144.0,235.0,233.0,176.0,207.0,213.0,127.0,195.0,294.0,188.0,188.0,163.0,163.0,118.0,192.0,217.0,198.0,203.0,251.0,239.0,219.0,220.0,291.0,227.0,277.0,291.0,346.0,252.0,255.0,224.0,100.0,92.0,69.0,57.0,59.0,38.0,71.0,32.0,52.0,30.0,34.0,34.0,40.0,94.0,24.0,18.0,25.0,26.0,33.0,16.0,32.0,24.0,28.0,64.0,104.0,35.0,42.0,96.0,50.0,38.0,30.0,43.0,85.0,25.0,20.0,27.0,18.0,21.0,36.0,46.0,21.0,40.0,20.0
51.0,67.0,116.0,74.0,75.0,66.0,58.0,75.0,90.0,42.0,38.0,54.0,28.0,112.0,72.0,69.0,50.0,53.0,49.0,71.0,78.0,112.0,42.0,78.0,88.0,54.0,119.0,74.0,56.0,63.0,38.0,50.0,69.0,75.0,49.0,63.0,78.0,60.0,87.0,36.0,65.0,73.0,83.0,88.0,103.0,61.0,83.0,71.0,50.0,68.0,63.0,24.0,61.0,37.0,21.0,67.0,29.0,17.0,19.0,29.0,17.0,32.0,23.0,37.0,30.0,71.0,232.0,178.0,489.0,452.0,419.0,476.0,713.0,577.0,588.0,522.0,541.0,393.0,376.0,215.0,227.0,191.0,174.0,173.0,210.0,218.0,105.0,186.0,118.0,74.0,151.0,205.0,127.0,76.0,95.0,210.0,127.0,231.0,201.0,120.0,148.0,233.0,238.0,263.0,314.0,188.0,360.0,329.0,217.0,340.0,376.0,246.0,197.0,314.0,344.0,179.0,307.0,219.0,174.0,355.0,249.0,184.0,239.0,193.0,161.0,218.0,233.0,120.0,206.0,154.0,134.0,116.0,52.0,212.0,147.0,95.0,133.0,62.0,115.0,69.0,35.0,61.0,36.0,30.0,65.0,93.0,43.0,41.0,97.0,65.0,91.0,65.0,28.0,76.0,53.0,56.0,29.0,48.0,25.0,35.0,26.0,64.0,68.0,68.0,55.0,63.0,46.0,55.0,26.0,84.0,26.0,23.0
109.0,86.0,119.0,36.0,46.0,75.0,37.0,68.0,57.0,63.0,42.0,47.0,32.0,50.0,43.0,73.0,49.0,20.0,42.0,67.0,71.0,39.0,125.0,105.0,85.0,33.0,40.0,73.0,55.0,26.0,109.0,39.0,55.0,33.0,55.0,87.0,102.0,41.0,58.0,57.0,101.0,77.0,101.0,49.0,67.0,64.0,44.0,65.0,20.0,20.0,62.0,46.0,92.0,57.0,148.0,275.0,369.0,286.0,388.0,510.0,562.0,624.0,651.0,575.0,524.0,402.0,407.0,288.0,413.0,206.0,294.0,316.0,210.0,270.0,102.0,88.0,72.0,119.0,121.0,86.0,130.0,112.0,130.0,110.0,135.0,152.0,127.0,146.0,165.0,70.0,172.0,252.0,199.0,299.0,300.0,208.0,392.0,413.0,335.0,502.0,461.0,341.0,475.0,416.0,251.0,415.0,376.0,202.0,453.0,346.0,314.0,533.0,243.0,331.0,478.0,234.0,258.0,258.0,146.0,126.0,130.0,163.0,111.0,99.0,118.0,104.0,59.0,146.0,111.0,91.0,140.0,60.0,88.0,64.0,102.0,69.0,42.0,56.0,136.0,52.0,98.0,65.0,55.0,40.0,98.0,46.0,71.0,48.0,31.0,25.0,57.0,62.0,82.0,30.0,70.0,25.0,25.0,62.0,62.0,99.0,101.0,71.0,50.0,82.0,50.0,42.0,55.0,39.0,42.0,22.0,47.0,34.0
59.0,26.0,47.0,47.0,40.0,99.0,43.0,42.0,102.0,75.0,61.0,39.0,33.0,48.0,45.0,58.0,89.0,39.0,91.0,128.0,126.0,161.0,125.0,148.0,162.0,97.0,130.0,92.0,73.0,51.0,83.0,73.0,69.0,47.0,57.0,92.0,66.0,54.0,31.0,20.0,53.0,36.0,53.0,31.0,43.0,20.0,45.0,35.0,76.0,80.0,20.0,43.0,44.0,103.0,17.0,86.0,139.0,289.0,478.0,662.0,549.0,685.0,917.0,667.0,580.0,490.0,385.0,443.0,241.0,411.0,436.0,268.0,277.0,170.0,131.0,138.0,130.0,106.0,87.0,109.0,140.0,94.0,91.0,66.0,128.0,76.0,172.0,89.0,71.0,121.0,237.0,151.0,151.0,299.0,220.0,292.0,282.0,268.0,358.0,369.0,294.0,415.0,326.0,378.0,300.0,380.0,330.0,503.0,356.0,215.0,392.0,274.0,135.0,367.0,226.0,84.0,279.0,237.0,165.0,238.0,239.0,112.0,173.0,160.0,96.0,158.0,163.0,184.0,152.0,166.0,209.0,125.0,33.0,56.0,88.0,45.0,64.0,48.0,54.0,94.0,55.0,42.0,33.0,47.0,29.0,28.0,82.0,59.0,23.0,41.0,66.0,36.0,108.0,93.0,59.0,54.0,83.0,47.0,93.0,82.0,36.0,55.0,45.0,62.0,145.0,69.0,69.0,45.0,19.0,56.0,50.0,45.0
