14.0,15.0,8.0,18.0,14.0,14.0,7.0,15.0,15.0,16.0,37.0,6.0,58.0,10.0,17.0,15.0,21.0,26.0,5.0,40.0,15.0,17.0,28.0,19.0,16.0,11.0,24.0,23.0,21.0,16.0,1.0,16.0,15.0,27.0,12.0,24.0,6.0,40.0,15.0,23.0,9.0,10.0,7.0,19.0,17.0,30.0,10.0,10.0,14.0,26.0,27.0,4.0,13.0,13.0,15.0,9.0,18.0,19.0,14.0,12.0,17.0,11.0,21.0,11.0,10.0,16.0,32.0,14.0,19.0,20.0,16.0,14.0,24.0,12.0,14.0,2.0,14.0,17.0,16.0,16.0,4.0,7.0,11.0,27.0,9.0,15.0,14.0,19.0,41.0,61.0,89.0,105.0,110.0,121.0,116.0,109.0,113.0,115.0,119.0,111.0,120.0,119.0,119.0,103.0,91.0,47.0,18.0,13.0,14.0,11.0,23.0,31.0,17.0,14.0,10.0,17.0,17.0,23.0,15.0,9.0,11.0,28.0,17.0,23.0,14.0,21.0,7.0,12.0,21.0,9.0,14.0,15.0,10.0,11.0,7.0,15.0,21.0,25.0,30.0,29.0,25.0,22.0,17.0,10.0,19.0,13.0,21.0,15.0,18.0,18.0,22.0,17.0,22.0,27.0,16.0,18.0,10.0,10.0,9.0,9.0,11.0,30.0,13.0,14.0,17.0,6.0,16.0,16.0,8.0,23.0,19.0,30.0
18.0,19.0,13.0,17.0,18.0,14.0,4.0,13.0,11.0,11.0,17.0,20.0,16.0,14.0,20.0,17.0,13.0,10.0,8.0,12.0,14.0,13.0,13.0,13.0,18.0,13.0,18.0,14.0,14.0,16.0,12.0,12.0,16.0,18.0,17.0,11.0,9.0,24.0,16.0,14.0,14.0,8.0,16.0,7.0,11.0,21.0,17.0,13.0,19.0,24.0,18.0,21.0,12.0,14.0,16.0,14.0,9.0,21.0,15.0,5.0,14.0,17.0,15.0,15.0,13.0,21.0,27.0,51.0,101.0,431.0,438.0,465.0,394.0,616.0,501.0,391.0,457.0,456.0,448.0,341.0,513.0,417.0,297.0,222.0,239.0,140.0,91.0,126.0,68.0,32.0,38.0,43.0,50.0,52.0,50.0,43.0,57.0,42.0,41.0,33.0,35.0,39.0,33.0,23.0,31.0,14.0,14.0,10.0,26.0,13.0,33.0,19.0,17.0,19.0,17.0,36.0,107.0,90.0,79.0,166.0,99.0,145.0,80.0,92.0,50.0,108.0,84.0,47.0,24.0,53.0,37.0,60.0,49.0,41.0,80.0,53.0,51.0,21.0,27.0,12.0,14.0,22.0,18.0,10.0,12.0,11.0,18.0,28.0,33.0,29.0,30.0,20.0,25.0,20.0,16.0,19.0,16.0,17.0,24.0,29.0,25.0,17.0,22.0,27.0,22.0,34.0,11.0,34.0,20.0,21.0,23.0,16.0
12.0,21.0,10.0,24.0,23.0,4.0,18.0,8.0,14.0,14.0,10.0,10.0,15.0,14.0,9.0,7.0,18.0,17.0,12.0,6.0,12.0,27.0,17.0,17.0,17.0,4.0,17.0,8.0,9.0,12.0,10.0,16.0,11.0,13.0,20.0,4.0,18.0,15.0,20.0,11.0,6.0,15.0,8.0,14.0,18.0,12.0,14.0,140.0,84.0,264.0,382.0,307.0,446.0,437.0,412.0,361.0,430.0,471.0,307.0,521.0,431.0,270.0,417.0,327.0,238.0,172.0,230.0,167.0,96.0,78.0,74.0,23.0,25.0,31.0,23.0,28.0,35.0,17.0,22.0,18.0,33.0,26.0,29.0,46.0,28.0,20.0,12.0,9.0,29.0,18.0,29.0,13.0,14.0,19.0,16.0,9.0,17.0,73.0,101.0,58.0,78.0,143.0,83.0,93.0,63.0,33.0,69.0,38.0,49.0,74.0,58.0,67.0,39.0,22.0,14.0,13.0,16.0,15.0,20.0,18.0,11.0,7.0,16.0,16.0,10.0,10.0,14.0,6.0,10.0,17.0,30.0,19.0,10.0,11.0,14.0,21.0,9.0,17.0,12.0,9.0,18.0,12.0,17.0,12.0,18.0,26.0,16.0,21.0,10.0,14.0,18.0,21.0,28.0,14.0,15.0,10.0,10.0,8.0,8.0,5.0,19.0,10.0,17.0,23.0,18.0,15.0,21.0,19.0,37.0,9.0,12.0,12.0
5.0,9.0,18.0,17.0,19.0,21.0,16.0,11.0,2.0,9.0,8.0,14.0,9.0,20.0,13.0,14.0,17.0,11.0,10.0,18.0,24.0,16.0,4.0,16.0,10.0,24.0,18.0,16.0,12.0,4.0,15.0,15.0,13.0,10.0,15.0,10.0,14.0,7.0,11.0,11.0,21.0,14.0,17.0,8.0,22.0,10.0,38.0,75.0,139.0,174.0,166.0,231.0,235.0,215.0,250.0,316.0,250.0,354.0,377.0,289.0,395.0,401.0,316.0,407.0,279.0,188.0,100.0,139.0,121.0,97.0,44.0,41.0,32.0,15.0,23.0,27.0,21.0,36.0,13.0,18.0,31.0,23.0,29.0,28.0,24.0,29.0,22.0,13.0,23.0,20.0,17.0,13.0,13.0,14.0,12.0,14.0,13.0,4.0,14.0,37.0,69.0,86.0,51.0,83.0,100.0,87.0,133.0,73.0,80.0,114.0,47.0,74.0,70.0,22.0,50.0,44.0,69.0,69.0,41.0,30.0,23.0,15.0,10.0,13.0,14.0,9.0,36.0,12.0,23.0,8.0,15.0,19.0,13.0,10.0,13.0,10.0,13.0,12.0,27.0,10.0,21.0,19.0,15.0,21.0,7.0,13.0,12.0,19.0,21.0,21.0,17.0,9.0,14.0,23.0,21.0,20.0,15.0,14.0,13.0,36.0,31.0,18.0,20.0,15.0,23.0,26.0,21.0,23.0,19.0,15.0,15.0,16.0
17.0,25.0,11.0,12.0,3.0,8.0,14.0,9.0,22.0,21.0,11.0,22.0,10.0,17.0,16.0,13.0,25.0,10.0,6.0,15.0,15.0,12.0,17.0,15.0,9.0,11.0,14.0,15.0,13.0,13.0,13.0,14.0,25.0,16.0,12.0,85.0,75.0,144.0,140.0,122.0,193.0,210.0,210.0,191.0,258.0,270.0,215.0,297.0,251.0,204.0,279.0,295.0,217.0,362.0,350.0,273.0,149.0,179.0,137.0,85.0,69.0,42.0,33.0,30.0,27.0,31.0,18.0,20.0,24.0,29.0,45.0,19.0,32.0,25.0,16.0,11.0,34.0,10.0,21.0,35.0,24.0,20.0,30.0,41.0,25.0,25.0,24.0,29.0,52.0,109.0,97.0,54.0,80.0,55.0,90.0,36.0,44.0,90.0,32.0,86.0,36.0,83.0,83.0,48.0,34.0,18.0,14.0,15.0,19.0,20.0,11.0,13.0,19.0,12.0,12.0,26.0,23.0,20.0,20.0,26.0,6.0,23.0,12.0,15.0,16.0,19.0,19.0,15.0,9.0,16.0,15.0,9.0,19.0,12.0,34.0,11.0,14.0,11.0,12.0,14.0,10.0,23.0,22.0,14.0,15.0,13.0,18.0,17.0,18.0,6.0,15.0,11.0,23.0,24.0,22.0,16.0,12.0,12.0,15.0,7.0,29.0,20.0,13.0,24.0,22.0,14.0,25.0,19.0,25.0,10.0,13.0,24.0
11.0,16.0,14.0,10.0,14.0,13.0,17.0,11.0,15.0,27.0,13.0,14.0,35.0,21.0,9.0,6.0,18.0,23.0,22.0,16.0,12.0,14.0,18.0,15.0,18.0,13.0,17.0,13.0,21.0,11.0,18.0,18.0,24.0,13.0,10.0,17.0,22.0,14.0,14.0,11.0,10.0,19.0,12.0,18.0,15.0,9.0,12.0,61.0,132.0,210.0,311.0,194.0,382.0,396.0,324.0,514.0,463.0,340.0,416.0,514.0,352.0,423.0,454.0,413.0,314.0,422.0,320.0,183.0,231.0,145.0,134.0,143.0,89.0,56.0,59.0,42.0,37.0,31.0,26.0,26.0,17.0,22.0,26.0,27.0,20.0,22.0,23.0,21.0,6.0,20.0,7.0,12.0,7.0,4.0,12.0,23.0,11.0,14.0,20.0,10.0,79.0,149.0,102.0,81.0,130.0,82.0,113.0,78.0,27.0,113.0,49.0,34.0,46.0,78.0,60.0,48.0,63.0,25.0,25.0,20.0,11.0,10.0,25.0,12.0,15.0,17.0,22.0,19.0,30.0,15.0,14.0,20.0,17.0,17.0,12.0,10.0,11.0,20.0,14.0,15.0,9.0,14.0,8.0,21.0,13.0,16.0,17.0,14.0,19.0,14.0,10.0,22.0,15.0,20.0,20.0,12.0,20.0,24.0,18.0,17.0,12.0,14.0,14.0,28.0,12.0,10.0,23.0,17.0,19.0,11.0,12.0,35.0
20.0,10.0,9.0,13.0,26.0,17.0,7.0,8.0,17.0,17.0,5.0,11.0,10.0,15.0,8.0,12.0,16.0,16.0,22.0,22.0,13.0,14.0,13.0,10.0,15.0,12.0,15.0,16.0,14.0,23.0,14.0,16.0,6.0,11.0,17.0,12.0,8.0,21.0,7.0,16.0,24.0,8.0,15.0,4.0,22.0,18.0,15.0,20.0,25.0,17.0,10.0,23.0,27.0,62.0,155.0,231.0,303.0,264.0,293.0,359.0,268.0,427.0,368.0,270.0,464.0,428.0,281.0,458.0,458.0,293.0,295.0,164.0,129.0,87.0,88.0,84.0,21.0,26.0,24.0,39.0,19.0,22.0,16.0,29.0,26.0,27.0,27.0,31.0,22.0,19.0,16.0,12.0,11.0,16.0,14.0,23.0,25.0,9.0,10.0,19.0,29.0,58.0,85.0,61.0,21.0,26.0,42.0,70.0,43.0,26.0,9.0,15.0,14.0,73.0,40.0,36.0,43.0,42.0,33.0,21.0,11.0,17.0,22.0,19.0,9.0,23.0,16.0,13.0,11.0,12.0,9.0,8.0,8.0,8.0,12.0,10.0,16.0,13.0,15.0,11.0,9.0,5.0,17.0,14.0,8.0,14.0,15.0,17.0,10.0,13.0,18.0,11.0,15.0,29.0,20.0,14.0,12.0,8.0,7.0,13.0,12.0,11.0,9.0,18.0,12.0,20.0,12.0,15.0,11.0,16.0,8.0,17.0
18.0,15.0,27.0,13.0,14.0,13.0,12.0,8.0,21.0,7.0,11.0,8.0,17.0,14.0,20.0,18.0,23.0,10.0,17.0,19.0,8.0,14.0,8.0,13.0,20.0,19.0,8.0,22.0,16.0,10.0,19.0,23.0,10.0,13.0,18.0,9.0,20.0,13.0,16.0,151.0,114.0,217.0,261.0,288.0,295.0,315.0,336.0,224.0,380.0,303.0,306.0,240.0,347.0,419.0,320.0,483.0,330.0,236.0,227.0,195.0,118.0,171.0,79.0,48.0,35.0,21.0,30.0,25.0,33.0,27.0,24.0,25.0,33.0,38.0,30.0,29.0,40.0,22.0,13.0,30.0,6.0,10.0,15.0,11.0,13.0,18.0,30.0,20.0,31.0,11.0,85.0,121.0,86.0,79.0,73.0,99.0,105.0,48.0,27.0,103.0,60.0,28.0,35.0,70.0,96.0,54.0,69.0,59.0,33.0,34.0,18.0,24.0,15.0,17.0,34.0,24.0,21.0,10.0,18.0,14.0,18.0,18.0,26.0,13.0,15.0,14.0,14.0,15.0,17.0,13.0,16.0,21.0,14.0,11.0,23.0,12.0,25.0,17.0,28.0,7.0,7.0,20.0,8.0,16.0,23.0,3.0,8.0,11.0,21.0,9.0,30.0,15.0,14.0,13.0,27.0,15.0,17.0,9.0,10.0,13.0,12.0,14.0,16.0,18.0,13.0,12.0,26.0,22.0,19.0,34.0,14.0,13.0
12.0,8.0,11.0,22.0,14.0,11.0,8.0,9.0,14.0,25.0,15.0,19.0,17.0,15.0,33.0,18.0,25.0,10.0,15.0,10.0,5.0,9.0,11.0,18.0,21.0,8.0,14.0,9.0,12.0,13.0,20.0,20.0,13.0,19.0,19.0,23.0,10.0,20.0,18.0,12.0,9.0,12.0,15.0,14.0,13.0,25.0,21.0,15.0,16.0,15.0,15.0,16.0,23.0,16.0,41.0,72.0,153.0,171.0,236.0,367.0,305.0,386.0,498.0,385.0,445.0,507.0,527.0,379.0,678.0,491.0,407.0,384.0,301.0,210.0,208.0,219.0,154.0,91.0,68.0,92.0,45.0,22.0,24.0,15.0,16.0,21.0,23.0,26.0,37.0,26.0,31.0,25.0,20.0,18.0,7.0,17.0,21.0,30.0,14.0,12.0,18.0,19.0,14.0,17.0,13.0,26.0,52.0,118.0,71.0,26.0,51.0,47.0,87.0,54.0,28.0,17.0,12.0,15.0,90.0,43.0,48.0,79.0,55.0,55.0,20.0,16.0,8.0,15.0,14.0,6.0,14.0,10.0,21.0,13.0,13.0,11.0,14.0,14.0,21.0,21.0,18.0,13.0,17.0,23.0,15.0,15.0,15.0,18.0,10.0,13.0,20.0,23.0,15.0,9.0,13.0,19.0,18.0,8.0,5.0,13.0,14.0,11.0,19.0,11.0,14.0,13.0,12.0,10.0,10.0,21.0,14.0,16.0
14.0,12.0,30.0,13.0,40.0,20.0,27.0,13.0,13.0,14.0,7.0,14.0,8.0,18.0,12.0,8.0,14.0,11.0,19.0,18.0,15.0,12.0,14.0,16.0,15.0,20.0,14.0,14.0,5.0,9.0,6.0,22.0,17.0,10.0,13.0,16.0,10.0,22.0,10.0,11.0,9.0,18.0,5.0,23.0,30.0,14.0,9.0,13.0,12.0,21.0,14.0,19.0,25.0,4.0,16.0,31.0,149.0,186.0,365.0,335.0,265.0,351.0,274.0,433.0,409.0,317.0,383.0,496.0,319.0,586.0,511.0,334.0,416.0,295.0,252.0,87.0,177.0,134.0,73.0,69.0,51.0,33.0,30.0,22.0,21.0,18.0,31.0,18.0,23.0,38.0,17.0,24.0,27.0,26.0,15.0,13.0,13.0,21.0,10.0,11.0,12.0,14.0,17.0,21.0,12.0,16.0,15.0,36.0,96.0,70.0,38.0,28.0,60.0,58.0,22.0,20.0,66.0,26.0,58.0,42.0,75.0,83.0,35.0,43.0,44.0,23.0,22.0,8.0,18.0,13.0,12.0,19.0,14.0,13.0,18.0,13.0,17.0,22.0,16.0,33.0,10.0,19.0,20.0,11.0,9.0,11.0,16.0,14.0,12.0,19.0,14.0,24.0,14.0,15.0,14.0,17.0,10.0,17.0,16.0,11.0,17.0,16.0,8.0,3.0,17.0,9.0,17.0,15.0,12.0,9.0,10.0,20.0
9.0,20.0,8.0,16.0,15.0,17.0,17.0,16.0,16.0,6.0,15.0,14.0,11.0,15.0,17.0,9.0,13.0,9.0,11.0,16.0,15.0,9.0,16.0,7.0,12.0,13.0,14.0,13.0,9.0,19.0,19.0,10.0,19.0,15.0,13.0,10.0,6.0,11.0,19.0,12.0,5.0,12.0,15.0,9.0,18.0,17.0,25.0,11.0,13.0,13.0,12.0,14.0,3.0,16.0,22.0,14.0,19.0,5.0,13.0,25.0,3.0,9.0,11.0,22.0,17.0,19.0,15.0,63.0,120.0,223.0,227.0,311.0,403.0,256.0,423.0,390.0,261.0,407.0,348.0,338.0,461.0,306.0,328.0,416.0,305.0,321.0,225.0,162.0,74.0,121.0,114.0,47.0,31.0,22.0,26.0,30.0,17.0,25.0,25.0,21.0,31.0,31.0,31.0,31.0,31.0,48.0,24.0,12.0,22.0,5.0,26.0,8.0,25.0,13.0,17.0,24.0,20.0,30.0,6.0,7.0,14.0,78.0,63.0,57.0,47.0,60.0,24.0,63.0,31.0,20.0,45.0,47.0,48.0,73.0,59.0,50.0,67.0,18.0,30.0,21.0,10.0,15.0,5.0,12.0,11.0,10.0,15.0,16.0,14.0,22.0,10.0,16.0,7.0,9.0,14.0,7.0,12.0,14.0,15.0,19.0,9.0,5.0,9.0,5.0,12.0,26.0,21.0,19.0,11.0,28.0,19.0,11.0
8.0,14.0,13.0,19.0,14.0,12.0,6.0,19.0,12.0,8.0,18.0,21.0,15.0,10.0,9.0,27.0,19.0,14.0,15.0,22.0,22.0,24.0,16.0,21.0,15.0,14.0,6.0,7.0,14.0,18.0,16.0,20.0,22.0,14.0,7.0,10.0,9.0,16.0,18.0,21.0,14.0,6.0,35.0,26.0,67.0,198.0,219.0,243.0,329.0,276.0,272.0,313.0,256.0,342.0,335.0,266.0,449.0,402.0,419.0,526.0,332.0,191.0,208.0,117.0,116.0,114.0,68.0,50.0,34.0,35.0,38.0,30.0,32.0,28.0,15.0,26.0,20.0,20.0,33.0,26.0,48.0,15.0,19.0,13.0,11.0,12.0,25.0,8.0,11.0,14.0,9.0,25.0,14.0,28.0,18.0,23.0,15.0,8.0,43.0,92.0,56.0,64.0,61.0,38.0,44.0,47.0,59.0,38.0,61.0,36.0,40.0,30.0,78.0,66.0,34.0,37.0,19.0,8.0,15.0,14.0,12.0,15.0,9.0,26.0,24.0,14.0,16.0,15.0,8.0,13.0,7.0,20.0,20.0,15.0,11.0,9.0,14.0,7.0,19.0,19.0,9.0,10.0,10.0,21.0,7.0,4.0,15.0,10.0,14.0,17.0,16.0,16.0,17.0,17.0,4.0,14.0,8.0,10.0,14.0,12.0,11.0,8.0,6.0,25.0,11.0,17.0,12.0,7.0,11.0,18.0,16.0,12.0
6.0,23.0,15.0,14.0,11.0,6.0,18.0,17.0,13.0,9.0,9.0,10.0,8.0,10.0,13.0,10.0,20.0,17.0,6.0,5.0,10.0,7.0,15.0,17.0,19.0,13.0,12.0,14.0,15.0,11.0,19.0,10.0,5.0,13.0,6.0,14.0,13.0,17.0,19.0,49.0,55.0,51.0,71.0,97.0,194.0,281.0,339.0,363.0,381.0,494.0,328.0,403.0,454.0,334.0,394.0,462.0,416.0,516.0,567.0,377.0,219.0,243.0,190.0,69.0,96.0,63.0,52.0,41.0,28.0,15.0,22.0,20.0,30.0,24.0,26.0,22.0,31.0,18.0,29.0,17.0,16.0,22.0,18.0,14.0,20.0,13.0,17.0,13.0,7.0,12.0,5.0,16.0,10.0,59.0,105.0,61.0,61.0,116.0,79.0,48.0,58.0,81.0,44.0,46.0,61.0,75.0,47.0,59.0,90.0,78.0,63.0,60.0,38.0,39.0,49.0,32.0,37.0,18.0,17.0,28.0,19.0,6.0,10.0,19.0,11.0,15.0,12.0,11.0,11.0,11.0,14.0,8.0,12.0,17.0,17.0,13.0,14.0,12.0,14.0,18.0,15.0,11.0,12.0,15.0,20.0,10.0,20.0,14.0,10.0,10.0,12.0,9.0,9.0,11.0,13.0,15.0,13.0,15.0,11.0,10.0,19.0,9.0,6.0,12.0,12.0,15.0,12.0,13.0,19.0,9.0,11.0,14.0
13.0,6.0,18.0,17.0,17.0,7.0,14.0,13.0,9.0,16.0,9.0,13.0,20.0,11.0,10.0,10.0,17.0,23.0,25.0,10.0,11.0,16.0,9.0,17.0,9.0,23.0,17.0,12.0,25.0,25.0,14.0,22.0,16.0,18.0,99.0,70.0,170.0,192.0,177.0,333.0,374.0,279.0,442.0,434.0,327.0,473.0,539.0,409.0,458.0,510.0,407.0,454.0,523.0,479.0,388.0,253.0,254.0,96.0,183.0,143.0,74.0,109.0,55.0,35.0,44.0,34.0,31.0,38.0,24.0,22.0,29.0,27.0,27.0,32.0,17.0,11.0,16.0,11.0,15.0,10.0,21.0,10.0,24.0,15.0,36.0,19.0,13.0,14.0,18.0,47.0,122.0,82.0,47.0,104.0,70.0,29.0,57.0,52.0,43.0,58.0,98.0,47.0,26.0,70.0,56.0,79.0,54.0,63.0,40.0,41.0,20.0,23.0,17.0,27.0,14.0,10.0,17.0,11.0,18.0,15.0,25.0,23.0,15.0,10.0,8.0,6.0,9.0,15.0,18.0,15.0,17.0,10.0,14.0,15.0,6.0,13.0,17.0,17.0,14.0,12.0,10.0,17.0,20.0,12.0,13.0,9.0,21.0,11.0,12.0,14.0,24.0,12.0,8.0,13.0,18.0,13.0,12.0,11.0,17.0,11.0,28.0,64.0,15.0,63.0,27.0,42.0,6.0,31.0,57.0,13.0,11.0,8.0
20.0,28.0,14.0,16.0,13.0,16.0,14.0,26.0,14.0,7.0,14.0,14.0,11.0,21.0,15.0,18.0,6.0,10.0,13.0,15.0,9.0,14.0,17.0,9.0,10.0,12.0,14.0,12.0,7.0,16.0,18.0,11.0,8.0,9.0,88.0,90.0,96.0,162.0,161.0,194.0,125.0,492.0,569.0,459.0,707.0,585.0,496.0,669.0,546.0,485.0,628.0,515.0,457.0,591.0,588.0,323.0,347.0,233.0,106.0,214.0,137.0,58.0,100.0,44.0,22.0,18.0,25.0,47.0,38.0,17.0,44.0,35.0,36.0,21.0,31.0,30.0,27.0,8.0,10.0,17.0,21.0,14.0,20.0,12.0,17.0,13.0,12.0,31.0,33.0,17.0,6.0,9.0,20.0,80.0,77.0,64.0,108.0,69.0,43.0,73.0,50.0,21.0,78.0,64.0,28.0,35.0,56.0,63.0,52.0,70.0,47.0,30.0,17.0,21.0,14.0,32.0,14.0,30.0,23.0,27.0,25.0,17.0,23.0,30.0,20.0,29.0,16.0,20.0,22.0,31.0,33.0,42.0,46.0,52.0,30.0,17.0,24.0,30.0,13.0,15.0,17.0,12.0,19.0,13.0,21.0,18.0,18.0,11.0,8.0,11.0,17.0,13.0,17.0,10.0,19.0,31.0,19.0,39.0,26.0,28.0,18.0,34.0,24.0,21.0,19.0,12.0,16.0,16.0,15.0,23.0,31.0,14.0
9.0,14.0,12.0,13.0,12.0,25.0,19.0,20.0,26.0,13.0,9.0,18.0,11.0,23.0,16.0,12.0,15.0,17.0,10.0,19.0,15.0,20.0,13.0,17.0,15.0,11.0,16.0,11.0,14.0,10.0,12.0,16.0,24.0,25.0,13.0,14.0,18.0,18.0,8.0,17.0,13.0,11.0,22.0,12.0,11.0,20.0,17.0,11.0,20.0,86.0,17.0,14.0,17.0,7.0,12.0,12.0,10.0,17.0,23.0,13.0,22.0,20.0,39.0,31.0,23.0,84.0,155.0,125.0,215.0,461.0,489.0,416.0,440.0,462.0,364.0,305.0,351.0,349.0,279.0,414.0,281.0,273.0,189.0,207.0,83.0,136.0,121.0,66.0,38.0,32.0,17.0,19.0,34.0,18.0,24.0,24.0,27.0,35.0,42.0,50.0,30.0,26.0,15.0,18.0,25.0,10.0,13.0,14.0,21.0,18.0,8.0,15.0,7.0,9.0,15.0,3.0,19.0,29.0,98.0,96.0,54.0,43.0,69.0,63.0,26.0,8.0,41.0,38.0,40.0,57.0,59.0,62.0,78.0,41.0,29.0,17.0,8.0,10.0,14.0,15.0,14.0,15.0,10.0,12.0,11.0,31.0,13.0,22.0,16.0,11.0,12.0,25.0,19.0,15.0,13.0,12.0,9.0,10.0,14.0,10.0,22.0,16.0,8.0,17.0,13.0,18.0,12.0,19.0,14.0,14.0,20.0,13.0
17.0,17.0,12.0,8.0,13.0,7.0,10.0,6.0,7.0,6.0,21.0,10.0,11.0,12.0,18.0,7.0,4.0,13.0,20.0,25.0,14.0,6.0,14.0,7.0,8.0,13.0,12.0,15.0,16.0,14.0,10.0,18.0,15.0,22.0,14.0,12.0,18.0,21.0,25.0,15.0,14.0,8.0,14.0,17.0,14.0,7.0,16.0,12.0,16.0,15.0,4.0,10.0,14.0,17.0,20.0,16.0,12.0,22.0,30.0,10.0,21.0,15.0,19.0,14.0,11.0,25.0,15.0,13.0,5.0,22.0,19.0,22.0,30.0,12.0,14.0,32.0,34.0,18.0,31.0,8.0,8.0,11.0,35.0,8.0,15.0,71.0,94.0,246.0,286.0,189.0,273.0,297.0,287.0,607.0,657.0,554.0,622.0,478.0,468.0,527.0,458.0,483.0,322.0,370.0,293.0,221.0,102.0,126.0,158.0,102.0,66.0,94.0,41.0,35.0,14.0,26.0,16.0,25.0,34.0,32.0,32.0,19.0,22.0,41.0,30.0,28.0,32.0,21.0,17.0,10.0,29.0,16.0,18.0,15.0,14.0,16.0,13.0,18.0,31.0,15.0,35.0,107.0,93.0,32.0,55.0,87.0,43.0,60.0,79.0,37.0,62.0,99.0,51.0,69.0,54.0,38.0,16.0,15.0,15.0,33.0,20.0,17.0,19.0,17.0,15.0,14.0,6.0,18.0,6.0,12.0,20.0,15.0
15.0,10.0,12.0,7.0,14.0,6.0,17.0,28.0,22.0,4.0,19.0,14.0,10.0,16.0,25.0,13.0,20.0,6.0,13.0,19.0,13.0,7.0,9.0,5.0,6.0,10.0,10.0,2.0,14.0,22.0,13.0,32.0,17.0,16.0,6.0,24.0,14.0,10.0,23.0,15.0,26.0,13.0,31.0,17.0,14.0,14.0,11.0,43.0,6.0,12.0,14.0,12.0,6.0,18.0,10.0,17.0,18.0,16.0,13.0,15.0,5.0,20.0,23.0,13.0,19.0,14.0,22.0,21.0,16.0,16.0,13.0,12.0,14.0,15.0,9.0,20.0,20.0,16.0,15.0,21.0,23.0,28.0,9.0,20.0,12.0,11.0,9.0,14.0,15.0,13.0,74.0,248.0,221.0,214.0,244.0,425.0,383.0,614.0,493.0,349.0,491.0,477.0,318.0,528.0,526.0,380.0,547.0,482.0,321.0,336.0,241.0,192.0,81.0,172.0,102.0,71.0,47.0,32.0,31.0,22.0,16.0,27.0,37.0,23.0,25.0,29.0,40.0,20.0,42.0,23.0,19.0,17.0,12.0,14.0,21.0,24.0,15.0,12.0,13.0,18.0,12.0,20.0,33.0,43.0,77.0,105.0,51.0,78.0,38.0,96.0,56.0,25.0,16.0,17.0,70.0,31.0,19.0,15.0,26.0,52.0,55.0,48.0,22.0,26.0,21.0,17.0,20.0,5.0,13.0,9.0,22.0,18.0
9.0,13.0,13.0,18.0,12.0,22.0,15.0,18.0,6.0,16.0,26.0,7.0,12.0,9.0,17.0,13.0,27.0,15.0,12.0,19.0,12.0,33.0,24.0,14.0,10.0,9.0,17.0,9.0,20.0,11.0,11.0,15.0,12.0,14.0,20.0,15.0,15.0,10.0,12.0,19.0,26.0,8.0,26.0,20.0,19.0,19.0,17.0,14.0,22.0,13.0,24.0,10.0,27.0,7.0,14.0,13.0,15.0,20.0,9.0,17.0,17.0,14.0,16.0,11.0,15.0,12.0,12.0,23.0,13.0,14.0,16.0,15.0,5.0,18.0,11.0,15.0,15.0,13.0,12.0,18.0,38.0,114.0,202.0,293.0,338.0,300.0,333.0,450.0,561.0,402.0,596.0,566.0,695.0,765.0,670.0,661.0,873.0,663.0,575.0,769.0,616.0,338.0,413.0,276.0,204.0,138.0,134.0,138.0,96.0,46.0,31.0,24.0,33.0,21.0,34.0,24.0,25.0,22.0,35.0,27.0,30.0,22.0,15.0,17.0,18.0,14.0,15.0,19.0,15.0,11.0,12.0,15.0,14.0,16.0,17.0,16.0,18.0,13.0,14.0,26.0,82.0,98.0,60.0,25.0,52.0,69.0,76.0,36.0,70.0,55.0,30.0,62.0,33.0,30.0,80.0,64.0,60.0,77.0,38.0,27.0,22.0,13.0,28.0,6.0,37.0,15.0,12.0,25.0,11.0,19.0,19.0,21.0
18.0,11.0,26.0,22.0,23.0,24.0,29.0,26.0,14.0,13.0,12.0,27.0,8.0,19.0,19.0,11.0,11.0,9.0,10.0,15.0,22.0,22.0,15.0,23.0,23.0,4.0,12.0,14.0,16.0,13.0,22.0,15.0,13.0,19.0,27.0,10.0,14.0,8.0,24.0,18.0,15.0,15.0,16.0,15.0,17.0,9.0,17.0,25.0,21.0,14.0,21.0,13.0,18.0,17.0,14.0,11.0,20.0,9.0,13.0,14.0,17.0,16.0,24.0,18.0,18.0,45.0,35.0,69.0,83.0,109.0,103.0,300.0,229.0,227.0,365.0,352.0,281.0,415.0,360.0,332.0,379.0,429.0,344.0,457.0,477.0,360.0,310.0,218.0,163.0,96.0,125.0,118.0,68.0,37.0,35.0,25.0,26.0,27.0,21.0,26.0,24.0,42.0,32.0,27.0,22.0,24.0,24.0,12.0,16.0,19.0,15.0,21.0,17.0,15.0,10.0,30.0,36.0,21.0,10.0,21.0,22.0,86.0,119.0,75.0,120.0,124.0,80.0,113.0,94.0,51.0,135.0,66.0,17.0,30.0,94.0,30.0,60.0,78.0,48.0,39.0,21.0,19.0,9.0,28.0,16.0,11.0,22.0,17.0,13.0,13.0,11.0,9.0,17.0,13.0,16.0,18.0,6.0,15.0,12.0,20.0,5.0,21.0,13.0,17.0,15.0,14.0,7.0,16.0,8.0,19.0,26.0,11.0
13.0,24.0,9.0,14.0,12.0,18.0,12.0,11.0,12.0,17.0,27.0,3.0,15.0,17.0,24.0,14.0,16.0,20.0,7.0,16.0,18.0,13.0,15.0,17.0,15.0,19.0,36.0,10.0,14.0,13.0,22.0,16.0,14.0,7.0,31.0,23.0,14.0,23.0,17.0,29.0,15.0,38.0,21.0,40.0,22.0,23.0,9.0,27.0,13.0,13.0,23.0,20.0,12.0,8.0,21.0,30.0,9.0,14.0,23.0,18.0,17.0,36.0,80.0,113.0,218.0,288.0,262.0,321.0,415.0,331.0,461.0,652.0,486.0,744.0,757.0,643.0,680.0,663.0,507.0,571.0,553.0,444.0,295.0,326.0,200.0,94.0,182.0,122.0,71.0,51.0,28.0,22.0,33.0,25.0,43.0,46.0,49.0,29.0,29.0,38.0,25.0,34.0,26.0,26.0,21.0,36.0,18.0,26.0,29.0,13.0,4.0,12.0,18.0,33.0,9.0,25.0,24.0,11.0,9.0,42.0,106.0,95.0,40.0,68.0,73.0,81.0,46.0,27.0,41.0,92.0,32.0,44.0,27.0,15.0,14.0,47.0,57.0,80.0,43.0,24.0,48.0,48.0,25.0,21.0,40.0,36.0,27.0,28.0,53.0,14.0,31.0,47.0,41.0,12.0,13.0,25.0,13.0,15.0,26.0,12.0,25.0,27.0,12.0,19.0,13.0,14.0,22.0,28.0,6.0,12.0,8.0,12.0
15.0,11.0,9.0,15.0,36.0,13.0,18.0,14.0,17.0,14.0,7.0,7.0,11.0,11.0,11.0,11.0,13.0,8.0,15.0,7.0,7.0,14.0,11.0,10.0,28.0,14.0,19.0,13.0,15.0,8.0,16.0,17.0,18.0,23.0,17.0,22.0,14.0,19.0,13.0,10.0,17.0,16.0,22.0,32.0,9.0,15.0,15.0,11.0,18.0,20.0,26.0,30.0,11.0,25.0,14.0,14.0,12.0,11.0,18.0,8.0,8.0,9.0,8.0,7.0,58.0,72.0,167.0,292.0,288.0,326.0,549.0,373.0,771.0,586.0,434.0,624.0,603.0,480.0,472.0,432.0,431.0,288.0,453.0,440.0,312.0,336.0,210.0,168.0,78.0,120.0,129.0,68.0,46.0,36.0,26.0,29.0,22.0,22.0,23.0,31.0,25.0,32.0,30.0,22.0,31.0,31.0,37.0,59.0,31.0,33.0,24.0,25.0,23.0,24.0,31.0,26.0,16.0,42.0,29.0,31.0,26.0,37.0,95.0,51.0,50.0,103.0,70.0,33.0,21.0,59.0,46.0,22.0,38.0,64.0,26.0,35.0,58.0,75.0,44.0,35.0,23.0,23.0,18.0,10.0,11.0,17.0,21.0,12.0,30.0,16.0,15.0,11.0,19.0,15.0,17.0,13.0,11.0,16.0,12.0,8.0,14.0,8.0,8.0,20.0,17.0,16.0,11.0,18.0,13.0,15.0,10.0,11.0
31.0,37.0,58.0,59.0,48.0,55.0,28.0,10.0,19.0,19.0,13.0,14.0,22.0,15.0,40.0,21.0,25.0,12.0,17.0,25.0,20.0,37.0,19.0,17.0,17.0,16.0,8.0,26.0,11.0,12.0,16.0,18.0,13.0,11.0,14.0,25.0,13.0,21.0,24.0,21.0,21.0,10.0,10.0,13.0,15.0,19.0,16.0,20.0,23.0,43.0,48.0,100.0,126.0,215.0,241.0,310.0,244.0,327.0,351.0,332.0,486.0,390.0,363.0,440.0,376.0,487.0,601.0,459.0,323.0,303.0,181.0,90.0,160.0,107.0,82.0,62.0,36.0,24.0,29.0,34.0,24.0,28.0,27.0,26.0,29.0,30.0,26.0,25.0,25.0,29.0,20.0,10.0,5.0,7.0,20.0,10.0,20.0,21.0,15.0,19.0,21.0,6.0,4.0,21.0,11.0,16.0,45.0,96.0,45.0,40.0,63.0,76.0,29.0,25.0,18.0,57.0,28.0,7.0,27.0,54.0,51.0,30.0,31.0,29.0,10.0,13.0,12.0,9.0,10.0,13.0,17.0,18.0,19.0,14.0,16.0,25.0,14.0,11.0,31.0,16.0,10.0,13.0,25.0,7.0,9.0,16.0,21.0,23.0,15.0,13.0,10.0,7.0,9.0,7.0,8.0,16.0,13.0,12.0,8.0,11.0,5.0,15.0,12.0,16.0,18.0,3.0,15.0,16.0,12.0,16.0,12.0,11.0
12.0,10.0,8.0,20.0,11.0,12.0,20.0,17.0,5.0,9.0,15.0,13.0,10.0,6.0,14.0,15.0,16.0,15.0,14.0,13.0,15.0,8.0,15.0,22.0,7.0,5.0,16.0,18.0,14.0,18.0,13.0,23.0,12.0,24.0,6.0,14.0,18.0,11.0,27.0,12.0,19.0,8.0,20.0,10.0,99.0,97.0,198.0,280.0,251.0,295.0,355.0,218.0,472.0,429.0,440.0,386.0,538.0,451.0,396.0,491.0,467.0,291.0,531.0,400.0,318.0,295.0,235.0,202.0,107.0,126.0,116.0,75.0,42.0,42.0,21.0,43.0,27.0,24.0,36.0,36.0,24.0,30.0,38.0,39.0,36.0,28.0,33.0,30.0,20.0,21.0,7.0,36.0,14.0,29.0,21.0,33.0,29.0,21.0,27.0,9.0,20.0,19.0,15.0,77.0,114.0,50.0,21.0,44.0,49.0,19.0,42.0,68.0,67.0,72.0,59.0,61.0,44.0,33.0,26.0,24.0,14.0,12.0,9.0,17.0,17.0,11.0,8.0,13.0,22.0,8.0,8.0,15.0,13.0,5.0,12.0,23.0,11.0,24.0,24.0,17.0,16.0,23.0,21.0,22.0,22.0,17.0,25.0,18.0,20.0,15.0,10.0,25.0,10.0,15.0,16.0,9.0,24.0,8.0,22.0,17.0,25.0,24.0,12.0,16.0,19.0,13.0,12.0,9.0,15.0,9.0,6.0,13.0
15.0,10.0,8.0,16.0,8.0,19.0,19.0,8.0,14.0,12.0,14.0,19.0,17.0,15.0,9.0,13.0,11.0,20.0,18.0,19.0,12.0,24.0,10.0,14.0,23.0,34.0,34.0,16.0,17.0,29.0,14.0,15.0,21.0,15.0,11.0,12.0,11.0,18.0,12.0,12.0,15.0,25.0,12.0,100.0,55.0,91.0,207.0,409.0,408.0,482.0,485.0,513.0,408.0,465.0,499.0,297.0,447.0,480.0,297.0,384.0,363.0,263.0,274.0,261.0,233.0,72.0,166.0,144.0,85.0,46.0,36.0,24.0,18.0,28.0,28.0,52.0,29.0,52.0,25.0,25.0,27.0,40.0,34.0,34.0,29.0,23.0,16.0,9.0,7.0,20.0,17.0,10.0,19.0,15.0,7.0,24.0,18.0,33.0,11.0,14.0,11.0,34.0,113.0,54.0,80.0,31.0,47.0,36.0,70.0,34.0,25.0,12.0,75.0,43.0,44.0,35.0,23.0,29.0,8.0,17.0,10.0,17.0,11.0,18.0,26.0,8.0,18.0,26.0,14.0,24.0,10.0,6.0,14.0,5.0,14.0,14.0,16.0,14.0,22.0,26.0,15.0,8.0,13.0,13.0,9.0,7.0,20.0,18.0,11.0,9.0,19.0,8.0,5.0,13.0,18.0,6.0,11.0,11.0,13.0,14.0,9.0,13.0,13.0,23.0,7.0,12.0,18.0,14.0,12.0,9.0,18.0,14.0
27.0,11.0,12.0,22.0,14.0,5.0,9.0,12.0,24.0,13.0,15.0,6.0,18.0,6.0,16.0,14.0,20.0,14.0,21.0,14.0,34.0,9.0,20.0,15.0,15.0,11.0,37.0,8.0,10.0,10.0,6.0,17.0,9.0,15.0,18.0,14.0,23.0,15.0,25.0,12.0,13.0,16.0,18.0,17.0,12.0,13.0,13.0,14.0,21.0,22.0,10.0,4.0,20.0,14.0,16.0,7.0,13.0,8.0,17.0,20.0,21.0,8.0,9.0,12.0,14.0,36.0,16.0,18.0,8.0,11.0,12.0,8.0,14.0,8.0,16.0,16.0,19.0,13.0,19.0,12.0,26.0,11.0,9.0,12.0,17.0,10.0,45.0,35.0,70.0,93.0,80.0,189.0,279.0,284.0,326.0,340.0,365.0,317.0,467.0,367.0,305.0,284.0,388.0,405.0,270.0,473.0,330.0,254.0,217.0,177.0,136.0,103.0,42.0,47.0,34.0,26.0,31.0,29.0,48.0,19.0,39.0,31.0,39.0,35.0,27.0,17.0,30.0,29.0,16.0,27.0,13.0,22.0,6.0,26.0,20.0,20.0,15.0,27.0,22.0,99.0,103.0,123.0,83.0,146.0,72.0,55.0,109.0,53.0,36.0,53.0,45.0,60.0,34.0,45.0,37.0,22.0,25.0,19.0,6.0,13.0,15.0,6.0,9.0,14.0,10.0,5.0,16.0,17.0,17.0,22.0,17.0,14.0
20.0,14.0,12.0,15.0,13.0,64.0,9.0,9.0,23.0,13.0,23.0,14.0,18.0,10.0,15.0,14.0,11.0,10.0,26.0,10.0,9.0,10.0,7.0,16.0,26.0,11.0,4.0,18.0,23.0,17.0,23.0,13.0,28.0,18.0,20.0,13.0,24.0,18.0,10.0,15.0,26.0,15.0,18.0,15.0,12.0,18.0,22.0,19.0,11.0,85.0,80.0,153.0,174.0,196.0,123.0,247.0,226.0,307.0,387.0,493.0,445.0,599.0,475.0,417.0,687.0,566.0,434.0,587.0,612.0,368.0,432.0,260.0,195.0,83.0,138.0,139.0,74.0,63.0,61.0,24.0,20.0,21.0,31.0,35.0,28.0,33.0,29.0,45.0,25.0,26.0,27.0,19.0,6.0,37.0,8.0,26.0,10.0,8.0,19.0,4.0,18.0,17.0,27.0,35.0,52.0,80.0,33.0,81.0,57.0,91.0,86.0,52.0,51.0,79.0,46.0,42.0,72.0,45.0,67.0,48.0,45.0,31.0,16.0,19.0,15.0,10.0,12.0,16.0,11.0,15.0,16.0,23.0,15.0,19.0,23.0,18.0,17.0,14.0,14.0,10.0,9.0,14.0,11.0,4.0,20.0,17.0,14.0,29.0,13.0,11.0,8.0,8.0,13.0,18.0,10.0,29.0,11.0,11.0,26.0,20.0,24.0,15.0,12.0,17.0,18.0,15.0,17.0,8.0,12.0,14.0,15.0,12.0
11.0,11.0,15.0,29.0,9.0,13.0,23.0,17.0,23.0,11.0,16.0,13.0,17.0,11.0,15.0,14.0,13.0,9.0,6.0,14.0,19.0,18.0,10.0,14.0,19.0,15.0,18.0,16.0,14.0,9.0,12.0,15.0,23.0,13.0,13.0,20.0,25.0,8.0,29.0,11.0,18.0,10.0,18.0,66.0,107.0,188.0,146.0,198.0,159.0,220.0,178.0,565.0,586.0,506.0,749.0,653.0,512.0,719.0,701.0,529.0,737.0,663.0,424.0,421.0,233.0,178.0,73.0,96.0,115.0,54.0,34.0,16.0,28.0,33.0,26.0,33.0,24.0,30.0,25.0,23.0,27.0,19.0,9.0,19.0,11.0,4.0,9.0,15.0,15.0,13.0,16.0,15.0,17.0,23.0,13.0,13.0,20.0,90.0,104.0,50.0,79.0,93.0,56.0,39.0,82.0,54.0,34.0,83.0,50.0,60.0,49.0,75.0,50.0,85.0,61.0,56.0,39.0,27.0,23.0,14.0,15.0,17.0,12.0,10.0,20.0,30.0,8.0,11.0,18.0,8.0,12.0,9.0,15.0,9.0,12.0,19.0,5.0,16.0,15.0,18.0,17.0,16.0,17.0,21.0,9.0,7.0,11.0,14.0,8.0,9.0,15.0,17.0,12.0,14.0,14.0,14.0,19.0,11.0,12.0,14.0,7.0,7.0,11.0,4.0,8.0,9.0,20.0,13.0,13.0,18.0,15.0,16.0
7.0,12.0,6.0,16.0,15.0,18.0,16.0,20.0,22.0,10.0,16.0,16.0,14.0,10.0,17.0,16.0,5.0,22.0,12.0,6.0,9.0,7.0,13.0,14.0,22.0,13.0,15.0,21.0,8.0,10.0,9.0,11.0,11.0,9.0,10.0,10.0,14.0,17.0,16.0,19.0,19.0,17.0,15.0,15.0,18.0,5.0,7.0,9.0,15.0,20.0,17.0,6.0,17.0,65.0,111.0,165.0,143.0,169.0,225.0,404.0,316.0,427.0,455.0,400.0,567.0,535.0,448.0,646.0,584.0,478.0,748.0,650.0,477.0,360.0,226.0,175.0,70.0,132.0,91.0,52.0,31.0,38.0,42.0,42.0,27.0,24.0,14.0,17.0,27.0,17.0,19.0,27.0,46.0,23.0,19.0,13.0,11.0,24.0,19.0,31.0,15.0,7.0,10.0,15.0,10.0,16.0,30.0,20.0,14.0,25.0,78.0,68.0,69.0,118.0,56.0,54.0,101.0,53.0,27.0,33.0,73.0,24.0,37.0,47.0,66.0,28.0,36.0,28.0,18.0,16.0,10.0,15.0,23.0,7.0,29.0,8.0,16.0,13.0,14.0,11.0,14.0,11.0,25.0,22.0,21.0,30.0,23.0,27.0,20.0,23.0,19.0,24.0,18.0,9.0,21.0,22.0,24.0,17.0,15.0,25.0,10.0,16.0,14.0,26.0,26.0,10.0,14.0,17.0,25.0,14.0,13.0,21.0
19.0,7.0,16.0,19.0,19.0,17.0,14.0,12.0,13.0,15.0,23.0,10.0,14.0,12.0,12.0,17.0,26.0,22.0,5.0,12.0,8.0,22.0,13.0,12.0,12.0,12.0,6.0,10.0,16.0,8.0,15.0,9.0,23.0,12.0,11.0,11.0,17.0,8.0,11.0,14.0,19.0,22.0,16.0,20.0,15.0,20.0,10.0,22.0,15.0,19.0,16.0,19.0,8.0,11.0,12.0,13.0,19.0,15.0,7.0,10.0,12.0,10.0,5.0,17.0,7.0,37.0,66.0,139.0,144.0,143.0,410.0,395.0,358.0,513.0,542.0,371.0,636.0,575.0,492.0,623.0,719.0,497.0,598.0,481.0,320.0,170.0,189.0,194.0,108.0,130.0,69.0,81.0,47.0,29.0,30.0,37.0,27.0,27.0,18.0,28.0,48.0,24.0,31.0,37.0,21.0,33.0,21.0,18.0,13.0,31.0,24.0,11.0,16.0,22.0,8.0,15.0,10.0,11.0,24.0,26.0,17.0,19.0,11.0,41.0,101.0,51.0,53.0,55.0,72.0,70.0,64.0,32.0,77.0,37.0,37.0,41.0,36.0,45.0,53.0,71.0,53.0,49.0,47.0,29.0,13.0,23.0,11.0,12.0,15.0,13.0,10.0,18.0,11.0,18.0,6.0,14.0,11.0,11.0,21.0,17.0,25.0,18.0,14.0,9.0,17.0,14.0,11.0,30.0,7.0,25.0,14.0,22.0
14.0,15.0,15.0,13.0,12.0,10.0,10.0,25.0,12.0,12.0,15.0,10.0,9.0,23.0,6.0,23.0,14.0,10.0,9.0,5.0,10.0,17.0,3.0,14.0,15.0,13.0,10.0,14.0,18.0,18.0,22.0,12.0,13.0,12.0,23.0,16.0,18.0,25.0,32.0,21.0,13.0,17.0,18.0,14.0,20.0,15.0,8.0,6.0,14.0,11.0,16.0,37.0,64.0,190.0,190.0,190.0,139.0,145.0,148.0,139.0,111.0,145.0,238.0,284.0,308.0,249.0,509.0,427.0,308.0,470.0,469.0,384.0,322.0,241.0,191.0,115.0,117.0,111.0,65.0,61.0,29.0,25.0,28.0,29.0,28.0,29.0,27.0,30.0,29.0,36.0,37.0,26.0,33.0,25.0,34.0,23.0,10.0,16.0,15.0,10.0,19.0,24.0,22.0,39.0,6.0,13.0,7.0,25.0,19.0,8.0,24.0,45.0,102.0,50.0,32.0,58.0,61.0,31.0,61.0,14.0,61.0,63.0,66.0,65.0,29.0,26.0,57.0,49.0,20.0,16.0,14.0,17.0,9.0,7.0,11.0,13.0,11.0,11.0,21.0,11.0,25.0,17.0,21.0,13.0,35.0,6.0,16.0,21.0,18.0,14.0,20.0,9.0,20.0,12.0,15.0,7.0,16.0,22.0,11.0,14.0,25.0,19.0,10.0,25.0,14.0,17.0,17.0,25.0,15.0,10.0,7.0,13.0
11.0,29.0,25.0,13.0,22.0,20.0,17.0,20.0,17.0,23.0,11.0,45.0,32.0,39.0,36.0,12.0,9.0,10.0,17.0,61.0,84.0,66.0,60.0,30.0,29.0,36.0,68.0,36.0,25.0,18.0,16.0,16.0,19.0,18.0,6.0,19.0,12.0,20.0,59.0,48.0,33.0,34.0,38.0,22.0,27.0,48.0,38.0,12.0,19.0,104.0,34.0,116.0,168.0,164.0,227.0,584.0,633.0,552.0,702.0,516.0,418.0,599.0,554.0,452.0,653.0,496.0,471.0,812.0,602.0,388.0,302.0,212.0,139.0,150.0,98.0,56.0,42.0,33.0,20.0,30.0,20.0,30.0,35.0,44.0,29.0,38.0,16.0,39.0,50.0,54.0,25.0,25.0,21.0,14.0,21.0,10.0,18.0,16.0,15.0,17.0,17.0,33.0,18.0,19.0,14.0,46.0,104.0,60.0,80.0,94.0,31.0,45.0,77.0,68.0,26.0,47.0,37.0,39.0,105.0,54.0,78.0,116.0,55.0,35.0,14.0,17.0,18.0,12.0,10.0,19.0,15.0,11.0,20.0,20.0,20.0,13.0,10.0,12.0,16.0,14.0,19.0,19.0,6.0,6.0,15.0,13.0,19.0,13.0,13.0,21.0,12.0,22.0,6.0,10.0,12.0,24.0,19.0,12.0,6.0,13.0,9.0,14.0,17.0,10.0,14.0,13.0,11.0,16.0,23.0,22.0,19.0,22.0
14.0,7.0,11.0,11.0,19.0,13.0,14.0,10.0,8.0,22.0,14.0,12.0,6.0,20.0,31.0,7.0,22.0,18.0,19.0,22.0,15.0,5.0,14.0,13.0,12.0,9.0,13.0,18.0,13.0,17.0,14.0,9.0,12.0,9.0,15.0,24.0,24.0,21.0,19.0,14.0,9.0,14.0,10.0,12.0,9.0,10.0,13.0,48.0,51.0,51.0,138.0,118.0,108.0,158.0,247.0,288.0,343.0,167.0,337.0,311.0,268.0,456.0,459.0,393.0,581.0,630.0,416.0,624.0,377.0,308.0,232.0,155.0,133.0,108.0,45.0,36.0,30.0,32.0,28.0,30.0,21.0,31.0,40.0,32.0,38.0,47.0,37.0,26.0,41.0,26.0,33.0,13.0,11.0,19.0,1.0,14.0,4.0,14.0,17.0,14.0,27.0,16.0,16.0,18.0,7.0,14.0,35.0,110.0,62.0,29.0,13.0,11.0,45.0,21.0,11.0,10.0,15.0,42.0,20.0,10.0,27.0,35.0,38.0,25.0,18.0,18.0,11.0,12.0,14.0,11.0,18.0,16.0,20.0,11.0,14.0,19.0,28.0,8.0,17.0,13.0,10.0,19.0,8.0,7.0,11.0,20.0,15.0,16.0,9.0,12.0,14.0,18.0,20.0,27.0,17.0,4.0,21.0,20.0,15.0,18.0,10.0,22.0,24.0,19.0,17.0,21.0,13.0,13.0,20.0,6.0,15.0,14.0
8.0,7.0,15.0,11.0,8.0,16.0,12.0,16.0,17.0,8.0,5.0,14.0,11.0,16.0,21.0,34.0,11.0,15.0,4.0,17.0,30.0,13.0,10.0,14.0,7.0,14.0,10.0,15.0,11.0,15.0,14.0,27.0,11.0,9.0,16.0,6.0,11.0,18.0,5.0,17.0,18.0,19.0,5.0,17.0,24.0,9.0,19.0,45.0,58.0,121.0,124.0,149.0,194.0,508.0,471.0,534.0,568.0,515.0,768.0,704.0,634.0,895.0,702.0,615.0,761.0,703.0,425.0,443.0,269.0,181.0,115.0,130.0,126.0,62.0,34.0,40.0,40.0,33.0,18.0,37.0,26.0,31.0,31.0,26.0,29.0,28.0,40.0,37.0,26.0,17.0,11.0,12.0,14.0,12.0,15.0,16.0,8.0,14.0,16.0,13.0,37.0,22.0,17.0,39.0,113.0,65.0,32.0,65.0,93.0,58.0,62.0,82.0,40.0,45.0,28.0,41.0,55.0,77.0,72.0,64.0,49.0,33.0,26.0,45.0,16.0,16.0,14.0,29.0,10.0,17.0,10.0,26.0,11.0,14.0,15.0,18.0,18.0,14.0,11.0,20.0,5.0,8.0,12.0,9.0,16.0,7.0,7.0,23.0,14.0,15.0,12.0,10.0,20.0,13.0,12.0,15.0,12.0,11.0,10.0,18.0,23.0,17.0,15.0,10.0,13.0,14.0,13.0,27.0,17.0,20.0,14.0,16.0
14.0,13.0,14.0,9.0,17.0,31.0,15.0,17.0,11.0,11.0,8.0,25.0,20.0,17.0,27.0,16.0,13.0,14.0,13.0,8.0,21.0,20.0,14.0,22.0,15.0,17.0,29.0,10.0,20.0,11.0,16.0,6.0,15.0,15.0,18.0,11.0,16.0,10.0,26.0,13.0,31.0,9.0,17.0,18.0,22.0,17.0,27.0,24.0,7.0,8.0,26.0,15.0,16.0,26.0,24.0,69.0,70.0,96.0,122.0,121.0,157.0,262.0,323.0,234.0,489.0,432.0,532.0,480.0,518.0,555.0,474.0,763.0,825.0,520.0,425.0,232.0,227.0,90.0,151.0,121.0,100.0,68.0,30.0,41.0,30.0,29.0,21.0,27.0,26.0,34.0,37.0,16.0,21.0,26.0,27.0,31.0,17.0,19.0,12.0,15.0,9.0,14.0,19.0,13.0,23.0,18.0,29.0,16.0,23.0,14.0,98.0,123.0,106.0,131.0,99.0,49.0,96.0,38.0,20.0,44.0,43.0,17.0,52.0,31.0,65.0,43.0,40.0,29.0,17.0,14.0,16.0,8.0,15.0,15.0,15.0,25.0,10.0,15.0,12.0,13.0,18.0,22.0,15.0,13.0,17.0,15.0,16.0,12.0,14.0,9.0,14.0,21.0,7.0,11.0,14.0,14.0,11.0,8.0,17.0,18.0,10.0,14.0,11.0,11.0,8.0,14.0,25.0,7.0,13.0,4.0,14.0,11.0
13.0,14.0,13.0,8.0,24.0,18.0,9.0,14.0,18.0,16.0,11.0,10.0,7.0,18.0,13.0,7.0,18.0,19.0,8.0,17.0,15.0,9.0,16.0,23.0,10.0,13.0,14.0,18.0,11.0,13.0,15.0,18.0,14.0,10.0,16.0,14.0,19.0,14.0,20.0,15.0,11.0,17.0,6.0,10.0,21.0,26.0,14.0,12.0,24.0,17.0,36.0,62.0,111.0,143.0,101.0,111.0,159.0,175.0,206.0,264.0,268.0,313.0,374.0,369.0,398.0,494.0,429.0,317.0,488.0,571.0,451.0,596.0,534.0,381.0,288.0,235.0,186.0,91.0,109.0,73.0,31.0,32.0,28.0,32.0,37.0,25.0,27.0,39.0,23.0,20.0,28.0,14.0,39.0,49.0,25.0,10.0,15.0,8.0,15.0,8.0,24.0,15.0,19.0,10.0,12.0,12.0,20.0,32.0,17.0,24.0,82.0,45.0,25.0,71.0,49.0,21.0,24.0,53.0,20.0,14.0,8.0,55.0,40.0,27.0,39.0,39.0,24.0,27.0,11.0,13.0,14.0,17.0,13.0,15.0,29.0,12.0,13.0,25.0,13.0,13.0,13.0,9.0,14.0,13.0,13.0,14.0,15.0,9.0,4.0,16.0,17.0,12.0,18.0,7.0,16.0,15.0,24.0,14.0,11.0,21.0,15.0,14.0,13.0,17.0,6.0,7.0,4.0,10.0,11.0,15.0,1.0,18.0
15.0,22.0,10.0,11.0,25.0,23.0,19.0,21.0,20.0,19.0,24.0,7.0,25.0,28.0,17.0,13.0,17.0,22.0,14.0,13.0,16.0,18.0,26.0,18.0,20.0,15.0,18.0,16.0,13.0,8.0,24.0,18.0,14.0,15.0,17.0,19.0,11.0,16.0,20.0,15.0,11.0,17.0,10.0,12.0,16.0,10.0,12.0,18.0,8.0,13.0,11.0,7.0,19.0,19.0,28.0,18.0,16.0,15.0,11.0,16.0,18.0,78.0,50.0,193.0,231.0,209.0,209.0,272.0,213.0,368.0,401.0,313.0,437.0,582.0,715.0,725.0,833.0,753.0,522.0,884.0,639.0,566.0,520.0,349.0,236.0,117.0,157.0,150.0,91.0,121.0,46.0,63.0,41.0,22.0,30.0,26.0,24.0,33.0,33.0,18.0,27.0,33.0,36.0,21.0,45.0,41.0,18.0,18.0,18.0,14.0,23.0,13.0,19.0,19.0,18.0,19.0,17.0,20.0,33.0,27.0,18.0,16.0,53.0,62.0,46.0,51.0,58.0,75.0,31.0,81.0,36.0,47.0,36.0,42.0,44.0,36.0,83.0,53.0,40.0,46.0,24.0,23.0,23.0,28.0,11.0,25.0,16.0,13.0,10.0,20.0,21.0,17.0,16.0,11.0,19.0,19.0,22.0,20.0,8.0,12.0,15.0,12.0,15.0,17.0,10.0,15.0,9.0,17.0,14.0,15.0,13.0,17.0
10.0,34.0,19.0,13.0,12.0,12.0,34.0,13.0,22.0,29.0,14.0,17.0,11.0,12.0,14.0,5.0,30.0,11.0,11.0,9.0,11.0,12.0,11.0,16.0,11.0,18.0,27.0,16.0,17.0,6.0,13.0,39.0,23.0,10.0,26.0,21.0,35.0,30.0,34.0,32.0,29.0,33.0,42.0,40.0,37.0,34.0,24.0,24.0,18.0,12.0,13.0,22.0,14.0,25.0,17.0,13.0,8.0,12.0,8.0,16.0,38.0,117.0,201.0,228.0,158.0,230.0,202.0,179.0,345.0,300.0,278.0,487.0,426.0,233.0,523.0,355.0,641.0,535.0,350.0,498.0,392.0,266.0,328.0,225.0,140.0,160.0,146.0,73.0,131.0,66.0,30.0,27.0,28.0,19.0,28.0,16.0,15.0,40.0,30.0,40.0,22.0,42.0,32.0,24.0,23.0,33.0,27.0,17.0,21.0,17.0,24.0,38.0,15.0,17.0,21.0,17.0,22.0,21.0,32.0,21.0,31.0,68.0,41.0,23.0,34.0,78.0,48.0,22.0,12.0,17.0,44.0,85.0,39.0,25.0,21.0,20.0,31.0,19.0,61.0,35.0,11.0,15.0,15.0,27.0,37.0,30.0,24.0,15.0,29.0,27.0,29.0,25.0,22.0,14.0,24.0,34.0,30.0,27.0,20.0,31.0,25.0,23.0,20.0,20.0,29.0,21.0,25.0,20.0,30.0,28.0,14.0,13.0
14.0,15.0,15.0,15.0,24.0,31.0,18.0,15.0,17.0,16.0,14.0,21.0,19.0,18.0,6.0,10.0,16.0,8.0,14.0,6.0,11.0,10.0,13.0,15.0,17.0,27.0,14.0,15.0,9.0,8.0,9.0,12.0,18.0,16.0,13.0,15.0,18.0,19.0,18.0,12.0,17.0,30.0,24.0,20.0,23.0,23.0,24.0,15.0,17.0,160.0,114.0,119.0,204.0,192.0,166.0,301.0,346.0,290.0,464.0,464.0,368.0,613.0,503.0,303.0,665.0,562.0,379.0,656.0,589.0,464.0,306.0,239.0,128.0,99.0,117.0,113.0,57.0,34.0,23.0,28.0,25.0,25.0,26.0,37.0,57.0,23.0,39.0,20.0,24.0,30.0,30.0,30.0,13.0,9.0,19.0,16.0,8.0,13.0,10.0,13.0,26.0,34.0,18.0,14.0,12.0,26.0,19.0,33.0,54.0,74.0,27.0,7.0,32.0,57.0,45.0,16.0,13.0,40.0,39.0,26.0,43.0,35.0,46.0,38.0,34.0,22.0,20.0,10.0,19.0,22.0,13.0,13.0,23.0,22.0,25.0,18.0,11.0,25.0,18.0,21.0,10.0,24.0,10.0,21.0,15.0,4.0,13.0,16.0,33.0,21.0,22.0,8.0,12.0,22.0,33.0,22.0,23.0,13.0,15.0,19.0,8.0,20.0,15.0,13.0,7.0,12.0,17.0,16.0,23.0,20.0,15.0,23.0
20.0,3.0,15.0,8.0,7.0,15.0,19.0,3.0,10.0,8.0,13.0,7.0,11.0,12.0,4.0,12.0,13.0,6.0,14.0,9.0,15.0,16.0,16.0,9.0,6.0,12.0,10.0,12.0,6.0,17.0,7.0,15.0,12.0,9.0,10.0,13.0,10.0,11.0,7.0,17.0,12.0,11.0,11.0,7.0,69.0,103.0,143.0,126.0,122.0,165.0,225.0,243.0,325.0,407.0,392.0,552.0,596.0,353.0,538.0,508.0,329.0,446.0,550.0,486.0,378.0,469.0,368.0,230.0,205.0,168.0,160.0,141.0,83.0,103.0,55.0,41.0,43.0,35.0,22.0,21.0,38.0,23.0,30.0,36.0,32.0,35.0,43.0,34.0,19.0,7.0,25.0,23.0,29.0,18.0,8.0,19.0,9.0,9.0,21.0,25.0,10.0,23.0,28.0,89.0,52.0,45.0,60.0,73.0,29.0,52.0,47.0,22.0,45.0,23.0,38.0,53.0,43.0,67.0,38.0,41.0,44.0,15.0,8.0,10.0,6.0,16.0,12.0,29.0,14.0,26.0,9.0,14.0,8.0,17.0,13.0,18.0,14.0,16.0,16.0,24.0,16.0,10.0,14.0,10.0,27.0,7.0,16.0,18.0,17.0,8.0,7.0,14.0,19.0,10.0,13.0,6.0,9.0,15.0,21.0,7.0,15.0,12.0,14.0,17.0,15.0,12.0,21.0,13.0,8.0,10.0,7.0,11.0
21.0,19.0,16.0,24.0,14.0,20.0,26.0,21.0,24.0,23.0,27.0,25.0,22.0,22.0,18.0,30.0,22.0,12.0,27.0,25.0,14.0,26.0,20.0,22.0,17.0,21.0,14.0,22.0,15.0,20.0,21.0,18.0,29.0,22.0,14.0,23.0,16.0,15.0,18.0,16.0,17.0,24.0,13.0,14.0,32.0,17.0,14.0,12.0,10.0,20.0,19.0,19.0,9.0,20.0,107.0,191.0,178.0,188.0,205.0,221.0,434.0,314.0,387.0,520.0,446.0,325.0,455.0,578.0,258.0,471.0,453.0,389.0,352.0,489.0,498.0,335.0,426.0,309.0,219.0,55.0,170.0,125.0,50.0,31.0,28.0,36.0,26.0,29.0,22.0,36.0,25.0,30.0,25.0,27.0,29.0,25.0,24.0,10.0,18.0,26.0,17.0,15.0,15.0,24.0,12.0,12.0,16.0,19.0,19.0,85.0,85.0,66.0,115.0,69.0,52.0,71.0,84.0,42.0,29.0,36.0,48.0,50.0,81.0,28.0,48.0,48.0,69.0,40.0,45.0,43.0,27.0,24.0,6.0,19.0,12.0,24.0,17.0,8.0,14.0,15.0,14.0,14.0,12.0,10.0,23.0,25.0,28.0,17.0,11.0,17.0,13.0,11.0,26.0,15.0,15.0,13.0,8.0,14.0,17.0,10.0,10.0,23.0,21.0,22.0,18.0,15.0,12.0,20.0,12.0,11.0,17.0,18.0
33.0,18.0,28.0,33.0,18.0,14.0,16.0,24.0,18.0,23.0,17.0,27.0,27.0,22.0,25.0,23.0,22.0,31.0,30.0,19.0,20.0,20.0,22.0,19.0,24.0,23.0,27.0,27.0,15.0,24.0,18.0,21.0,23.0,26.0,24.0,24.0,30.0,18.0,20.0,27.0,23.0,20.0,18.0,18.0,16.0,19.0,22.0,25.0,19.0,29.0,25.0,32.0,19.0,13.0,25.0,64.0,57.0,32.0,138.0,187.0,319.0,398.0,324.0,278.0,477.0,437.0,470.0,585.0,524.0,495.0,745.0,550.0,503.0,755.0,597.0,453.0,639.0,506.0,443.0,387.0,292.0,224.0,116.0,151.0,108.0,112.0,67.0,41.0,30.0,50.0,22.0,18.0,33.0,23.0,30.0,21.0,34.0,28.0,39.0,27.0,27.0,26.0,14.0,12.0,13.0,9.0,12.0,14.0,28.0,23.0,19.0,20.0,18.0,15.0,42.0,79.0,129.0,55.0,51.0,35.0,105.0,46.0,23.0,19.0,95.0,33.0,30.0,47.0,57.0,59.0,48.0,64.0,42.0,18.0,22.0,21.0,28.0,30.0,27.0,27.0,23.0,22.0,23.0,20.0,21.0,21.0,30.0,24.0,29.0,30.0,23.0,21.0,13.0,27.0,24.0,20.0,25.0,23.0,27.0,25.0,29.0,36.0,33.0,36.0,33.0,33.0,36.0,30.0,29.0,23.0,26.0,25.0
8.0,14.0,17.0,6.0,11.0,10.0,8.0,21.0,9.0,12.0,15.0,27.0,28.0,19.0,23.0,11.0,27.0,15.0,22.0,15.0,31.0,22.0,21.0,27.0,15.0,25.0,28.0,33.0,30.0,22.0,44.0,31.0,20.0,28.0,25.0,29.0,26.0,28.0,41.0,35.0,33.0,21.0,34.0,42.0,25.0,31.0,28.0,37.0,22.0,19.0,25.0,39.0,23.0,25.0,28.0,18.0,23.0,48.0,42.0,36.0,103.0,136.0,113.0,181.0,211.0,474.0,414.0,440.0,382.0,470.0,618.0,419.0,704.0,691.0,509.0,708.0,628.0,576.0,535.0,599.0,604.0,411.0,478.0,369.0,200.0,194.0,148.0,118.0,142.0,59.0,25.0,44.0,21.0,18.0,21.0,29.0,36.0,25.0,38.0,25.0,39.0,36.0,34.0,29.0,27.0,25.0,27.0,28.0,21.0,24.0,26.0,16.0,18.0,19.0,16.0,15.0,19.0,33.0,30.0,60.0,32.0,64.0,52.0,40.0,69.0,27.0,47.0,71.0,47.0,42.0,58.0,40.0,57.0,34.0,66.0,18.0,27.0,21.0,8.0,11.0,16.0,10.0,9.0,23.0,20.0,20.0,13.0,8.0,19.0,24.0,19.0,28.0,15.0,15.0,20.0,21.0,39.0,31.0,32.0,34.0,20.0,19.0,22.0,28.0,26.0,24.0,27.0,24.0,31.0,24.0,27.0,30.0
16.0,8.0,30.0,9.0,24.0,21.0,20.0,23.0,14.0,18.0,18.0,20.0,14.0,17.0,34.0,9.0,22.0,16.0,15.0,11.0,16.0,23.0,22.0,21.0,15.0,17.0,14.0,10.0,14.0,17.0,14.0,18.0,15.0,22.0,13.0,17.0,26.0,12.0,15.0,16.0,28.0,42.0,16.0,13.0,17.0,21.0,14.0,9.0,11.0,17.0,12.0,12.0,13.0,17.0,29.0,16.0,16.0,11.0,27.0,8.0,20.0,15.0,48.0,56.0,174.0,161.0,280.0,256.0,248.0,343.0,335.0,307.0,324.0,433.0,366.0,349.0,503.0,355.0,438.0,514.0,566.0,423.0,814.0,687.0,348.0,384.0,184.0,185.0,80.0,115.0,103.0,72.0,39.0,46.0,34.0,27.0,33.0,11.0,23.0,23.0,18.0,25.0,37.0,31.0,36.0,34.0,24.0,22.0,26.0,13.0,23.0,11.0,11.0,9.0,13.0,9.0,7.0,38.0,18.0,20.0,9.0,10.0,15.0,19.0,85.0,133.0,78.0,60.0,84.0,42.0,27.0,87.0,22.0,61.0,53.0,49.0,48.0,47.0,48.0,36.0,19.0,25.0,14.0,21.0,15.0,18.0,15.0,11.0,14.0,14.0,19.0,16.0,16.0,7.0,35.0,9.0,20.0,14.0,14.0,27.0,32.0,26.0,37.0,25.0,27.0,31.0,18.0,34.0,28.0,22.0,21.0,25.0
8.0,9.0,12.0,3.0,33.0,12.0,14.0,17.0,13.0,10.0,15.0,11.0,20.0,14.0,13.0,22.0,13.0,14.0,20.0,8.0,19.0,11.0,13.0,19.0,7.0,14.0,15.0,6.0,15.0,10.0,14.0,21.0,14.0,9.0,20.0,21.0,12.0,12.0,12.0,9.0,10.0,6.0,27.0,10.0,16.0,17.0,28.0,13.0,13.0,16.0,15.0,15.0,15.0,16.0,17.0,29.0,17.0,21.0,7.0,13.0,17.0,15.0,17.0,34.0,30.0,55.0,173.0,232.0,287.0,303.0,385.0,272.0,419.0,452.0,385.0,556.0,665.0,591.0,420.0,761.0,636.0,509.0,638.0,646.0,639.0,564.0,623.0,434.0,209.0,164.0,123.0,109.0,84.0,55.0,31.0,29.0,32.0,20.0,29.0,21.0,21.0,19.0,17.0,21.0,44.0,22.0,27.0,26.0,21.0,26.0,13.0,15.0,17.0,14.0,24.0,16.0,11.0,18.0,23.0,16.0,15.0,14.0,10.0,37.0,92.0,50.0,42.0,48.0,36.0,59.0,47.0,67.0,48.0,44.0,47.0,52.0,78.0,39.0,58.0,41.0,51.0,34.0,30.0,31.0,31.0,23.0,26.0,22.0,35.0,21.0,22.0,24.0,26.0,14.0,17.0,7.0,27.0,11.0,12.0,10.0,22.0,11.0,27.0,11.0,11.0,25.0,18.0,20.0,20.0,15.0,19.0,24.0
17.0,14.0,23.0,17.0,17.0,14.0,14.0,9.0,9.0,18.0,13.0,25.0,14.0,12.0,11.0,10.0,14.0,14.0,15.0,15.0,18.0,12.0,15.0,10.0,13.0,20.0,13.0,17.0,14.0,13.0,9.0,18.0,10.0,15.0,8.0,11.0,27.0,15.0,20.0,22.0,10.0,6.0,18.0,25.0,17.0,12.0,15.0,25.0,17.0,17.0,12.0,14.0,19.0,14.0,17.0,35.0,30.0,45.0,65.0,107.0,81.0,263.0,285.0,344.0,350.0,254.0,567.0,557.0,368.0,620.0,602.0,383.0,753.0,615.0,487.0,558.0,531.0,409.0,386.0,332.0,228.0,127.0,137.0,129.0,66.0,107.0,60.0,34.0,31.0,18.0,36.0,22.0,27.0,24.0,18.0,28.0,17.0,30.0,25.0,22.0,18.0,22.0,11.0,9.0,24.0,13.0,8.0,9.0,13.0,11.0,13.0,12.0,13.0,23.0,11.0,49.0,89.0,39.0,41.0,52.0,43.0,17.0,82.0,44.0,14.0,20.0,57.0,21.0,27.0,58.0,37.0,40.0,39.0,20.0,8.0,14.0,13.0,10.0,17.0,6.0,11.0,12.0,22.0,14.0,11.0,7.0,11.0,9.0,21.0,13.0,24.0,18.0,23.0,13.0,22.0,11.0,12.0,18.0,12.0,8.0,12.0,7.0,14.0,10.0,15.0,14.0,6.0,10.0,23.0,15.0,14.0,17.0
22.0,12.0,9.0,5.0,13.0,6.0,8.0,14.0,22.0,18.0,9.0,14.0,15.0,12.0,12.0,10.0,11.0,17.0,15.0,6.0,13.0,15.0,8.0,12.0,12.0,9.0,9.0,17.0,16.0,14.0,10.0,10.0,27.0,17.0,25.0,12.0,6.0,10.0,9.0,20.0,17.0,11.0,12.0,14.0,23.0,44.0,96.0,90.0,177.0,119.0,192.0,159.0,255.0,361.0,512.0,438.0,450.0,591.0,467.0,588.0,486.0,518.0,593.0,472.0,355.0,496.0,415.0,235.0,188.0,155.0,133.0,84.0,84.0,104.0,57.0,36.0,28.0,34.0,24.0,30.0,22.0,30.0,28.0,24.0,28.0,18.0,31.0,31.0,16.0,29.0,11.0,15.0,24.0,13.0,23.0,6.0,8.0,9.0,14.0,38.0,24.0,14.0,15.0,15.0,41.0,95.0,60.0,94.0,49.0,67.0,55.0,27.0,67.0,51.0,31.0,67.0,73.0,57.0,45.0,51.0,35.0,21.0,23.0,23.0,10.0,22.0,21.0,12.0,19.0,12.0,26.0,13.0,14.0,12.0,7.0,21.0,8.0,21.0,19.0,20.0,16.0,11.0,13.0,14.0,10.0,15.0,13.0,10.0,11.0,12.0,15.0,13.0,6.0,23.0,18.0,6.0,16.0,11.0,31.0,9.0,26.0,11.0,10.0,19.0,11.0,25.0,14.0,19.0,24.0,25.0,14.0,41.0
27.0,30.0,28.0,13.0,21.0,20.0,27.0,24.0,29.0,9.0,13.0,19.0,15.0,27.0,34.0,16.0,14.0,11.0,22.0,12.0,8.0,10.0,20.0,10.0,12.0,13.0,20.0,19.0,25.0,13.0,18.0,15.0,15.0,9.0,15.0,18.0,15.0,13.0,8.0,10.0,4.0,14.0,8.0,8.0,11.0,14.0,15.0,17.0,17.0,70.0,129.0,187.0,159.0,235.0,343.0,326.0,340.0,530.0,447.0,467.0,465.0,391.0,389.0,546.0,381.0,418.0,495.0,397.0,302.0,216.0,124.0,148.0,109.0,84.0,55.0,38.0,24.0,35.0,29.0,26.0,30.0,29.0,29.0,25.0,23.0,48.0,23.0,37.0,14.0,18.0,5.0,24.0,14.0,13.0,5.0,13.0,12.0,14.0,16.0,17.0,14.0,11.0,10.0,35.0,95.0,60.0,57.0,102.0,45.0,46.0,46.0,89.0,32.0,12.0,70.0,39.0,39.0,42.0,63.0,57.0,48.0,34.0,26.0,19.0,9.0,21.0,2.0,11.0,17.0,7.0,16.0,16.0,19.0,10.0,17.0,15.0,19.0,5.0,6.0,20.0,20.0,6.0,21.0,5.0,13.0,8.0,17.0,10.0,15.0,11.0,14.0,9.0,24.0,11.0,13.0,22.0,16.0,12.0,13.0,11.0,11.0,14.0,11.0,21.0,9.0,18.0,19.0,20.0,8.0,17.0,7.0,7.0
17.0,9.0,17.0,6.0,11.0,15.0,9.0,14.0,12.0,7.0,8.0,15.0,15.0,23.0,11.0,23.0,16.0,18.0,14.0,21.0,13.0,7.0,11.0,10.0,5.0,10.0,14.0,15.0,20.0,17.0,16.0,21.0,10.0,6.0,11.0,7.0,2.0,9.0,37.0,71.0,165.0,170.0,156.0,163.0,261.0,282.0,293.0,293.0,336.0,398.0,273.0,395.0,451.0,415.0,385.0,513.0,433.0,459.0,601.0,479.0,336.0,310.0,198.0,114.0,234.0,116.0,89.0,105.0,59.0,24.0,21.0,27.0,28.0,26.0,28.0,37.0,34.0,36.0,32.0,34.0,41.0,32.0,13.0,19.0,9.0,9.0,18.0,8.0,13.0,23.0,15.0,14.0,9.0,7.0,12.0,12.0,84.0,82.0,101.0,95.0,83.0,46.0,87.0,38.0,76.0,52.0,51.0,57.0,65.0,76.0,54.0,50.0,10.0,7.0,14.0,27.0,5.0,12.0,12.0,10.0,10.0,10.0,12.0,10.0,22.0,19.0,13.0,17.0,20.0,43.0,33.0,17.0,21.0,10.0,10.0,17.0,13.0,15.0,13.0,16.0,14.0,17.0,10.0,8.0,8.0,19.0,10.0,18.0,23.0,13.0,12.0,19.0,8.0,13.0,13.0,17.0,23.0,17.0,19.0,16.0,9.0,20.0,16.0,14.0,14.0,7.0,13.0,20.0,18.0,15.0,13.0,11.0
9.0,17.0,15.0,15.0,11.0,19.0,17.0,15.0,12.0,10.0,7.0,8.0,5.0,15.0,5.0,4.0,11.0,25.0,12.0,17.0,19.0,25.0,16.0,7.0,21.0,7.0,14.0,15.0,4.0,12.0,11.0,15.0,46.0,89.0,163.0,265.0,219.0,193.0,265.0,327.0,272.0,235.0,360.0,373.0,324.0,436.0,447.0,352.0,481.0,497.0,342.0,649.0,602.0,373.0,379.0,238.0,163.0,213.0,120.0,96.0,117.0,59.0,15.0,20.0,20.0,25.0,32.0,14.0,30.0,31.0,34.0,33.0,35.0,36.0,26.0,13.0,22.0,16.0,14.0,24.0,16.0,14.0,9.0,13.0,8.0,13.0,21.0,10.0,6.0,7.0,16.0,88.0,110.0,39.0,51.0,97.0,49.0,82.0,51.0,21.0,83.0,49.0,58.0,42.0,54.0,72.0,72.0,46.0,66.0,30.0,24.0,24.0,15.0,23.0,21.0,16.0,17.0,10.0,18.0,24.0,11.0,14.0,12.0,15.0,12.0,12.0,15.0,12.0,16.0,8.0,10.0,14.0,9.0,10.0,23.0,5.0,13.0,11.0,8.0,20.0,13.0,18.0,8.0,10.0,11.0,13.0,12.0,12.0,20.0,9.0,11.0,11.0,2.0,14.0,10.0,23.0,22.0,4.0,8.0,11.0,18.0,14.0,18.0,14.0,18.0,25.0,18.0,15.0,10.0,7.0,28.0,11.0
20.0,21.0,15.0,17.0,15.0,16.0,9.0,12.0,12.0,14.0,22.0,20.0,20.0,11.0,22.0,14.0,16.0,7.0,16.0,19.0,12.0,13.0,15.0,8.0,6.0,14.0,20.0,14.0,6.0,8.0,10.0,17.0,13.0,14.0,19.0,32.0,17.0,29.0,33.0,12.0,11.0,19.0,2.0,21.0,11.0,5.0,22.0,13.0,35.0,30.0,67.0,155.0,205.0,240.0,300.0,294.0,330.0,290.0,315.0,407.0,332.0,607.0,582.0,389.0,628.0,716.0,558.0,669.0,630.0,385.0,330.0,251.0,222.0,113.0,170.0,137.0,82.0,64.0,29.0,51.0,41.0,19.0,23.0,28.0,29.0,38.0,30.0,35.0,45.0,38.0,19.0,22.0,15.0,13.0,26.0,20.0,17.0,13.0,25.0,16.0,18.0,10.0,11.0,24.0,111.0,127.0,89.0,69.0,135.0,73.0,66.0,94.0,44.0,20.0,15.0,73.0,35.0,42.0,63.0,51.0,55.0,38.0,49.0,33.0,18.0,19.0,19.0,15.0,13.0,15.0,14.0,8.0,15.0,17.0,13.0,13.0,18.0,11.0,16.0,14.0,27.0,14.0,16.0,15.0,17.0,17.0,27.0,16.0,18.0,21.0,14.0,17.0,20.0,13.0,8.0,19.0,14.0,17.0,23.0,13.0,17.0,18.0,13.0,14.0,10.0,15.0,17.0,13.0,18.0,6.0,18.0,15.0
9.0,8.0,6.0,14.0,23.0,19.0,4.0,21.0,14.0,17.0,8.0,18.0,25.0,21.0,9.0,15.0,17.0,13.0,8.0,14.0,17.0,15.0,13.0,4.0,14.0,11.0,5.0,8.0,16.0,8.0,23.0,11.0,22.0,12.0,13.0,14.0,6.0,14.0,16.0,6.0,15.0,20.0,16.0,11.0,18.0,14.0,15.0,20.0,18.0,50.0,35.0,192.0,172.0,279.0,308.0,315.0,201.0,337.0,478.0,273.0,520.0,508.0,399.0,460.0,589.0,394.0,536.0,625.0,385.0,365.0,261.0,201.0,94.0,174.0,132.0,94.0,51.0,64.0,41.0,22.0,21.0,29.0,28.0,33.0,23.0,29.0,24.0,32.0,22.0,30.0,17.0,16.0,14.0,18.0,7.0,9.0,9.0,5.0,16.0,20.0,24.0,16.0,16.0,29.0,99.0,80.0,28.0,70.0,63.0,26.0,20.0,89.0,48.0,23.0,17.0,14.0,73.0,69.0,43.0,45.0,30.0,25.0,12.0,19.0,21.0,19.0,18.0,23.0,26.0,17.0,23.0,24.0,15.0,24.0,18.0,11.0,20.0,13.0,25.0,24.0,21.0,17.0,18.0,26.0,20.0,15.0,18.0,19.0,14.0,13.0,15.0,27.0,12.0,13.0,11.0,10.0,9.0,10.0,17.0,11.0,27.0,21.0,31.0,11.0,18.0,3.0,9.0,28.0,26.0,10.0,13.0,20.0
26.0,24.0,18.0,18.0,18.0,13.0,22.0,17.0,16.0,23.0,23.0,21.0,22.0,37.0,18.0,19.0,16.0,18.0,19.0,20.0,22.0,16.0,22.0,17.0,21.0,17.0,12.0,14.0,20.0,10.0,14.0,23.0,12.0,14.0,14.0,13.0,15.0,23.0,5.0,16.0,14.0,17.0,19.0,16.0,0.0,17.0,11.0,15.0,16.0,20.0,13.0,17.0,33.0,8.0,32.0,18.0,16.0,25.0,14.0,17.0,20.0,21.0,15.0,20.0,11.0,35.0,148.0,134.0,207.0,179.0,336.0,361.0,245.0,418.0,367.0,405.0,488.0,503.0,333.0,608.0,391.0,467.0,444.0,342.0,433.0,329.0,253.0,127.0,167.0,150.0,73.0,136.0,70.0,49.0,26.0,20.0,20.0,27.0,26.0,21.0,41.0,35.0,27.0,29.0,48.0,27.0,22.0,13.0,6.0,13.0,15.0,15.0,14.0,5.0,21.0,15.0,13.0,21.0,9.0,25.0,25.0,39.0,91.0,66.0,29.0,17.0,10.0,15.0,42.0,37.0,19.0,36.0,75.0,30.0,16.0,13.0,9.0,25.0,15.0,25.0,8.0,13.0,9.0,17.0,4.0,30.0,30.0,12.0,30.0,12.0,15.0,28.0,26.0,20.0,17.0,14.0,10.0,11.0,11.0,15.0,14.0,11.0,19.0,18.0,8.0,5.0,11.0,17.0,25.0,12.0,13.0,10.0
19.0,11.0,35.0,26.0,13.0,17.0,23.0,11.0,8.0,14.0,12.0,6.0,8.0,14.0,11.0,11.0,15.0,26.0,11.0,13.0,15.0,20.0,11.0,18.0,14.0,13.0,14.0,24.0,14.0,32.0,23.0,34.0,7.0,8.0,8.0,13.0,22.0,13.0,21.0,15.0,16.0,16.0,19.0,15.0,18.0,12.0,21.0,10.0,16.0,14.0,40.0,63.0,120.0,175.0,140.0,253.0,246.0,280.0,287.0,362.0,357.0,481.0,481.0,390.0,538.0,507.0,340.0,574.0,400.0,292.0,274.0,196.0,132.0,119.0,139.0,110.0,66.0,25.0,47.0,21.0,37.0,21.0,25.0,25.0,17.0,20.0,23.0,36.0,27.0,35.0,17.0,23.0,9.0,16.0,16.0,12.0,17.0,16.0,16.0,21.0,23.0,29.0,17.0,18.0,30.0,63.0,84.0,63.0,30.0,63.0,52.0,36.0,52.0,41.0,35.0,52.0,26.0,44.0,41.0,32.0,51.0,26.0,18.0,17.0,27.0,20.0,28.0,18.0,30.0,18.0,26.0,14.0,31.0,15.0,8.0,21.0,13.0,4.0,13.0,14.0,15.0,27.0,18.0,25.0,16.0,15.0,20.0,8.0,17.0,30.0,17.0,29.0,6.0,9.0,10.0,14.0,13.0,17.0,15.0,20.0,21.0,10.0,7.0,17.0,15.0,6.0,10.0,11.0,13.0,17.0,10.0,19.0
12.0,9.0,11.0,12.0,14.0,10.0,15.0,15.0,26.0,15.0,17.0,10.0,10.0,14.0,15.0,6.0,16.0,15.0,21.0,16.0,12.0,26.0,7.0,12.0,15.0,5.0,19.0,23.0,29.0,8.0,22.0,15.0,12.0,5.0,9.0,98.0,107.0,149.0,163.0,186.0,224.0,168.0,292.0,355.0,329.0,479.0,521.0,328.0,386.0,403.0,220.0,360.0,386.0,228.0,297.0,331.0,199.0,186.0,155.0,156.0,105.0,121.0,134.0,81.0,29.0,38.0,28.0,28.0,33.0,26.0,26.0,27.0,29.0,37.0,19.0,50.0,37.0,26.0,12.0,17.0,27.0,16.0,15.0,14.0,23.0,34.0,15.0,22.0,14.0,25.0,15.0,6.0,49.0,84.0,33.0,95.0,58.0,53.0,73.0,35.0,24.0,71.0,50.0,16.0,21.0,24.0,42.0,54.0,47.0,22.0,21.0,20.0,10.0,25.0,36.0,15.0,9.0,20.0,12.0,25.0,22.0,27.0,17.0,8.0,16.0,12.0,16.0,14.0,34.0,11.0,11.0,7.0,10.0,21.0,20.0,15.0,15.0,16.0,12.0,16.0,12.0,23.0,10.0,13.0,19.0,6.0,7.0,8.0,18.0,7.0,17.0,20.0,12.0,25.0,20.0,10.0,10.0,18.0,16.0,17.0,6.0,6.0,14.0,15.0,15.0,11.0,12.0,12.0,14.0,10.0,14.0,12.0
19.0,12.0,25.0,14.0,17.0,16.0,16.0,29.0,25.0,13.0,16.0,17.0,28.0,14.0,31.0,14.0,9.0,19.0,13.0,13.0,28.0,18.0,30.0,4.0,16.0,29.0,13.0,21.0,12.0,21.0,12.0,4.0,13.0,7.0,10.0,19.0,13.0,15.0,107.0,110.0,149.0,184.0,197.0,191.0,151.0,184.0,377.0,353.0,612.0,508.0,425.0,543.0,522.0,400.0,556.0,471.0,456.0,397.0,464.0,275.0,124.0,190.0,191.0,97.0,169.0,101.0,88.0,53.0,50.0,20.0,26.0,22.0,25.0,23.0,33.0,34.0,20.0,39.0,29.0,39.0,30.0,23.0,23.0,15.0,11.0,19.0,19.0,14.0,37.0,17.0,15.0,20.0,23.0,25.0,21.0,13.0,17.0,23.0,78.0,91.0,49.0,25.0,16.0,37.0,51.0,28.0,39.0,21.0,47.0,26.0,12.0,29.0,35.0,34.0,17.0,20.0,12.0,18.0,11.0,20.0,13.0,10.0,13.0,10.0,8.0,12.0,7.0,17.0,21.0,9.0,10.0,18.0,7.0,15.0,10.0,12.0,29.0,9.0,27.0,15.0,12.0,14.0,17.0,8.0,9.0,8.0,14.0,4.0,10.0,8.0,10.0,8.0,15.0,20.0,15.0,20.0,6.0,21.0,15.0,9.0,7.0,24.0,16.0,20.0,12.0,14.0,14.0,24.0,9.0,32.0,19.0,4.0
27.0,13.0,20.0,4.0,16.0,23.0,10.0,11.0,13.0,17.0,15.0,5.0,16.0,18.0,8.0,11.0,22.0,5.0,15.0,14.0,8.0,12.0,19.0,17.0,12.0,17.0,10.0,17.0,6.0,5.0,15.0,14.0,12.0,18.0,8.0,16.0,62.0,202.0,230.0,224.0,184.0,244.0,255.0,276.0,204.0,511.0,471.0,425.0,508.0,489.0,330.0,571.0,510.0,373.0,506.0,394.0,250.0,180.0,249.0,159.0,112.0,30.0,47.0,34.0,32.0,22.0,23.0,14.0,36.0,41.0,37.0,26.0,22.0,33.0,20.0,17.0,13.0,11.0,23.0,12.0,18.0,12.0,5.0,9.0,18.0,27.0,6.0,13.0,10.0,18.0,42.0,86.0,40.0,13.0,24.0,38.0,43.0,22.0,13.0,6.0,13.0,16.0,20.0,45.0,22.0,6.0,9.0,19.0,10.0,17.0,32.0,34.0,16.0,19.0,19.0,40.0,23.0,13.0,17.0,15.0,17.0,22.0,18.0,31.0,23.0,20.0,23.0,23.0,30.0,32.0,26.0,21.0,25.0,20.0,17.0,21.0,17.0,16.0,14.0,10.0,25.0,18.0,21.0,25.0,15.0,16.0,12.0,14.0,7.0,8.0,16.0,10.0,10.0,19.0,10.0,20.0,9.0,9.0,21.0,13.0,8.0,6.0,15.0,13.0,10.0,15.0,15.0,14.0,13.0,21.0,14.0,15.0
15.0,15.0,12.0,19.0,12.0,9.0,23.0,15.0,12.0,11.0,17.0,12.0,8.0,19.0,20.0,10.0,15.0,15.0,20.0,8.0,10.0,14.0,17.0,16.0,13.0,11.0,17.0,13.0,22.0,11.0,16.0,18.0,7.0,15.0,10.0,13.0,12.0,7.0,14.0,62.0,146.0,147.0,103.0,259.0,248.0,246.0,337.0,394.0,231.0,556.0,457.0,419.0,601.0,495.0,498.0,613.0,481.0,456.0,477.0,382.0,197.0,235.0,230.0,148.0,152.0,71.0,70.0,61.0,35.0,34.0,34.0,38.0,34.0,38.0,45.0,37.0,37.0,45.0,51.0,35.0,31.0,23.0,27.0,23.0,18.0,14.0,23.0,15.0,6.0,24.0,18.0,14.0,15.0,23.0,14.0,64.0,102.0,58.0,109.0,68.0,25.0,10.0,77.0,49.0,45.0,65.0,54.0,87.0,26.0,40.0,37.0,27.0,18.0,20.0,12.0,13.0,14.0,10.0,10.0,17.0,13.0,11.0,11.0,20.0,10.0,15.0,14.0,22.0,21.0,14.0,14.0,13.0,12.0,24.0,13.0,15.0,4.0,17.0,16.0,8.0,8.0,9.0,6.0,17.0,19.0,17.0,8.0,17.0,18.0,10.0,12.0,8.0,6.0,14.0,26.0,16.0,17.0,20.0,9.0,17.0,12.0,5.0,36.0,14.0,31.0,34.0,22.0,17.0,18.0,19.0,25.0,9.0
20.0,9.0,23.0,18.0,16.0,15.0,24.0,10.0,21.0,10.0,10.0,9.0,13.0,15.0,18.0,15.0,30.0,15.0,26.0,23.0,7.0,12.0,14.0,14.0,11.0,15.0,13.0,13.0,8.0,15.0,13.0,18.0,19.0,9.0,22.0,14.0,9.0,24.0,11.0,18.0,9.0,10.0,19.0,26.0,17.0,9.0,12.0,20.0,13.0,7.0,23.0,10.0,10.0,14.0,19.0,23.0,10.0,11.0,13.0,13.0,10.0,14.0,17.0,13.0,17.0,24.0,9.0,10.0,17.0,8.0,7.0,12.0,13.0,16.0,14.0,12.0,27.0,14.0,24.0,14.0,27.0,61.0,99.0,138.0,148.0,242.0,434.0,403.0,320.0,455.0,461.0,484.0,541.0,682.0,670.0,434.0,632.0,618.0,429.0,297.0,238.0,204.0,93.0,163.0,128.0,68.0,47.0,35.0,21.0,26.0,26.0,25.0,26.0,16.0,40.0,30.0,25.0,30.0,25.0,14.0,13.0,19.0,18.0,24.0,16.0,13.0,26.0,47.0,16.0,18.0,48.0,118.0,92.0,95.0,124.0,60.0,79.0,35.0,72.0,37.0,79.0,57.0,47.0,26.0,41.0,42.0,29.0,48.0,7.0,11.0,18.0,18.0,21.0,15.0,9.0,16.0,8.0,21.0,17.0,10.0,16.0,15.0,15.0,19.0,14.0,14.0,15.0,11.0,9.0,19.0,17.0,13.0
14.0,9.0,11.0,15.0,27.0,10.0,8.0,16.0,14.0,16.0,13.0,12.0,15.0,14.0,15.0,7.0,12.0,5.0,13.0,15.0,14.0,15.0,17.0,8.0,10.0,10.0,11.0,8.0,13.0,17.0,20.0,31.0,12.0,12.0,15.0,14.0,15.0,10.0,11.0,13.0,12.0,15.0,19.0,11.0,8.0,32.0,11.0,15.0,15.0,6.0,29.0,13.0,17.0,7.0,11.0,12.0,10.0,16.0,15.0,9.0,11.0,11.0,35.0,20.0,16.0,15.0,17.0,10.0,14.0,11.0,20.0,38.0,87.0,90.0,93.0,171.0,243.0,308.0,216.0,312.0,447.0,308.0,473.0,408.0,341.0,420.0,325.0,269.0,563.0,323.0,240.0,225.0,166.0,143.0,91.0,85.0,102.0,36.0,27.0,26.0,28.0,36.0,30.0,24.0,37.0,23.0,20.0,20.0,39.0,26.0,18.0,21.0,6.0,25.0,16.0,12.0,20.0,14.0,8.0,6.0,36.0,46.0,55.0,76.0,125.0,91.0,63.0,53.0,94.0,92.0,68.0,90.0,28.0,51.0,46.0,93.0,98.0,67.0,115.0,82.0,59.0,29.0,21.0,30.0,42.0,19.0,46.0,36.0,23.0,38.0,21.0,22.0,38.0,14.0,46.0,20.0,16.0,47.0,33.0,15.0,30.0,19.0,16.0,20.0,19.0,12.0,22.0,24.0,11.0,26.0,23.0,14.0
28.0,11.0,9.0,6.0,14.0,7.0,12.0,6.0,17.0,16.0,21.0,14.0,25.0,8.0,21.0,7.0,18.0,7.0,10.0,6.0,7.0,11.0,7.0,10.0,11.0,13.0,23.0,29.0,18.0,13.0,14.0,20.0,12.0,15.0,21.0,19.0,11.0,6.0,18.0,7.0,17.0,4.0,13.0,6.0,15.0,15.0,12.0,11.0,13.0,11.0,7.0,10.0,12.0,8.0,10.0,9.0,18.0,18.0,6.0,11.0,22.0,11.0,12.0,18.0,28.0,12.0,14.0,17.0,5.0,18.0,9.0,15.0,9.0,11.0,18.0,17.0,17.0,8.0,8.0,7.0,17.0,14.0,28.0,20.0,19.0,12.0,12.0,15.0,11.0,19.0,15.0,25.0,21.0,123.0,172.0,232.0,358.0,349.0,341.0,333.0,481.0,416.0,455.0,622.0,568.0,475.0,694.0,529.0,485.0,540.0,401.0,206.0,178.0,225.0,141.0,78.0,40.0,53.0,36.0,29.0,42.0,37.0,25.0,23.0,18.0,20.0,29.0,16.0,22.0,22.0,14.0,15.0,18.0,14.0,11.0,12.0,16.0,12.0,14.0,17.0,16.0,8.0,20.0,39.0,96.0,81.0,32.0,14.0,75.0,38.0,15.0,52.0,32.0,12.0,18.0,27.0,22.0,31.0,23.0,20.0,19.0,16.0,12.0,17.0,20.0,22.0,7.0,11.0,16.0,18.0,10.0,13.0
15.0,9.0,12.0,14.0,15.0,8.0,7.0,24.0,11.0,9.0,16.0,21.0,15.0,17.0,19.0,17.0,15.0,31.0,15.0,23.0,15.0,1.0,16.0,20.0,7.0,28.0,10.0,12.0,12.0,3.0,18.0,13.0,8.0,17.0,12.0,23.0,10.0,5.0,15.0,9.0,18.0,13.0,25.0,12.0,19.0,3.0,22.0,21.0,20.0,12.0,10.0,8.0,15.0,16.0,13.0,15.0,10.0,9.0,13.0,15.0,9.0,5.0,10.0,6.0,11.0,19.0,8.0,16.0,10.0,7.0,17.0,18.0,23.0,23.0,13.0,14.0,22.0,76.0,181.0,170.0,176.0,252.0,342.0,272.0,325.0,360.0,337.0,395.0,570.0,389.0,714.0,618.0,417.0,608.0,554.0,373.0,398.0,228.0,160.0,134.0,116.0,105.0,93.0,38.0,31.0,31.0,21.0,26.0,16.0,17.0,28.0,19.0,25.0,35.0,34.0,19.0,16.0,26.0,17.0,15.0,25.0,18.0,21.0,13.0,6.0,11.0,17.0,16.0,33.0,10.0,41.0,71.0,35.0,55.0,67.0,24.0,28.0,54.0,18.0,24.0,35.0,35.0,15.0,47.0,21.0,42.0,21.0,18.0,23.0,14.0,19.0,21.0,20.0,18.0,31.0,9.0,9.0,18.0,10.0,13.0,4.0,18.0,13.0,13.0,16.0,13.0,16.0,20.0,12.0,23.0,12.0,8.0
17.0,14.0,9.0,13.0,25.0,10.0,15.0,15.0,4.0,17.0,10.0,9.0,11.0,23.0,11.0,9.0,15.0,9.0,33.0,25.0,16.0,22.0,20.0,14.0,17.0,9.0,12.0,29.0,13.0,19.0,15.0,18.0,11.0,18.0,15.0,21.0,18.0,34.0,20.0,20.0,15.0,11.0,8.0,9.0,19.0,30.0,15.0,20.0,11.0,19.0,15.0,11.0,33.0,12.0,19.0,12.0,12.0,15.0,4.0,11.0,12.0,14.0,13.0,14.0,15.0,17.0,20.0,20.0,15.0,14.0,13.0,13.0,12.0,13.0,14.0,20.0,17.0,15.0,21.0,17.0,11.0,33.0,16.0,15.0,17.0,12.0,25.0,19.0,9.0,22.0,20.0,16.0,11.0,12.0,13.0,15.0,15.0,13.0,17.0,10.0,66.0,118.0,213.0,220.0,346.0,261.0,269.0,383.0,217.0,505.0,525.0,333.0,652.0,568.0,404.0,550.0,409.0,399.0,475.0,441.0,565.0,382.0,192.0,265.0,124.0,94.0,117.0,42.0,31.0,27.0,40.0,19.0,13.0,24.0,29.0,32.0,24.0,21.0,33.0,40.0,30.0,17.0,14.0,15.0,6.0,18.0,12.0,15.0,13.0,19.0,18.0,11.0,12.0,16.0,15.0,66.0,77.0,50.0,59.0,64.0,26.0,10.0,13.0,14.0,11.0,67.0,29.0,47.0,50.0,36.0,24.0,23.0
11.0,21.0,19.0,23.0,19.0,10.0,6.0,7.0,11.0,9.0,11.0,13.0,12.0,16.0,12.0,14.0,9.0,11.0,15.0,13.0,8.0,19.0,8.0,13.0,11.0,12.0,13.0,18.0,14.0,34.0,14.0,17.0,13.0,13.0,18.0,11.0,22.0,22.0,25.0,31.0,19.0,14.0,21.0,16.0,22.0,21.0,38.0,29.0,22.0,27.0,26.0,18.0,18.0,29.0,15.0,15.0,53.0,20.0,22.0,24.0,38.0,54.0,34.0,12.0,18.0,41.0,42.0,35.0,20.0,18.0,13.0,31.0,24.0,15.0,15.0,10.0,15.0,10.0,16.0,14.0,16.0,11.0,11.0,13.0,10.0,11.0,7.0,15.0,16.0,10.0,15.0,19.0,17.0,13.0,13.0,10.0,14.0,11.0,54.0,176.0,196.0,282.0,270.0,337.0,429.0,335.0,400.0,479.0,494.0,569.0,594.0,537.0,694.0,660.0,468.0,569.0,556.0,516.0,424.0,246.0,295.0,151.0,167.0,129.0,59.0,50.0,37.0,31.0,28.0,43.0,21.0,28.0,25.0,24.0,20.0,27.0,20.0,25.0,24.0,20.0,24.0,18.0,12.0,18.0,7.0,15.0,9.0,7.0,13.0,32.0,18.0,16.0,47.0,66.0,91.0,22.0,61.0,31.0,54.0,30.0,24.0,51.0,43.0,69.0,38.0,11.0,23.0,41.0,63.0,21.0,22.0,21.0
16.0,8.0,15.0,17.0,19.0,19.0,18.0,15.0,17.0,4.0,10.0,14.0,9.0,15.0,15.0,23.0,14.0,8.0,14.0,8.0,12.0,8.0,12.0,9.0,15.0,23.0,19.0,14.0,21.0,25.0,10.0,31.0,21.0,18.0,31.0,15.0,15.0,13.0,24.0,20.0,13.0,23.0,16.0,5.0,12.0,25.0,10.0,13.0,14.0,13.0,15.0,12.0,18.0,11.0,24.0,8.0,23.0,26.0,12.0,10.0,13.0,12.0,15.0,15.0,8.0,12.0,21.0,6.0,17.0,16.0,14.0,28.0,16.0,6.0,19.0,9.0,21.0,9.0,32.0,8.0,17.0,149.0,165.0,147.0,272.0,316.0,251.0,328.0,516.0,336.0,715.0,539.0,383.0,565.0,424.0,344.0,510.0,318.0,247.0,255.0,187.0,197.0,93.0,127.0,122.0,74.0,54.0,43.0,31.0,37.0,27.0,34.0,30.0,38.0,30.0,37.0,40.0,35.0,31.0,19.0,28.0,15.0,21.0,14.0,14.0,9.0,14.0,14.0,33.0,12.0,14.0,11.0,12.0,6.0,17.0,70.0,77.0,28.0,19.0,9.0,70.0,28.0,77.0,132.0,86.0,61.0,75.0,87.0,49.0,33.0,20.0,24.0,32.0,19.0,5.0,21.0,8.0,11.0,28.0,15.0,15.0,17.0,19.0,14.0,10.0,13.0,19.0,15.0,22.0,16.0,27.0,19.0
11.0,30.0,9.0,15.0,44.0,12.0,28.0,11.0,13.0,10.0,6.0,23.0,27.0,13.0,9.0,15.0,11.0,11.0,16.0,16.0,15.0,8.0,7.0,10.0,18.0,23.0,13.0,18.0,14.0,10.0,19.0,16.0,10.0,17.0,15.0,13.0,24.0,14.0,16.0,13.0,9.0,20.0,20.0,20.0,17.0,15.0,4.0,12.0,7.0,22.0,10.0,27.0,4.0,31.0,16.0,9.0,11.0,20.0,15.0,19.0,25.0,55.0,176.0,185.0,184.0,256.0,313.0,475.0,357.0,438.0,609.0,390.0,702.0,597.0,380.0,619.0,507.0,348.0,273.0,227.0,169.0,136.0,95.0,104.0,68.0,33.0,20.0,21.0,22.0,19.0,21.0,35.0,17.0,24.0,21.0,19.0,30.0,22.0,28.0,25.0,15.0,14.0,15.0,13.0,16.0,13.0,13.0,17.0,16.0,23.0,17.0,38.0,6.0,22.0,75.0,98.0,38.0,30.0,15.0,34.0,66.0,22.0,18.0,55.0,43.0,34.0,11.0,51.0,42.0,22.0,25.0,22.0,10.0,11.0,16.0,17.0,17.0,3.0,15.0,13.0,18.0,22.0,20.0,18.0,12.0,13.0,7.0,14.0,26.0,18.0,16.0,10.0,9.0,26.0,22.0,11.0,9.0,11.0,18.0,10.0,4.0,17.0,15.0,19.0,4.0,24.0,18.0,13.0,9.0,9.0,13.0,13.0
22.0,17.0,17.0,13.0,10.0,9.0,14.0,8.0,8.0,17.0,21.0,4.0,10.0,6.0,8.0,2.0,14.0,17.0,12.0,9.0,9.0,22.0,13.0,10.0,4.0,10.0,11.0,14.0,22.0,8.0,12.0,23.0,5.0,14.0,8.0,12.0,15.0,15.0,14.0,15.0,16.0,12.0,21.0,14.0,24.0,123.0,143.0,144.0,178.0,275.0,297.0,211.0,499.0,496.0,362.0,680.0,595.0,418.0,639.0,634.0,546.0,567.0,570.0,358.0,190.0,259.0,201.0,171.0,153.0,93.0,82.0,39.0,23.0,35.0,23.0,24.0,43.0,25.0,34.0,26.0,40.0,22.0,15.0,18.0,14.0,13.0,18.0,10.0,15.0,10.0,18.0,17.0,13.0,31.0,16.0,10.0,97.0,111.0,34.0,20.0,16.0,14.0,22.0,51.0,28.0,51.0,28.0,25.0,49.0,37.0,21.0,19.0,32.0,10.0,18.0,12.0,21.0,15.0,12.0,16.0,20.0,13.0,20.0,6.0,16.0,15.0,33.0,13.0,24.0,15.0,15.0,14.0,14.0,30.0,9.0,9.0,11.0,14.0,11.0,25.0,6.0,14.0,16.0,21.0,16.0,12.0,12.0,13.0,15.0,10.0,10.0,8.0,21.0,10.0,20.0,12.0,9.0,21.0,13.0,19.0,9.0,15.0,15.0,17.0,17.0,27.0,14.0,15.0,6.0,13.0,22.0,14.0
18.0,15.0,15.0,21.0,13.0,21.0,18.0,13.0,18.0,26.0,15.0,32.0,17.0,17.0,15.0,12.0,11.0,9.0,19.0,19.0,12.0,20.0,15.0,16.0,13.0,7.0,16.0,17.0,11.0,17.0,16.0,15.0,17.0,17.0,14.0,14.0,15.0,10.0,15.0,23.0,15.0,13.0,72.0,72.0,88.0,192.0,264.0,354.0,301.0,381.0,569.0,523.0,446.0,423.0,456.0,521.0,323.0,443.0,522.0,474.0,452.0,431.0,393.0,284.0,158.0,172.0,154.0,50.0,74.0,52.0,24.0,23.0,35.0,22.0,31.0,16.0,29.0,27.0,26.0,31.0,35.0,7.0,14.0,21.0,32.0,12.0,8.0,13.0,20.0,14.0,20.0,23.0,13.0,16.0,49.0,44.0,25.0,76.0,50.0,23.0,73.0,49.0,40.0,65.0,57.0,40.0,62.0,60.0,69.0,47.0,48.0,22.0,21.0,9.0,12.0,30.0,14.0,12.0,7.0,27.0,14.0,13.0,15.0,13.0,14.0,16.0,11.0,19.0,10.0,12.0,24.0,12.0,10.0,12.0,19.0,17.0,16.0,8.0,9.0,21.0,15.0,20.0,10.0,18.0,23.0,6.0,11.0,5.0,19.0,8.0,11.0,13.0,10.0,40.0,23.0,21.0,20.0,21.0,18.0,19.0,22.0,19.0,19.0,20.0,7.0,15.0,24.0,14.0,10.0,11.0,7.0,10.0
12.0,18.0,9.0,979.0,11.0,13.0,18.0,22.0,19.0,19.0,11.0,22.0,19.0,34.0,28.0,17.0,29.0,5.0,16.0,23.0,8.0,27.0,18.0,13.0,13.0,23.0,18.0,20.0,14.0,14.0,14.0,22.0,20.0,17.0,14.0,20.0,10.0,19.0,16.0,14.0,11.0,16.0,15.0,15.0,18.0,27.0,111.0,101.0,135.0,120.0,185.0,288.0,259.0,257.0,279.0,378.0,200.0,402.0,446.0,387.0,578.0,516.0,399.0,627.0,487.0,542.0,401.0,244.0,233.0,92.0,143.0,95.0,59.0,33.0,16.0,24.0,28.0,32.0,37.0,29.0,21.0,26.0,29.0,20.0,22.0,26.0,19.0,12.0,16.0,14.0,14.0,18.0,14.0,15.0,15.0,22.0,18.0,20.0,11.0,23.0,18.0,90.0,74.0,63.0,84.0,35.0,76.0,70.0,32.0,30.0,46.0,49.0,50.0,41.0,29.0,44.0,25.0,21.0,18.0,20.0,23.0,24.0,4.0,9.0,16.0,8.0,15.0,11.0,14.0,12.0,10.0,15.0,12.0,14.0,18.0,7.0,15.0,10.0,14.0,12.0,24.0,18.0,27.0,9.0,22.0,17.0,14.0,10.0,17.0,10.0,15.0,14.0,13.0,12.0,15.0,14.0,12.0,15.0,13.0,3.0,13.0,12.0,8.0,6.0,26.0,10.0,26.0,10.0,12.0,6.0,14.0,14.0
13.0,10.0,13.0,15.0,13.0,26.0,13.0,18.0,8.0,20.0,14.0,16.0,21.0,15.0,10.0,9.0,8.0,18.0,16.0,31.0,13.0,17.0,15.0,19.0,22.0,18.0,14.0,7.0,12.0,13.0,14.0,11.0,12.0,13.0,10.0,21.0,14.0,5.0,12.0,7.0,31.0,10.0,13.0,7.0,18.0,14.0,16.0,17.0,18.0,17.0,15.0,17.0,13.0,16.0,32.0,21.0,49.0,77.0,123.0,125.0,181.0,207.0,241.0,217.0,323.0,286.0,361.0,429.0,366.0,537.0,546.0,457.0,512.0,436.0,415.0,228.0,245.0,162.0,97.0,157.0,92.0,62.0,59.0,25.0,26.0,20.0,32.0,24.0,28.0,29.0,32.0,32.0,18.0,18.0,9.0,18.0,8.0,19.0,8.0,11.0,14.0,12.0,17.0,18.0,16.0,17.0,35.0,16.0,12.0,17.0,15.0,64.0,99.0,71.0,18.0,31.0,36.0,51.0,44.0,43.0,33.0,55.0,64.0,32.0,33.0,34.0,12.0,9.0,15.0,17.0,18.0,14.0,32.0,9.0,21.0,19.0,13.0,22.0,15.0,15.0,19.0,13.0,18.0,14.0,26.0,16.0,15.0,16.0,14.0,16.0,14.0,18.0,17.0,19.0,16.0,11.0,14.0,10.0,10.0,20.0,38.0,14.0,10.0,25.0,11.0,23.0,11.0,10.0,10.0,16.0,8.0,19.0
12.0,14.0,22.0,12.0,11.0,13.0,19.0,6.0,15.0,14.0,12.0,13.0,6.0,14.0,16.0,10.0,8.0,12.0,8.0,17.0,19.0,6.0,36.0,12.0,17.0,22.0,11.0,14.0,14.0,21.0,8.0,21.0,11.0,18.0,17.0,5.0,12.0,28.0,8.0,31.0,40.0,119.0,166.0,156.0,247.0,318.0,382.0,341.0,486.0,396.0,285.0,506.0,457.0,371.0,536.0,485.0,297.0,182.0,246.0,120.0,88.0,67.0,96.0,39.0,45.0,30.0,16.0,20.0,28.0,30.0,32.0,31.0,28.0,21.0,14.0,12.0,14.0,13.0,11.0,8.0,10.0,18.0,20.0,7.0,18.0,15.0,17.0,11.0,20.0,12.0,71.0,103.0,69.0,30.0,21.0,23.0,15.0,14.0,26.0,23.0,49.0,55.0,18.0,16.0,23.0,15.0,6.0,15.0,11.0,19.0,18.0,15.0,11.0,25.0,8.0,11.0,10.0,18.0,13.0,17.0,9.0,23.0,17.0,10.0,22.0,18.0,14.0,11.0,19.0,9.0,24.0,22.0,15.0,8.0,33.0,18.0,13.0,11.0,13.0,23.0,11.0,24.0,7.0,12.0,11.0,13.0,13.0,11.0,14.0,17.0,9.0,13.0,13.0,22.0,13.0,17.0,12.0,21.0,11.0,6.0,16.0,20.0,10.0,30.0,8.0,12.0,8.0,10.0,6.0,10.0,20.0,12.0
16.0,15.0,19.0,9.0,21.0,15.0,16.0,22.0,22.0,16.0,12.0,14.0,20.0,12.0,33.0,14.0,9.0,11.0,10.0,4.0,14.0,16.0,13.0,21.0,13.0,16.0,8.0,12.0,8.0,14.0,19.0,15.0,17.0,9.0,10.0,12.0,9.0,23.0,21.0,5.0,13.0,49.0,37.0,42.0,111.0,142.0,174.0,215.0,383.0,396.0,388.0,569.0,478.0,367.0,656.0,445.0,315.0,489.0,455.0,321.0,131.0,220.0,175.0,93.0,109.0,48.0,29.0,40.0,38.0,22.0,43.0,41.0,31.0,46.0,20.0,25.0,21.0,21.0,12.0,12.0,11.0,14.0,22.0,13.0,16.0,12.0,11.0,23.0,31.0,5.0,17.0,14.0,66.0,89.0,52.0,88.0,56.0,25.0,17.0,104.0,52.0,20.0,13.0,8.0,27.0,32.0,44.0,36.0,32.0,17.0,15.0,4.0,17.0,8.0,7.0,10.0,18.0,11.0,12.0,16.0,6.0,13.0,9.0,15.0,20.0,16.0,18.0,10.0,17.0,12.0,13.0,13.0,11.0,17.0,6.0,26.0,7.0,13.0,12.0,15.0,9.0,21.0,20.0,11.0,20.0,15.0,3.0,24.0,15.0,22.0,25.0,16.0,13.0,16.0,10.0,12.0,17.0,8.0,7.0,19.0,12.0,14.0,11.0,8.0,10.0,14.0,11.0,19.0,16.0,18.0,16.0,13.0
12.0,18.0,11.0,14.0,9.0,10.0,4.0,23.0,12.0,11.0,16.0,20.0,13.0,24.0,19.0,16.0,15.0,17.0,7.0,24.0,14.0,18.0,11.0,15.0,4.0,8.0,11.0,13.0,18.0,20.0,3.0,28.0,14.0,10.0,13.0,15.0,5.0,16.0,59.0,59.0,152.0,112.0,212.0,180.0,259.0,356.0,266.0,464.0,443.0,301.0,553.0,503.0,322.0,490.0,405.0,321.0,215.0,179.0,152.0,98.0,137.0,92.0,37.0,37.0,28.0,26.0,29.0,11.0,30.0,14.0,21.0,21.0,38.0,24.0,14.0,25.0,15.0,23.0,15.0,17.0,14.0,22.0,19.0,19.0,23.0,17.0,12.0,41.0,124.0,52.0,98.0,76.0,41.0,51.0,55.0,26.0,16.0,60.0,67.0,57.0,80.0,43.0,35.0,40.0,16.0,16.0,9.0,23.0,29.0,28.0,16.0,31.0,15.0,12.0,15.0,24.0,17.0,19.0,23.0,10.0,19.0,21.0,22.0,21.0,30.0,37.0,23.0,34.0,36.0,36.0,26.0,14.0,21.0,17.0,17.0,19.0,15.0,20.0,13.0,17.0,18.0,9.0,26.0,15.0,6.0,18.0,23.0,17.0,22.0,17.0,17.0,9.0,9.0,15.0,9.0,16.0,17.0,10.0,15.0,16.0,16.0,25.0,25.0,26.0,25.0,21.0,27.0,24.0,42.0,23.0,15.0,27.0
7.0,23.0,16.0,7.0,17.0,15.0,11.0,17.0,9.0,9.0,8.0,16.0,10.0,12.0,18.0,12.0,13.0,8.0,15.0,17.0,14.0,15.0,19.0,21.0,13.0,14.0,11.0,28.0,15.0,16.0,23.0,19.0,14.0,17.0,8.0,16.0,6.0,6.0,4.0,10.0,9.0,12.0,12.0,15.0,8.0,15.0,26.0,20.0,12.0,6.0,8.0,10.0,13.0,22.0,18.0,11.0,65.0,101.0,108.0,180.0,152.0,267.0,322.0,296.0,418.0,418.0,322.0,550.0,418.0,334.0,408.0,243.0,175.0,77.0,106.0,74.0,61.0,38.0,39.0,46.0,35.0,19.0,24.0,32.0,28.0,32.0,26.0,36.0,8.0,18.0,16.0,25.0,9.0,14.0,5.0,4.0,16.0,19.0,17.0,15.0,14.0,21.0,25.0,84.0,27.0,39.0,43.0,35.0,32.0,27.0,20.0,23.0,38.0,49.0,27.0,27.0,26.0,11.0,6.0,12.0,16.0,25.0,10.0,16.0,16.0,19.0,15.0,10.0,34.0,20.0,19.0,13.0,7.0,13.0,28.0,9.0,21.0,9.0,11.0,13.0,4.0,13.0,27.0,16.0,14.0,13.0,13.0,18.0,11.0,12.0,12.0,14.0,8.0,14.0,11.0,15.0,13.0,17.0,6.0,15.0,9.0,15.0,17.0,13.0,25.0,24.0,3.0,14.0,8.0,13.0,14.0,17.0
11.0,18.0,9.0,14.0,12.0,13.0,23.0,10.0,20.0,10.0,31.0,21.0,16.0,26.0,32.0,20.0,13.0,22.0,9.0,12.0,15.0,18.0,22.0,37.0,25.0,20.0,32.0,26.0,21.0,19.0,14.0,12.0,21.0,6.0,12.0,16.0,9.0,15.0,18.0,18.0,17.0,30.0,19.0,23.0,39.0,41.0,34.0,55.0,79.0,83.0,117.0,117.0,194.0,204.0,362.0,331.0,272.0,408.0,498.0,367.0,470.0,420.0,338.0,520.0,408.0,269.0,470.0,293.0,186.0,170.0,132.0,117.0,76.0,61.0,36.0,57.0,54.0,46.0,39.0,32.0,39.0,38.0,38.0,44.0,33.0,30.0,13.0,13.0,20.0,22.0,17.0,19.0,17.0,9.0,25.0,26.0,14.0,20.0,30.0,94.0,100.0,43.0,77.0,63.0,46.0,56.0,40.0,31.0,52.0,24.0,51.0,65.0,61.0,75.0,56.0,63.0,45.0,22.0,26.0,31.0,20.0,17.0,23.0,13.0,19.0,21.0,12.0,21.0,15.0,15.0,30.0,12.0,14.0,22.0,17.0,9.0,24.0,18.0,21.0,14.0,15.0,9.0,10.0,14.0,7.0,19.0,13.0,10.0,7.0,13.0,13.0,18.0,13.0,16.0,13.0,9.0,15.0,15.0,13.0,21.0,18.0,13.0,12.0,10.0,12.0,11.0,15.0,3.0,12.0,24.0,14.0,17.0
26.0,31.0,27.0,18.0,27.0,19.0,32.0,33.0,21.0,35.0,29.0,28.0,17.0,21.0,26.0,14.0,19.0,24.0,31.0,26.0,24.0,18.0,18.0,16.0,15.0,14.0,26.0,26.0,20.0,12.0,13.0,15.0,9.0,14.0,13.0,24.0,8.0,26.0,21.0,19.0,20.0,23.0,10.0,13.0,18.0,12.0,16.0,21.0,11.0,11.0,6.0,18.0,20.0,14.0,23.0,8.0,8.0,13.0,29.0,25.0,31.0,100.0,198.0,335.0,227.0,304.0,346.0,317.0,242.0,387.0,343.0,390.0,400.0,469.0,457.0,290.0,383.0,270.0,176.0,217.0,91.0,74.0,51.0,36.0,33.0,34.0,28.0,36.0,22.0,37.0,44.0,40.0,43.0,13.0,19.0,23.0,19.0,38.0,10.0,13.0,8.0,20.0,16.0,30.0,21.0,58.0,57.0,56.0,116.0,103.0,87.0,71.0,72.0,72.0,70.0,73.0,72.0,61.0,47.0,45.0,28.0,33.0,35.0,26.0,25.0,14.0,33.0,12.0,38.0,32.0,21.0,17.0,33.0,31.0,16.0,37.0,17.0,20.0,16.0,15.0,18.0,20.0,35.0,27.0,23.0,14.0,18.0,30.0,25.0,25.0,27.0,16.0,31.0,25.0,11.0,20.0,14.0,21.0,36.0,14.0,10.0,12.0,22.0,18.0,23.0,30.0,18.0,27.0,35.0,19.0,47.0,34.0
16.0,11.0,15.0,17.0,9.0,14.0,14.0,17.0,15.0,18.0,8.0,10.0,13.0,20.0,28.0,8.0,30.0,14.0,20.0,18.0,32.0,17.0,16.0,5.0,10.0,14.0,27.0,29.0,20.0,12.0,14.0,25.0,20.0,17.0,15.0,14.0,20.0,26.0,13.0,16.0,15.0,14.0,26.0,38.0,103.0,68.0,101.0,100.0,90.0,183.0,187.0,289.0,255.0,333.0,360.0,389.0,561.0,572.0,433.0,618.0,468.0,378.0,211.0,190.0,141.0,72.0,104.0,73.0,29.0,27.0,31.0,21.0,21.0,23.0,45.0,28.0,39.0,27.0,33.0,20.0,20.0,16.0,36.0,17.0,21.0,22.0,34.0,24.0,25.0,28.0,22.0,23.0,13.0,15.0,41.0,68.0,74.0,50.0,45.0,46.0,41.0,43.0,40.0,46.0,52.0,38.0,29.0,44.0,31.0,30.0,19.0,17.0,14.0,13.0,21.0,5.0,7.0,20.0,24.0,21.0,18.0,7.0,11.0,10.0,13.0,25.0,10.0,16.0,9.0,10.0,21.0,20.0,15.0,24.0,8.0,24.0,12.0,14.0,11.0,18.0,15.0,16.0,12.0,12.0,19.0,9.0,14.0,12.0,25.0,15.0,11.0,15.0,10.0,24.0,13.0,24.0,13.0,17.0,16.0,16.0,39.0,16.0,65.0,43.0,27.0,25.0,27.0,21.0,41.0,82.0,51.0,57.0
22.0,15.0,32.0,29.0,21.0,16.0,15.0,13.0,44.0,19.0,24.0,12.0,13.0,15.0,30.0,51.0,42.0,17.0,18.0,18.0,23.0,14.0,8.0,12.0,25.0,21.0,35.0,37.0,14.0,8.0,20.0,45.0,36.0,58.0,50.0,54.0,85.0,88.0,85.0,105.0,148.0,169.0,102.0,420.0,278.0,355.0,374.0,552.0,510.0,387.0,493.0,488.0,333.0,241.0,213.0,97.0,173.0,121.0,91.0,60.0,26.0,24.0,32.0,31.0,33.0,24.0,48.0,41.0,25.0,40.0,37.0,21.0,10.0,18.0,43.0,21.0,30.0,7.0,20.0,17.0,12.0,18.0,13.0,11.0,36.0,71.0,83.0,42.0,41.0,63.0,33.0,34.0,24.0,27.0,36.0,51.0,36.0,18.0,21.0,12.0,25.0,16.0,22.0,13.0,22.0,15.0,25.0,13.0,16.0,20.0,18.0,16.0,25.0,22.0,10.0,25.0,14.0,24.0,17.0,19.0,22.0,22.0,16.0,15.0,19.0,15.0,22.0,12.0,16.0,12.0,19.0,5.0,25.0,11.0,25.0,24.0,17.0,12.0,25.0,19.0,22.0,34.0,22.0,12.0,15.0,12.0,15.0,15.0,21.0,17.0,29.0,23.0,14.0,17.0,21.0,13.0,14.0,10.0,12.0,13.0,14.0,9.0,10.0,13.0,7.0,10.0,15.0,21.0,10.0,15.0,10.0,15.0
10.0,14.0,15.0,10.0,11.0,11.0,16.0,6.0,13.0,20.0,18.0,9.0,17.0,11.0,19.0,14.0,19.0,2.0,14.0,11.0,13.0,5.0,12.0,9.0,10.0,15.0,12.0,8.0,13.0,25.0,32.0,42.0,165.0,209.0,193.0,136.0,160.0,216.0,353.0,353.0,344.0,529.0,548.0,561.0,647.0,695.0,458.0,796.0,816.0,528.0,590.0,375.0,228.0,117.0,177.0,126.0,84.0,50.0,25.0,27.0,37.0,26.0,33.0,26.0,27.0,37.0,31.0,26.0,37.0,45.0,56.0,22.0,16.0,20.0,13.0,16.0,17.0,10.0,16.0,10.0,10.0,28.0,21.0,19.0,16.0,44.0,103.0,73.0,66.0,36.0,33.0,56.0,25.0,52.0,47.0,18.0,15.0,21.0,52.0,52.0,44.0,15.0,16.0,12.0,13.0,27.0,8.0,17.0,28.0,12.0,28.0,26.0,9.0,10.0,24.0,13.0,14.0,26.0,14.0,11.0,12.0,15.0,16.0,19.0,19.0,20.0,19.0,14.0,36.0,19.0,16.0,21.0,16.0,14.0,16.0,16.0,15.0,21.0,19.0,22.0,17.0,23.0,34.0,14.0,18.0,5.0,7.0,18.0,15.0,13.0,15.0,8.0,8.0,12.0,11.0,17.0,12.0,13.0,10.0,12.0,19.0,17.0,6.0,11.0,16.0,10.0,12.0,16.0,14.0,12.0,11.0,18.0
8.0,8.0,11.0,15.0,8.0,16.0,15.0,8.0,8.0,13.0,7.0,9.0,28.0,25.0,18.0,31.0,16.0,11.0,15.0,15.0,5.0,9.0,13.0,21.0,9.0,23.0,7.0,29.0,17.0,10.0,15.0,24.0,15.0,18.0,15.0,13.0,11.0,19.0,17.0,21.0,17.0,14.0,20.0,4.0,9.0,3.0,10.0,19.0,9.0,14.0,18.0,10.0,10.0,11.0,23.0,10.0,16.0,17.0,17.0,16.0,26.0,16.0,14.0,26.0,16.0,14.0,14.0,15.0,8.0,17.0,88.0,83.0,96.0,145.0,144.0,215.0,283.0,321.0,451.0,488.0,401.0,627.0,487.0,458.0,643.0,426.0,441.0,491.0,372.0,220.0,212.0,159.0,71.0,144.0,82.0,46.0,42.0,24.0,26.0,47.0,29.0,35.0,24.0,21.0,33.0,34.0,33.0,48.0,20.0,12.0,9.0,18.0,12.0,15.0,8.0,14.0,7.0,12.0,18.0,11.0,20.0,14.0,82.0,51.0,31.0,56.0,38.0,35.0,60.0,34.0,47.0,52.0,15.0,30.0,58.0,34.0,30.0,38.0,39.0,17.0,20.0,7.0,15.0,15.0,13.0,8.0,19.0,17.0,12.0,14.0,13.0,6.0,8.0,13.0,12.0,17.0,8.0,15.0,8.0,7.0,12.0,8.0,15.0,14.0,12.0,10.0,16.0,8.0,8.0,14.0,21.0,26.0
12.0,9.0,21.0,14.0,63.0,57.0,52.0,44.0,33.0,28.0,20.0,29.0,20.0,25.0,34.0,23.0,44.0,22.0,21.0,8.0,15.0,16.0,6.0,10.0,17.0,21.0,14.0,5.0,4.0,12.0,12.0,11.0,16.0,23.0,25.0,19.0,19.0,19.0,9.0,16.0,16.0,20.0,18.0,18.0,18.0,15.0,9.0,21.0,21.0,14.0,14.0,16.0,16.0,29.0,45.0,30.0,8.0,73.0,126.0,65.0,66.0,52.0,79.0,40.0,64.0,27.0,48.0,53.0,45.0,52.0,45.0,24.0,22.0,24.0,27.0,21.0,21.0,16.0,8.0,15.0,28.0,18.0,22.0,40.0,14.0,4.0,14.0,18.0,13.0,32.0,5.0,15.0,10.0,18.0,8.0,23.0,9.0,24.0,2.0,7.0,21.0,15.0,25.0,10.0,18.0,69.0,161.0,130.0,169.0,169.0,239.0,421.0,372.0,527.0,422.0,336.0,490.0,430.0,340.0,398.0,351.0,317.0,421.0,266.0,164.0,138.0,94.0,70.0,44.0,30.0,31.0,21.0,28.0,29.0,23.0,30.0,24.0,20.0,21.0,39.0,22.0,19.0,18.0,29.0,17.0,9.0,13.0,18.0,11.0,7.0,6.0,11.0,12.0,13.0,14.0,62.0,93.0,43.0,63.0,49.0,58.0,50.0,27.0,17.0,57.0,24.0,36.0,48.0,33.0,46.0,66.0,26.0
112.0,75.0,120.0,52.0,64.0,58.0,44.0,38.0,65.0,40.0,32.0,20.0,29.0,21.0,22.0,29.0,31.0,18.0,16.0,19.0,17.0,27.0,32.0,20.0,18.0,24.0,14.0,9.0,28.0,25.0,21.0,39.0,30.0,36.0,31.0,26.0,26.0,14.0,14.0,12.0,12.0,17.0,19.0,22.0,16.0,28.0,23.0,15.0,29.0,22.0,19.0,20.0,22.0,19.0,6.0,26.0,38.0,19.0,33.0,23.0,13.0,23.0,18.0,15.0,15.0,25.0,22.0,27.0,16.0,18.0,9.0,14.0,14.0,14.0,13.0,15.0,22.0,18.0,12.0,16.0,26.0,15.0,17.0,20.0,164.0,247.0,171.0,218.0,188.0,222.0,287.0,428.0,598.0,397.0,572.0,595.0,416.0,670.0,502.0,443.0,605.0,552.0,410.0,323.0,206.0,100.0,199.0,103.0,82.0,52.0,39.0,26.0,27.0,34.0,32.0,24.0,25.0,21.0,19.0,25.0,26.0,29.0,34.0,29.0,9.0,24.0,25.0,9.0,16.0,11.0,4.0,17.0,16.0,25.0,9.0,5.0,11.0,52.0,92.0,48.0,27.0,9.0,18.0,13.0,11.0,17.0,8.0,17.0,28.0,6.0,5.0,23.0,19.0,17.0,12.0,10.0,13.0,18.0,9.0,16.0,24.0,13.0,16.0,15.0,15.0,21.0,14.0,27.0,11.0,23.0,28.0,25.0
9.0,12.0,24.0,12.0,25.0,16.0,20.0,10.0,8.0,13.0,13.0,12.0,14.0,20.0,12.0,10.0,11.0,22.0,13.0,42.0,31.0,13.0,12.0,13.0,13.0,14.0,12.0,16.0,19.0,15.0,2.0,14.0,11.0,19.0,14.0,10.0,9.0,8.0,18.0,21.0,18.0,12.0,16.0,11.0,16.0,12.0,10.0,11.0,16.0,5.0,12.0,22.0,12.0,30.0,12.0,25.0,8.0,27.0,11.0,17.0,24.0,11.0,10.0,11.0,15.0,12.0,13.0,17.0,16.0,16.0,20.0,8.0,15.0,14.0,15.0,24.0,13.0,8.0,3.0,20.0,32.0,24.0,25.0,36.0,131.0,139.0,158.0,185.0,288.0,318.0,323.0,475.0,404.0,450.0,519.0,422.0,559.0,486.0,288.0,583.0,415.0,294.0,400.0,212.0,135.0,135.0,146.0,67.0,120.0,55.0,20.0,27.0,22.0,48.0,20.0,26.0,18.0,25.0,24.0,30.0,49.0,46.0,13.0,12.0,7.0,6.0,15.0,13.0,10.0,18.0,19.0,11.0,52.0,17.0,45.0,104.0,72.0,26.0,31.0,12.0,61.0,53.0,20.0,33.0,49.0,49.0,36.0,43.0,44.0,46.0,38.0,17.0,27.0,7.0,10.0,16.0,15.0,17.0,17.0,14.0,29.0,20.0,16.0,15.0,9.0,24.0,30.0,22.0,28.0,14.0,13.0,15.0
30.0,31.0,13.0,16.0,9.0,15.0,12.0,15.0,26.0,14.0,23.0,17.0,14.0,20.0,23.0,14.0,16.0,8.0,22.0,30.0,22.0,13.0,15.0,20.0,12.0,17.0,10.0,17.0,30.0,19.0,23.0,27.0,21.0,23.0,32.0,15.0,21.0,30.0,31.0,35.0,33.0,22.0,27.0,40.0,26.0,38.0,25.0,62.0,15.0,18.0,16.0,12.0,13.0,11.0,19.0,15.0,24.0,11.0,15.0,23.0,15.0,18.0,19.0,11.0,13.0,14.0,17.0,18.0,24.0,25.0,22.0,28.0,31.0,29.0,11.0,30.0,33.0,58.0,47.0,100.0,150.0,166.0,213.0,241.0,231.0,399.0,431.0,387.0,605.0,588.0,385.0,588.0,620.0,451.0,715.0,617.0,395.0,568.0,411.0,245.0,157.0,285.0,169.0,85.0,100.0,48.0,28.0,46.0,23.0,36.0,26.0,27.0,29.0,17.0,31.0,47.0,27.0,23.0,17.0,20.0,7.0,24.0,10.0,12.0,17.0,15.0,16.0,25.0,20.0,16.0,16.0,90.0,96.0,43.0,31.0,38.0,16.0,53.0,22.0,25.0,42.0,39.0,34.0,33.0,39.0,21.0,54.0,41.0,16.0,24.0,10.0,15.0,26.0,26.0,8.0,13.0,7.0,5.0,4.0,8.0,12.0,11.0,15.0,12.0,18.0,15.0,20.0,17.0,10.0,20.0,12.0,7.0
14.0,13.0,15.0,14.0,16.0,21.0,8.0,11.0,18.0,11.0,20.0,16.0,25.0,17.0,22.0,6.0,11.0,11.0,18.0,9.0,20.0,16.0,20.0,30.0,8.0,14.0,24.0,15.0,18.0,28.0,16.0,21.0,12.0,7.0,10.0,7.0,15.0,27.0,19.0,10.0,17.0,13.0,13.0,8.0,12.0,13.0,12.0,17.0,8.0,13.0,12.0,18.0,15.0,8.0,14.0,9.0,16.0,38.0,31.0,40.0,77.0,106.0,146.0,139.0,155.0,349.0,676.0,494.0,422.0,437.0,425.0,464.0,446.0,477.0,359.0,277.0,218.0,154.0,138.0,126.0,49.0,26.0,45.0,26.0,34.0,36.0,34.0,22.0,23.0,33.0,32.0,31.0,39.0,12.0,25.0,14.0,8.0,45.0,13.0,47.0,13.0,24.0,17.0,21.0,14.0,35.0,92.0,60.0,65.0,95.0,112.0,72.0,98.0,55.0,69.0,73.0,48.0,67.0,53.0,44.0,17.0,28.0,26.0,11.0,13.0,21.0,11.0,7.0,10.0,12.0,6.0,17.0,21.0,14.0,18.0,11.0,11.0,19.0,15.0,6.0,11.0,7.0,7.0,8.0,8.0,11.0,17.0,13.0,10.0,22.0,11.0,10.0,9.0,11.0,14.0,12.0,9.0,5.0,17.0,11.0,10.0,14.0,11.0,7.0,18.0,24.0,10.0,17.0,24.0,16.0,18.0,16.0
13.0,11.0,13.0,9.0,11.0,6.0,11.0,12.0,18.0,23.0,11.0,18.0,30.0,31.0,34.0,23.0,11.0,14.0,13.0,9.0,34.0,16.0,25.0,18.0,21.0,21.0,22.0,21.0,21.0,18.0,18.0,9.0,20.0,19.0,13.0,22.0,16.0,8.0,11.0,11.0,21.0,72.0,97.0,73.0,104.0,123.0,147.0,155.0,123.0,262.0,214.0,228.0,355.0,417.0,297.0,395.0,340.0,283.0,367.0,385.0,295.0,229.0,155.0,112.0,100.0,53.0,38.0,37.0,32.0,35.0,21.0,35.0,49.0,43.0,44.0,40.0,47.0,50.0,63.0,48.0,45.0,52.0,63.0,69.0,60.0,57.0,65.0,68.0,75.0,49.0,58.0,56.0,48.0,44.0,66.0,119.0,78.0,51.0,62.0,48.0,61.0,40.0,66.0,51.0,52.0,39.0,40.0,56.0,66.0,38.0,37.0,29.0,20.0,29.0,15.0,16.0,14.0,29.0,11.0,29.0,24.0,18.0,19.0,15.0,30.0,13.0,20.0,19.0,18.0,15.0,29.0,17.0,14.0,18.0,17.0,13.0,16.0,15.0,9.0,14.0,26.0,13.0,16.0,13.0,21.0,23.0,21.0,21.0,27.0,17.0,20.0,17.0,18.0,24.0,36.0,37.0,35.0,37.0,18.0,23.0,22.0,12.0,38.0,18.0,17.0,20.0,30.0,18.0,23.0,16.0,23.0,31.0
20.0,14.0,23.0,24.0,16.0,29.0,26.0,29.0,35.0,33.0,40.0,18.0,21.0,19.0,48.0,21.0,14.0,14.0,17.0,15.0,9.0,15.0,17.0,15.0,11.0,12.0,6.0,15.0,28.0,19.0,18.0,24.0,16.0,14.0,24.0,17.0,20.0,19.0,10.0,9.0,11.0,11.0,25.0,11.0,14.0,29.0,14.0,17.0,23.0,15.0,18.0,15.0,9.0,14.0,10.0,6.0,9.0,12.0,19.0,28.0,48.0,29.0,124.0,139.0,144.0,202.0,249.0,236.0,316.0,246.0,409.0,371.0,516.0,545.0,494.0,616.0,721.0,598.0,585.0,340.0,194.0,99.0,140.0,134.0,67.0,41.0,32.0,24.0,30.0,29.0,28.0,22.0,33.0,29.0,39.0,37.0,44.0,29.0,18.0,14.0,12.0,12.0,17.0,16.0,16.0,22.0,17.0,15.0,26.0,23.0,34.0,24.0,36.0,30.0,31.0,88.0,57.0,43.0,56.0,86.0,60.0,80.0,47.0,14.0,73.0,35.0,28.0,50.0,29.0,44.0,32.0,10.0,28.0,28.0,22.0,17.0,15.0,13.0,18.0,29.0,20.0,20.0,21.0,25.0,15.0,28.0,18.0,21.0,24.0,23.0,21.0,28.0,22.0,18.0,26.0,21.0,39.0,20.0,25.0,23.0,22.0,16.0,18.0,15.0,14.0,22.0,27.0,21.0,27.0,16.0,18.0,9.0
25.0,21.0,18.0,21.0,31.0,35.0,18.0,25.0,15.0,17.0,18.0,20.0,21.0,7.0,12.0,17.0,24.0,19.0,22.0,19.0,20.0,21.0,24.0,20.0,11.0,21.0,22.0,13.0,19.0,22.0,12.0,12.0,23.0,13.0,19.0,17.0,11.0,19.0,10.0,10.0,13.0,25.0,15.0,23.0,9.0,19.0,10.0,15.0,20.0,12.0,16.0,19.0,30.0,20.0,50.0,59.0,94.0,180.0,197.0,172.0,224.0,471.0,527.0,433.0,344.0,516.0,414.0,501.0,381.0,249.0,101.0,130.0,128.0,46.0,38.0,39.0,30.0,61.0,31.0,39.0,17.0,32.0,32.0,25.0,24.0,19.0,19.0,24.0,15.0,14.0,12.0,14.0,19.0,15.0,27.0,18.0,32.0,17.0,24.0,37.0,103.0,61.0,38.0,64.0,60.0,36.0,39.0,36.0,61.0,32.0,32.0,62.0,54.0,29.0,17.0,17.0,13.0,21.0,15.0,16.0,28.0,24.0,24.0,17.0,12.0,26.0,11.0,21.0,16.0,16.0,21.0,14.0,10.0,23.0,16.0,32.0,10.0,11.0,14.0,35.0,14.0,29.0,12.0,14.0,27.0,16.0,20.0,17.0,20.0,12.0,11.0,17.0,11.0,20.0,12.0,9.0,24.0,17.0,22.0,12.0,10.0,13.0,23.0,26.0,8.0,15.0,16.0,28.0,12.0,18.0,14.0,16.0
14.0,18.0,9.0,8.0,27.0,15.0,10.0,10.0,14.0,18.0,14.0,12.0,16.0,26.0,19.0,20.0,34.0,22.0,15.0,17.0,27.0,12.0,24.0,20.0,23.0,21.0,16.0,20.0,15.0,19.0,17.0,13.0,11.0,9.0,12.0,32.0,8.0,25.0,20.0,19.0,17.0,13.0,9.0,15.0,17.0,17.0,21.0,19.0,9.0,28.0,13.0,46.0,31.0,130.0,91.0,94.0,149.0,195.0,159.0,274.0,182.0,206.0,367.0,302.0,281.0,480.0,581.0,454.0,583.0,514.0,397.0,396.0,255.0,203.0,79.0,132.0,141.0,94.0,49.0,29.0,25.0,29.0,31.0,41.0,38.0,25.0,31.0,37.0,29.0,42.0,33.0,31.0,19.0,19.0,18.0,27.0,14.0,18.0,16.0,24.0,15.0,16.0,39.0,17.0,16.0,22.0,47.0,102.0,57.0,28.0,48.0,43.0,17.0,49.0,25.0,29.0,20.0,39.0,41.0,38.0,22.0,44.0,14.0,35.0,18.0,39.0,17.0,10.0,18.0,16.0,14.0,12.0,8.0,16.0,9.0,21.0,10.0,11.0,23.0,21.0,14.0,13.0,10.0,12.0,14.0,9.0,16.0,14.0,11.0,36.0,9.0,16.0,12.0,23.0,27.0,36.0,25.0,26.0,13.0,15.0,18.0,17.0,22.0,18.0,16.0,10.0,24.0,11.0,16.0,22.0,25.0,26.0
8.0,21.0,9.0,15.0,17.0,8.0,15.0,18.0,25.0,15.0,17.0,15.0,13.0,12.0,14.0,9.0,14.0,15.0,18.0,9.0,15.0,10.0,14.0,12.0,10.0,22.0,12.0,8.0,7.0,10.0,6.0,14.0,22.0,13.0,5.0,16.0,20.0,14.0,23.0,13.0,8.0,16.0,25.0,32.0,3.0,18.0,6.0,15.0,7.0,14.0,62.0,65.0,67.0,108.0,114.0,154.0,156.0,213.0,182.0,456.0,437.0,319.0,459.0,370.0,261.0,418.0,292.0,172.0,185.0,127.0,122.0,91.0,35.0,30.0,30.0,22.0,21.0,26.0,29.0,29.0,38.0,37.0,30.0,19.0,23.0,15.0,22.0,17.0,8.0,10.0,20.0,23.0,27.0,28.0,24.0,10.0,13.0,43.0,83.0,58.0,25.0,13.0,21.0,22.0,44.0,36.0,36.0,47.0,23.0,32.0,32.0,16.0,17.0,13.0,17.0,29.0,11.0,12.0,17.0,11.0,8.0,17.0,10.0,20.0,19.0,17.0,12.0,20.0,12.0,17.0,22.0,18.0,17.0,31.0,16.0,23.0,6.0,10.0,16.0,11.0,13.0,12.0,33.0,13.0,18.0,8.0,19.0,20.0,7.0,14.0,18.0,16.0,16.0,19.0,17.0,24.0,24.0,7.0,9.0,10.0,14.0,12.0,7.0,16.0,7.0,16.0,19.0,12.0,15.0,21.0,10.0,15.0
14.0,13.0,11.0,15.0,10.0,20.0,15.0,16.0,10.0,15.0,28.0,16.0,11.0,13.0,18.0,16.0,14.0,16.0,4.0,19.0,24.0,20.0,8.0,13.0,10.0,14.0,21.0,4.0,15.0,19.0,22.0,10.0,18.0,14.0,11.0,6.0,13.0,15.0,9.0,14.0,12.0,12.0,17.0,28.0,127.0,108.0,162.0,247.0,188.0,225.0,362.0,450.0,360.0,571.0,490.0,428.0,536.0,617.0,521.0,510.0,496.0,270.0,186.0,205.0,126.0,100.0,105.0,42.0,54.0,28.0,26.0,22.0,19.0,23.0,23.0,35.0,38.0,49.0,40.0,29.0,16.0,11.0,23.0,21.0,21.0,39.0,7.0,17.0,12.0,11.0,12.0,27.0,11.0,51.0,83.0,24.0,24.0,43.0,25.0,40.0,24.0,22.0,33.0,55.0,37.0,18.0,40.0,29.0,29.0,29.0,19.0,14.0,12.0,12.0,25.0,18.0,13.0,15.0,19.0,22.0,20.0,20.0,19.0,20.0,24.0,9.0,12.0,15.0,8.0,8.0,21.0,14.0,23.0,19.0,25.0,12.0,20.0,17.0,20.0,13.0,13.0,15.0,17.0,22.0,20.0,8.0,14.0,24.0,17.0,14.0,18.0,18.0,24.0,18.0,24.0,23.0,23.0,25.0,28.0,30.0,20.0,26.0,19.0,26.0,23.0,31.0,22.0,19.0,28.0,17.0,13.0,6.0
12.0,19.0,25.0,25.0,16.0,31.0,29.0,25.0,19.0,21.0,32.0,12.0,22.0,16.0,22.0,24.0,24.0,23.0,29.0,35.0,29.0,21.0,13.0,17.0,19.0,17.0,24.0,14.0,20.0,17.0,19.0,8.0,20.0,25.0,28.0,13.0,24.0,19.0,14.0,23.0,16.0,23.0,16.0,21.0,18.0,72.0,67.0,101.0,135.0,172.0,167.0,158.0,266.0,231.0,444.0,527.0,356.0,613.0,476.0,334.0,438.0,490.0,333.0,459.0,282.0,229.0,113.0,139.0,138.0,41.0,37.0,33.0,28.0,27.0,28.0,32.0,23.0,30.0,48.0,51.0,62.0,22.0,18.0,6.0,18.0,10.0,27.0,24.0,19.0,16.0,21.0,26.0,25.0,22.0,19.0,29.0,20.0,66.0,99.0,38.0,23.0,18.0,16.0,9.0,15.0,16.0,20.0,18.0,30.0,18.0,16.0,23.0,17.0,13.0,19.0,13.0,16.0,24.0,24.0,13.0,12.0,21.0,12.0,19.0,22.0,15.0,4.0,16.0,14.0,36.0,14.0,23.0,20.0,26.0,17.0,24.0,22.0,22.0,18.0,20.0,22.0,17.0,25.0,20.0,26.0,19.0,20.0,26.0,20.0,23.0,22.0,14.0,8.0,11.0,20.0,11.0,13.0,20.0,6.0,12.0,7.0,23.0,16.0,9.0,10.0,12.0,18.0,16.0,36.0,18.0,22.0,25.0
14.0,10.0,12.0,13.0,19.0,11.0,16.0,11.0,4.0,14.0,18.0,10.0,14.0,8.0,6.0,7.0,14.0,26.0,12.0,14.0,21.0,12.0,13.0,10.0,12.0,23.0,11.0,14.0,1.0,16.0,8.0,16.0,14.0,12.0,9.0,6.0,18.0,9.0,7.0,7.0,4.0,13.0,10.0,7.0,12.0,16.0,8.0,20.0,16.0,10.0,10.0,54.0,44.0,100.0,200.0,250.0,241.0,340.0,322.0,482.0,322.0,501.0,544.0,445.0,620.0,653.0,557.0,472.0,435.0,268.0,155.0,367.0,175.0,135.0,162.0,87.0,64.0,41.0,22.0,24.0,20.0,39.0,27.0,37.0,21.0,36.0,17.0,16.0,26.0,24.0,15.0,20.0,14.0,25.0,17.0,16.0,9.0,13.0,22.0,21.0,16.0,69.0,120.0,43.0,23.0,49.0,66.0,43.0,22.0,39.0,53.0,20.0,23.0,38.0,49.0,17.0,13.0,29.0,23.0,13.0,30.0,21.0,31.0,13.0,16.0,8.0,6.0,8.0,12.0,18.0,5.0,18.0,8.0,15.0,11.0,6.0,8.0,11.0,13.0,25.0,2.0,16.0,12.0,13.0,18.0,30.0,14.0,18.0,12.0,18.0,18.0,7.0,10.0,29.0,13.0,19.0,14.0,6.0,20.0,16.0,27.0,18.0,16.0,5.0,17.0,14.0,22.0,11.0,27.0,13.0,20.0,12.0
26.0,19.0,20.0,21.0,17.0,19.0,20.0,23.0,23.0,18.0,11.0,24.0,17.0,16.0,26.0,15.0,22.0,20.0,20.0,21.0,6.0,12.0,20.0,4.0,12.0,14.0,11.0,14.0,33.0,14.0,16.0,16.0,13.0,20.0,13.0,9.0,4.0,12.0,12.0,16.0,11.0,11.0,9.0,15.0,17.0,23.0,26.0,103.0,138.0,95.0,192.0,190.0,253.0,275.0,288.0,351.0,343.0,429.0,429.0,430.0,467.0,534.0,454.0,503.0,371.0,312.0,207.0,240.0,125.0,100.0,80.0,60.0,26.0,32.0,18.0,54.0,25.0,36.0,21.0,15.0,27.0,18.0,19.0,29.0,31.0,25.0,19.0,25.0,19.0,30.0,18.0,31.0,32.0,21.0,42.0,33.0,30.0,24.0,30.0,30.0,16.0,15.0,15.0,27.0,72.0,81.0,41.0,45.0,55.0,55.0,36.0,47.0,65.0,63.0,74.0,65.0,41.0,49.0,33.0,24.0,14.0,11.0,9.0,10.0,31.0,19.0,10.0,11.0,6.0,6.0,14.0,11.0,9.0,18.0,12.0,6.0,8.0,11.0,21.0,14.0,6.0,13.0,15.0,11.0,14.0,11.0,6.0,28.0,11.0,17.0,11.0,16.0,13.0,18.0,24.0,17.0,14.0,19.0,19.0,21.0,22.0,20.0,23.0,21.0,32.0,17.0,12.0,22.0,16.0,18.0,28.0,30.0
11.0,17.0,15.0,19.0,24.0,26.0,21.0,15.0,22.0,16.0,14.0,21.0,15.0,13.0,20.0,19.0,17.0,10.0,25.0,15.0,16.0,21.0,20.0,18.0,18.0,27.0,32.0,23.0,41.0,18.0,38.0,32.0,20.0,32.0,33.0,34.0,30.0,30.0,40.0,17.0,39.0,34.0,21.0,27.0,15.0,19.0,31.0,11.0,6.0,50.0,118.0,214.0,118.0,226.0,265.0,333.0,340.0,371.0,370.0,595.0,596.0,348.0,756.0,656.0,401.0,729.0,596.0,502.0,475.0,258.0,221.0,115.0,178.0,123.0,90.0,51.0,36.0,34.0,49.0,22.0,28.0,36.0,27.0,23.0,26.0,18.0,16.0,24.0,27.0,21.0,24.0,17.0,25.0,32.0,27.0,13.0,23.0,34.0,30.0,104.0,96.0,57.0,70.0,44.0,73.0,49.0,57.0,47.0,54.0,69.0,89.0,58.0,68.0,53.0,49.0,33.0,27.0,21.0,26.0,17.0,16.0,25.0,41.0,30.0,28.0,25.0,31.0,42.0,48.0,24.0,17.0,32.0,16.0,29.0,23.0,25.0,14.0,20.0,14.0,19.0,22.0,21.0,21.0,23.0,27.0,19.0,24.0,27.0,43.0,31.0,37.0,32.0,31.0,26.0,22.0,49.0,20.0,36.0,26.0,39.0,20.0,21.0,15.0,28.0,25.0,18.0,24.0,8.0,21.0,11.0,18.0,14.0
6.0,8.0,4.0,13.0,12.0,18.0,12.0,9.0,12.0,9.0,19.0,13.0,22.0,22.0,17.0,13.0,24.0,23.0,21.0,21.0,26.0,9.0,7.0,12.0,19.0,17.0,16.0,7.0,11.0,25.0,9.0,26.0,13.0,25.0,12.0,10.0,9.0,12.0,12.0,13.0,15.0,12.0,25.0,14.0,9.0,26.0,19.0,23.0,31.0,14.0,16.0,13.0,26.0,15.0,12.0,18.0,22.0,17.0,18.0,25.0,95.0,149.0,192.0,265.0,248.0,280.0,257.0,317.0,390.0,358.0,238.0,336.0,381.0,303.0,349.0,472.0,409.0,513.0,348.0,236.0,93.0,262.0,128.0,119.0,61.0,52.0,44.0,39.0,33.0,39.0,26.0,28.0,35.0,31.0,36.0,34.0,24.0,16.0,28.0,11.0,14.0,6.0,23.0,16.0,19.0,26.0,35.0,24.0,14.0,61.0,117.0,72.0,26.0,14.0,63.0,68.0,33.0,28.0,43.0,36.0,47.0,41.0,32.0,35.0,26.0,29.0,15.0,18.0,12.0,15.0,31.0,22.0,19.0,20.0,12.0,15.0,22.0,23.0,20.0,23.0,17.0,38.0,29.0,16.0,26.0,17.0,15.0,18.0,15.0,15.0,16.0,12.0,27.0,19.0,24.0,13.0,14.0,8.0,10.0,10.0,11.0,11.0,17.0,13.0,11.0,16.0,23.0,18.0,22.0,15.0,16.0,17.0
16.0,10.0,10.0,25.0,9.0,10.0,18.0,24.0,9.0,22.0,26.0,13.0,42.0,17.0,15.0,27.0,22.0,28.0,31.0,41.0,18.0,16.0,39.0,21.0,47.0,20.0,22.0,20.0,18.0,29.0,16.0,14.0,17.0,21.0,17.0,21.0,23.0,21.0,23.0,19.0,20.0,19.0,20.0,27.0,14.0,14.0,10.0,18.0,11.0,15.0,23.0,19.0,19.0,35.0,40.0,18.0,32.0,33.0,22.0,24.0,19.0,17.0,55.0,118.0,160.0,231.0,331.0,283.0,359.0,375.0,276.0,498.0,460.0,392.0,676.0,621.0,286.0,683.0,489.0,471.0,351.0,245.0,242.0,208.0,170.0,105.0,85.0,59.0,30.0,40.0,36.0,30.0,26.0,35.0,31.0,34.0,25.0,18.0,8.0,20.0,11.0,15.0,21.0,24.0,22.0,23.0,20.0,28.0,19.0,14.0,35.0,118.0,63.0,89.0,67.0,70.0,24.0,52.0,64.0,24.0,36.0,68.0,29.0,44.0,50.0,54.0,52.0,26.0,15.0,40.0,15.0,15.0,31.0,11.0,9.0,17.0,20.0,23.0,12.0,28.0,21.0,11.0,17.0,36.0,8.0,22.0,9.0,19.0,17.0,14.0,11.0,10.0,12.0,14.0,7.0,5.0,14.0,25.0,15.0,19.0,21.0,10.0,11.0,11.0,24.0,13.0,15.0,14.0,5.0,13.0,18.0,18.0
16.0,17.0,23.0,35.0,15.0,12.0,28.0,6.0,19.0,21.0,10.0,24.0,8.0,15.0,18.0,13.0,30.0,17.0,19.0,33.0,20.0,32.0,21.0,15.0,15.0,15.0,21.0,12.0,21.0,19.0,18.0,15.0,25.0,16.0,16.0,19.0,9.0,24.0,19.0,17.0,26.0,25.0,19.0,18.0,8.0,12.0,36.0,23.0,11.0,19.0,12.0,17.0,15.0,14.0,20.0,15.0,10.0,12.0,21.0,12.0,19.0,22.0,36.0,128.0,95.0,127.0,203.0,307.0,342.0,420.0,479.0,321.0,491.0,515.0,456.0,420.0,472.0,454.0,427.0,548.0,337.0,209.0,184.0,180.0,177.0,66.0,111.0,73.0,33.0,25.0,27.0,34.0,31.0,35.0,23.0,32.0,31.0,45.0,15.0,25.0,7.0,18.0,8.0,8.0,21.0,17.0,17.0,9.0,18.0,20.0,10.0,28.0,70.0,63.0,34.0,60.0,57.0,46.0,60.0,24.0,41.0,41.0,59.0,28.0,42.0,40.0,45.0,38.0,38.0,24.0,18.0,14.0,19.0,20.0,14.0,14.0,23.0,15.0,18.0,10.0,14.0,13.0,25.0,11.0,5.0,11.0,19.0,14.0,18.0,19.0,18.0,21.0,14.0,9.0,16.0,13.0,20.0,17.0,18.0,29.0,14.0,14.0,7.0,10.0,20.0,19.0,11.0,16.0,14.0,9.0,19.0,16.0
27.0,38.0,32.0,35.0,22.0,32.0,32.0,23.0,30.0,24.0,28.0,17.0,49.0,28.0,25.0,16.0,16.0,37.0,22.0,27.0,17.0,12.0,31.0,30.0,35.0,30.0,19.0,54.0,26.0,14.0,31.0,25.0,37.0,22.0,17.0,32.0,27.0,30.0,25.0,20.0,22.0,19.0,14.0,17.0,27.0,23.0,15.0,22.0,17.0,11.0,27.0,24.0,18.0,22.0,22.0,15.0,20.0,21.0,27.0,25.0,14.0,40.0,21.0,16.0,18.0,27.0,31.0,24.0,27.0,20.0,48.0,81.0,99.0,134.0,166.0,249.0,365.0,472.0,372.0,500.0,483.0,335.0,604.0,588.0,542.0,677.0,574.0,320.0,494.0,316.0,119.0,263.0,114.0,128.0,69.0,44.0,34.0,37.0,38.0,27.0,30.0,32.0,37.0,25.0,28.0,33.0,32.0,46.0,20.0,24.0,15.0,24.0,17.0,23.0,12.0,20.0,35.0,25.0,9.0,9.0,14.0,85.0,101.0,49.0,21.0,57.0,46.0,46.0,66.0,27.0,47.0,55.0,24.0,41.0,39.0,53.0,36.0,33.0,28.0,21.0,10.0,8.0,10.0,21.0,14.0,16.0,29.0,26.0,19.0,27.0,22.0,16.0,15.0,17.0,14.0,15.0,15.0,8.0,15.0,12.0,16.0,10.0,7.0,14.0,14.0,10.0,8.0,24.0,9.0,17.0,15.0,21.0
6.0,9.0,14.0,14.0,25.0,12.0,12.0,17.0,16.0,10.0,32.0,11.0,11.0,10.0,28.0,29.0,15.0,20.0,11.0,18.0,18.0,20.0,14.0,14.0,12.0,26.0,8.0,16.0,12.0,19.0,32.0,19.0,20.0,22.0,9.0,16.0,19.0,13.0,12.0,17.0,9.0,6.0,7.0,20.0,25.0,11.0,23.0,6.0,19.0,12.0,11.0,9.0,25.0,14.0,22.0,84.0,185.0,119.0,256.0,216.0,244.0,335.0,224.0,291.0,370.0,346.0,274.0,413.0,286.0,372.0,380.0,332.0,460.0,319.0,219.0,101.0,217.0,178.0,78.0,124.0,67.0,37.0,26.0,34.0,19.0,40.0,23.0,38.0,42.0,34.0,44.0,34.0,20.0,26.0,20.0,11.0,19.0,15.0,6.0,19.0,11.0,20.0,14.0,14.0,10.0,12.0,43.0,97.0,122.0,45.0,24.0,8.0,62.0,29.0,35.0,57.0,23.0,37.0,57.0,58.0,33.0,37.0,26.0,29.0,28.0,18.0,36.0,19.0,11.0,11.0,15.0,21.0,22.0,15.0,18.0,17.0,10.0,8.0,10.0,7.0,26.0,15.0,14.0,10.0,23.0,12.0,14.0,22.0,12.0,9.0,10.0,17.0,4.0,14.0,11.0,14.0,10.0,36.0,13.0,15.0,13.0,31.0,15.0,19.0,25.0,24.0,16.0,19.0,26.0,19.0,18.0,27.0
25.0,6.0,16.0,16.0,12.0,8.0,9.0,14.0,5.0,9.0,20.0,11.0,16.0,11.0,14.0,14.0,25.0,15.0,4.0,14.0,13.0,14.0,16.0,7.0,13.0,32.0,10.0,16.0,22.0,12.0,24.0,18.0,17.0,11.0,23.0,6.0,22.0,13.0,18.0,11.0,18.0,8.0,23.0,23.0,13.0,18.0,14.0,12.0,10.0,4.0,24.0,36.0,9.0,15.0,9.0,24.0,4.0,16.0,24.0,15.0,10.0,11.0,11.0,27.0,16.0,21.0,14.0,13.0,15.0,27.0,15.0,28.0,45.0,30.0,69.0,128.0,213.0,268.0,355.0,304.0,317.0,498.0,369.0,591.0,575.0,355.0,541.0,522.0,357.0,508.0,370.0,323.0,191.0,196.0,189.0,96.0,160.0,77.0,43.0,23.0,29.0,23.0,33.0,66.0,25.0,28.0,27.0,32.0,34.0,49.0,14.0,22.0,17.0,11.0,13.0,17.0,17.0,24.0,20.0,32.0,17.0,21.0,14.0,8.0,40.0,88.0,72.0,81.0,50.0,36.0,47.0,25.0,61.0,16.0,72.0,34.0,36.0,35.0,38.0,17.0,15.0,24.0,13.0,23.0,22.0,34.0,44.0,19.0,23.0,45.0,33.0,43.0,75.0,37.0,48.0,62.0,14.0,13.0,12.0,39.0,43.0,29.0,17.0,23.0,31.0,17.0,27.0,24.0,24.0,24.0,46.0,24.0
