14.0,15.0,20.0,16.0,20.0,12.0,16.0,25.0,17.0,14.0,13.0,16.0,21.0,20.0,21.0,29.0,26.0,15.0,10.0,24.0,16.0,26.0,16.0,10.0,18.0,15.0,26.0,18.0,20.0,19.0,16.0,16.0,24.0,24.0,32.0,15.0,17.0,24.0,21.0,23.0,22.0,17.0,15.0,20.0,12.0,19.0,23.0,18.0,12.0,17.0,21.0,16.0,6.0,15.0,6.0,18.0,22.0,7.0,16.0,27.0,34.0,21.0,9.0,24.0,20.0,22.0,112.0,205.0,91.0,51.0,35.0,37.0,35.0,43.0,29.0,40.0,32.0,41.0,39.0,23.0,39.0,20.0,25.0,24.0,21.0,27.0,39.0,19.0,29.0,37.0,20.0,29.0,22.0,19.0,15.0,28.0,19.0,15.0,29.0,17.0,14.0,25.0,20.0,24.0,16.0,12.0,14.0,25.0,21.0,24.0,20.0,20.0,22.0,27.0,11.0,27.0,19.0,24.0,21.0,15.0,15.0,20.0,18.0,21.0,26.0,24.0,16.0,19.0,20.0,22.0,22.0,43.0,17.0,16.0,27.0,11.0,27.0,13.0,20.0,20.0,39.0,20.0,14.0,19.0,14.0,13.0,23.0,26.0,19.0,21.0,11.0,20.0,21.0,12.0,22.0,11.0,16.0,16.0,21.0,18.0,13.0,20.0,9.0,17.0,15.0,23.0,16.0,28.0,20.0,17.0,28.0,10.0
8.0,22.0,14.0,23.0,18.0,12.0,14.0,5.0,18.0,12.0,12.0,15.0,22.0,11.0,13.0,20.0,11.0,11.0,10.0,15.0,16.0,8.0,23.0,6.0,21.0,21.0,9.0,13.0,11.0,13.0,20.0,15.0,11.0,25.0,8.0,9.0,19.0,19.0,16.0,12.0,26.0,24.0,28.0,40.0,47.0,42.0,46.0,24.0,51.0,23.0,51.0,31.0,114.0,236.0,327.0,332.0,366.0,397.0,394.0,475.0,425.0,454.0,441.0,416.0,418.0,420.0,392.0,459.0,423.0,478.0,394.0,392.0,352.0,92.0,157.0,69.0,35.0,42.0,41.0,44.0,28.0,55.0,40.0,47.0,36.0,47.0,40.0,40.0,28.0,39.0,48.0,37.0,32.0,47.0,35.0,41.0,15.0,37.0,38.0,44.0,49.0,34.0,34.0,28.0,44.0,40.0,23.0,20.0,28.0,27.0,24.0,24.0,24.0,21.0,19.0,24.0,35.0,23.0,21.0,14.0,24.0,12.0,13.0,10.0,15.0,18.0,18.0,13.0,17.0,11.0,17.0,9.0,11.0,11.0,16.0,16.0,14.0,21.0,14.0,13.0,15.0,9.0,14.0,9.0,32.0,16.0,20.0,17.0,8.0,15.0,17.0,8.0,25.0,10.0,12.0,20.0,27.0,12.0,11.0,22.0,32.0,17.0,24.0,13.0,9.0,16.0,11.0,2.0,13.0,31.0,18.0,13.0
17.0,14.0,18.0,13.0,7.0,9.0,17.0,23.0,15.0,21.0,15.0,15.0,21.0,34.0,18.0,10.0,11.0,19.0,23.0,12.0,11.0,19.0,8.0,12.0,33.0,15.0,14.0,17.0,11.0,11.0,15.0,10.0,32.0,14.0,19.0,23.0,19.0,20.0,10.0,13.0,26.0,5.0,33.0,31.0,28.0,63.0,55.0,59.0,75.0,47.0,47.0,67.0,234.0,329.0,348.0,360.0,325.0,281.0,326.0,352.0,385.0,415.0,411.0,453.0,398.0,421.0,279.0,401.0,393.0,326.0,173.0,76.0,42.0,27.0,22.0,30.0,18.0,13.0,13.0,24.0,32.0,36.0,15.0,19.0,17.0,23.0,23.0,15.0,26.0,50.0,32.0,60.0,65.0,72.0,52.0,61.0,65.0,69.0,63.0,62.0,80.0,54.0,48.0,41.0,42.0,30.0,38.0,40.0,54.0,46.0,25.0,27.0,32.0,19.0,21.0,32.0,13.0,20.0,17.0,16.0,18.0,14.0,14.0,26.0,22.0,23.0,11.0,21.0,12.0,20.0,10.0,15.0,2.0,10.0,16.0,3.0,20.0,12.0,14.0,5.0,9.0,20.0,11.0,17.0,13.0,5.0,30.0,10.0,32.0,42.0,62.0,63.0,98.0,134.0,158.0,121.0,163.0,135.0,208.0,158.0,164.0,206.0,184.0,138.0,89.0,107.0,72.0,36.0,97.0,64.0,44.0,19.0
34.0,18.0,24.0,16.0,31.0,14.0,12.0,21.0,24.0,26.0,27.0,20.0,18.0,26.0,29.0,17.0,19.0,15.0,28.0,24.0,26.0,15.0,14.0,9.0,16.0,12.0,17.0,9.0,23.0,32.0,20.0,9.0,12.0,11.0,13.0,7.0,27.0,10.0,20.0,6.0,13.0,13.0,14.0,30.0,32.0,16.0,21.0,4.0,21.0,22.0,29.0,63.0,50.0,51.0,53.0,36.0,22.0,30.0,32.0,52.0,49.0,150.0,359.0,311.0,287.0,216.0,209.0,242.0,247.0,229.0,253.0,273.0,243.0,250.0,273.0,293.0,297.0,244.0,281.0,270.0,219.0,189.0,101.0,66.0,39.0,25.0,26.0,18.0,46.0,14.0,11.0,17.0,13.0,16.0,12.0,16.0,15.0,14.0,16.0,35.0,42.0,58.0,99.0,156.0,102.0,57.0,84.0,36.0,41.0,73.0,30.0,27.0,38.0,30.0,32.0,52.0,44.0,41.0,39.0,38.0,29.0,33.0,41.0,31.0,34.0,42.0,18.0,19.0,21.0,20.0,28.0,18.0,19.0,30.0,28.0,26.0,27.0,12.0,22.0,19.0,13.0,13.0,13.0,27.0,19.0,19.0,12.0,23.0,40.0,16.0,10.0,14.0,10.0,9.0,16.0,16.0,13.0,16.0,15.0,17.0,16.0,8.0,15.0,11.0,12.0,8.0,10.0,6.0,14.0,13.0,11.0,22.0
20.0,10.0,9.0,17.0,16.0,12.0,12.0,9.0,14.0,8.0,7.0,13.0,13.0,23.0,11.0,21.0,17.0,16.0,8.0,20.0,12.0,6.0,10.0,7.0,15.0,25.0,17.0,22.0,4.0,5.0,22.0,12.0,12.0,12.0,23.0,15.0,18.0,10.0,29.0,9.0,19.0,14.0,15.0,13.0,14.0,14.0,15.0,11.0,16.0,7.0,12.0,20.0,13.0,15.0,27.0,26.0,16.0,15.0,19.0,10.0,15.0,12.0,21.0,15.0,8.0,13.0,36.0,24.0,63.0,47.0,57.0,412.0,237.0,633.0,47.0,38.0,27.0,21.0,23.0,62.0,199.0,216.0,257.0,285.0,366.0,372.0,380.0,386.0,357.0,334.0,399.0,404.0,360.0,390.0,371.0,318.0,284.0,129.0,134.0,46.0,29.0,14.0,20.0,14.0,17.0,30.0,12.0,16.0,17.0,22.0,17.0,21.0,18.0,17.0,31.0,38.0,41.0,36.0,40.0,45.0,38.0,36.0,25.0,39.0,35.0,47.0,26.0,42.0,52.0,39.0,35.0,38.0,36.0,36.0,30.0,45.0,35.0,28.0,16.0,31.0,20.0,26.0,59.0,30.0,18.0,14.0,18.0,17.0,20.0,18.0,10.0,16.0,13.0,15.0,10.0,15.0,16.0,27.0,17.0,9.0,17.0,13.0,6.0,20.0,12.0,15.0,22.0,10.0,10.0,7.0,12.0,10.0
21.0,21.0,14.0,18.0,17.0,11.0,10.0,12.0,21.0,26.0,13.0,22.0,25.0,10.0,17.0,17.0,18.0,17.0,17.0,16.0,15.0,16.0,16.0,21.0,21.0,27.0,19.0,40.0,19.0,20.0,14.0,8.0,31.0,15.0,11.0,5.0,13.0,15.0,12.0,19.0,14.0,15.0,10.0,14.0,19.0,14.0,22.0,10.0,17.0,15.0,13.0,13.0,7.0,16.0,29.0,32.0,32.0,50.0,61.0,61.0,153.0,28.0,85.0,220.0,221.0,175.0,183.0,130.0,195.0,230.0,249.0,233.0,236.0,239.0,254.0,250.0,267.0,283.0,287.0,290.0,319.0,283.0,148.0,78.0,27.0,15.0,20.0,16.0,14.0,25.0,18.0,11.0,13.0,20.0,10.0,13.0,8.0,15.0,16.0,14.0,18.0,31.0,34.0,34.0,36.0,37.0,40.0,31.0,35.0,39.0,39.0,35.0,25.0,27.0,32.0,44.0,31.0,32.0,27.0,30.0,34.0,36.0,52.0,20.0,29.0,22.0,15.0,25.0,15.0,18.0,44.0,18.0,40.0,13.0,8.0,14.0,24.0,29.0,22.0,15.0,15.0,12.0,14.0,9.0,20.0,21.0,36.0,12.0,9.0,14.0,13.0,9.0,15.0,15.0,9.0,22.0,15.0,15.0,14.0,9.0,8.0,10.0,12.0,25.0,11.0,9.0,16.0,15.0,17.0,16.0,19.0,27.0
16.0,6.0,9.0,15.0,12.0,21.0,22.0,18.0,23.0,18.0,24.0,10.0,22.0,9.0,28.0,10.0,26.0,27.0,10.0,33.0,15.0,15.0,34.0,15.0,11.0,18.0,25.0,13.0,22.0,15.0,21.0,10.0,12.0,27.0,14.0,14.0,14.0,18.0,6.0,15.0,9.0,19.0,28.0,20.0,25.0,25.0,7.0,14.0,13.0,13.0,9.0,6.0,10.0,13.0,9.0,13.0,12.0,14.0,7.0,7.0,38.0,7.0,13.0,60.0,59.0,40.0,23.0,95.0,362.0,184.0,315.0,143.0,42.0,64.0,86.0,214.0,173.0,161.0,227.0,198.0,230.0,253.0,264.0,249.0,244.0,241.0,240.0,245.0,283.0,287.0,272.0,204.0,90.0,25.0,14.0,19.0,9.0,15.0,21.0,12.0,12.0,21.0,13.0,20.0,18.0,13.0,8.0,14.0,12.0,15.0,18.0,15.0,33.0,33.0,56.0,33.0,36.0,40.0,35.0,35.0,37.0,56.0,25.0,39.0,55.0,35.0,39.0,50.0,29.0,43.0,30.0,35.0,30.0,32.0,15.0,22.0,29.0,16.0,22.0,21.0,23.0,17.0,24.0,20.0,30.0,16.0,22.0,19.0,25.0,17.0,15.0,27.0,18.0,17.0,12.0,17.0,26.0,15.0,7.0,19.0,28.0,23.0,14.0,15.0,9.0,22.0,26.0,14.0,28.0,10.0,15.0,8.0
14.0,17.0,42.0,18.0,38.0,19.0,11.0,25.0,43.0,30.0,10.0,32.0,22.0,48.0,22.0,19.0,18.0,17.0,14.0,18.0,23.0,20.0,14.0,36.0,28.0,14.0,20.0,15.0,27.0,19.0,19.0,17.0,32.0,66.0,43.0,21.0,25.0,25.0,15.0,35.0,27.0,49.0,27.0,48.0,56.0,165.0,202.0,247.0,247.0,161.0,105.0,18.0,24.0,58.0,168.0,241.0,300.0,271.0,273.0,283.0,311.0,304.0,322.0,341.0,364.0,326.0,383.0,336.0,312.0,308.0,301.0,228.0,88.0,83.0,52.0,26.0,32.0,30.0,24.0,33.0,30.0,22.0,18.0,17.0,28.0,25.0,12.0,18.0,18.0,18.0,19.0,39.0,62.0,75.0,62.0,65.0,54.0,36.0,53.0,89.0,46.0,28.0,36.0,37.0,40.0,33.0,38.0,23.0,27.0,23.0,37.0,36.0,25.0,41.0,31.0,18.0,26.0,13.0,33.0,28.0,19.0,14.0,14.0,31.0,22.0,8.0,28.0,32.0,15.0,22.0,15.0,13.0,15.0,21.0,19.0,21.0,14.0,15.0,12.0,18.0,36.0,15.0,16.0,15.0,14.0,12.0,16.0,19.0,25.0,24.0,10.0,41.0,20.0,16.0,11.0,11.0,9.0,10.0,6.0,11.0,9.0,10.0,19.0,17.0,4.0,22.0,10.0,22.0,27.0,18.0,23.0,14.0
14.0,24.0,17.0,17.0,12.0,15.0,16.0,11.0,10.0,16.0,20.0,27.0,22.0,24.0,34.0,35.0,34.0,38.0,37.0,39.0,41.0,43.0,41.0,33.0,27.0,21.0,21.0,24.0,15.0,18.0,12.0,21.0,24.0,25.0,25.0,21.0,22.0,21.0,30.0,23.0,22.0,26.0,20.0,15.0,30.0,26.0,19.0,19.0,23.0,21.0,15.0,13.0,17.0,14.0,19.0,28.0,16.0,18.0,12.0,13.0,10.0,12.0,9.0,16.0,20.0,36.0,69.0,15.0,50.0,242.0,159.0,182.0,284.0,188.0,61.0,134.0,44.0,77.0,206.0,269.0,254.0,256.0,359.0,374.0,316.0,308.0,317.0,342.0,462.0,468.0,479.0,464.0,465.0,363.0,345.0,337.0,267.0,203.0,121.0,60.0,27.0,22.0,26.0,19.0,21.0,35.0,20.0,24.0,19.0,20.0,22.0,17.0,18.0,19.0,14.0,26.0,40.0,44.0,51.0,29.0,57.0,58.0,59.0,54.0,72.0,67.0,56.0,44.0,50.0,56.0,54.0,72.0,76.0,53.0,60.0,60.0,57.0,58.0,52.0,44.0,51.0,22.0,33.0,26.0,36.0,19.0,15.0,12.0,31.0,26.0,17.0,19.0,18.0,36.0,26.0,24.0,21.0,28.0,33.0,18.0,18.0,29.0,27.0,38.0,32.0,17.0,20.0,20.0,20.0,19.0,16.0,20.0
20.0,21.0,15.0,10.0,16.0,17.0,17.0,14.0,15.0,8.0,16.0,16.0,11.0,22.0,16.0,10.0,18.0,9.0,10.0,14.0,8.0,8.0,15.0,16.0,15.0,7.0,14.0,16.0,14.0,15.0,15.0,18.0,19.0,10.0,15.0,27.0,11.0,24.0,27.0,26.0,40.0,23.0,19.0,31.0,15.0,16.0,26.0,15.0,15.0,21.0,15.0,12.0,31.0,12.0,22.0,27.0,32.0,32.0,31.0,19.0,28.0,61.0,34.0,167.0,390.0,492.0,49.0,900.0,203.0,470.0,120.0,109.0,8.0,84.0,245.0,247.0,257.0,318.0,252.0,293.0,342.0,319.0,304.0,377.0,445.0,315.0,285.0,281.0,320.0,326.0,332.0,231.0,106.0,63.0,22.0,26.0,13.0,13.0,17.0,32.0,28.0,21.0,18.0,18.0,18.0,22.0,18.0,13.0,20.0,14.0,29.0,38.0,34.0,53.0,60.0,59.0,52.0,58.0,51.0,42.0,23.0,57.0,25.0,32.0,47.0,23.0,19.0,41.0,43.0,28.0,41.0,37.0,38.0,34.0,26.0,16.0,20.0,24.0,19.0,25.0,47.0,37.0,12.0,26.0,20.0,15.0,17.0,24.0,16.0,14.0,8.0,21.0,15.0,22.0,20.0,14.0,15.0,10.0,13.0,16.0,34.0,13.0,25.0,7.0,7.0,16.0,14.0,6.0,18.0,13.0,19.0,15.0
22.0,28.0,20.0,19.0,27.0,24.0,16.0,9.0,23.0,12.0,20.0,15.0,29.0,20.0,34.0,7.0,18.0,23.0,32.0,31.0,27.0,22.0,11.0,19.0,16.0,12.0,19.0,6.0,23.0,16.0,17.0,13.0,17.0,17.0,15.0,12.0,12.0,12.0,10.0,15.0,18.0,27.0,9.0,7.0,17.0,12.0,13.0,20.0,12.0,11.0,16.0,16.0,21.0,20.0,12.0,28.0,19.0,17.0,12.0,14.0,63.0,51.0,91.0,73.0,123.0,120.0,69.0,69.0,157.0,75.0,31.0,27.0,80.0,241.0,272.0,299.0,258.0,289.0,320.0,270.0,320.0,303.0,320.0,299.0,393.0,334.0,369.0,330.0,343.0,296.0,229.0,150.0,79.0,55.0,38.0,28.0,38.0,28.0,24.0,34.0,29.0,39.0,24.0,35.0,38.0,17.0,27.0,18.0,36.0,42.0,61.0,69.0,62.0,46.0,60.0,59.0,66.0,67.0,72.0,59.0,101.0,45.0,58.0,48.0,53.0,58.0,66.0,57.0,69.0,47.0,56.0,51.0,44.0,31.0,18.0,32.0,39.0,24.0,37.0,50.0,45.0,42.0,30.0,41.0,30.0,27.0,30.0,44.0,39.0,38.0,51.0,49.0,57.0,40.0,35.0,55.0,37.0,22.0,33.0,31.0,16.0,34.0,42.0,37.0,20.0,32.0,21.0,39.0,27.0,27.0,29.0,17.0
12.0,26.0,26.0,18.0,14.0,13.0,18.0,25.0,18.0,17.0,18.0,24.0,29.0,32.0,43.0,53.0,61.0,54.0,47.0,52.0,33.0,19.0,30.0,27.0,18.0,23.0,13.0,20.0,17.0,17.0,19.0,16.0,33.0,23.0,16.0,16.0,15.0,19.0,18.0,21.0,12.0,14.0,13.0,21.0,17.0,23.0,24.0,13.0,15.0,26.0,23.0,49.0,31.0,21.0,25.0,26.0,37.0,46.0,48.0,40.0,27.0,25.0,21.0,919.0,542.0,511.0,81.0,238.0,349.0,504.0,474.0,579.0,360.0,281.0,356.0,371.0,295.0,297.0,278.0,227.0,240.0,286.0,391.0,395.0,310.0,334.0,248.0,245.0,102.0,49.0,9.0,59.0,17.0,32.0,34.0,15.0,14.0,24.0,18.0,15.0,32.0,28.0,15.0,15.0,25.0,30.0,30.0,28.0,39.0,59.0,40.0,30.0,34.0,33.0,43.0,43.0,28.0,50.0,48.0,41.0,40.0,55.0,44.0,28.0,28.0,34.0,33.0,49.0,25.0,22.0,18.0,26.0,27.0,16.0,25.0,16.0,23.0,19.0,15.0,17.0,15.0,25.0,16.0,29.0,23.0,20.0,20.0,16.0,27.0,17.0,20.0,19.0,10.0,19.0,20.0,17.0,16.0,18.0,10.0,29.0,15.0,18.0,7.0,31.0,11.0,12.0,22.0,26.0,17.0,21.0,15.0,20.0
23.0,17.0,21.0,17.0,18.0,10.0,27.0,19.0,22.0,12.0,15.0,25.0,27.0,29.0,16.0,42.0,19.0,14.0,20.0,17.0,21.0,29.0,19.0,12.0,24.0,25.0,14.0,16.0,18.0,22.0,17.0,23.0,20.0,23.0,17.0,26.0,16.0,24.0,17.0,21.0,25.0,20.0,23.0,17.0,21.0,16.0,16.0,13.0,24.0,25.0,17.0,15.0,31.0,21.0,18.0,20.0,17.0,28.0,18.0,21.0,38.0,54.0,58.0,102.0,68.0,51.0,43.0,29.0,46.0,70.0,343.0,167.0,346.0,442.0,581.0,186.0,272.0,363.0,331.0,312.0,325.0,268.0,344.0,288.0,307.0,299.0,348.0,318.0,338.0,315.0,226.0,100.0,45.0,20.0,22.0,18.0,29.0,25.0,37.0,12.0,27.0,26.0,36.0,44.0,28.0,18.0,34.0,24.0,21.0,32.0,34.0,48.0,41.0,37.0,36.0,45.0,41.0,87.0,111.0,92.0,78.0,37.0,33.0,25.0,39.0,30.0,47.0,38.0,47.0,45.0,37.0,32.0,35.0,23.0,29.0,26.0,23.0,29.0,30.0,23.0,22.0,24.0,24.0,12.0,24.0,19.0,15.0,28.0,34.0,18.0,15.0,16.0,18.0,16.0,23.0,13.0,22.0,18.0,14.0,22.0,27.0,19.0,27.0,20.0,16.0,24.0,22.0,26.0,12.0,20.0,26.0,36.0
25.0,20.0,23.0,10.0,17.0,30.0,29.0,21.0,22.0,10.0,11.0,23.0,19.0,16.0,21.0,20.0,19.0,33.0,21.0,27.0,21.0,18.0,16.0,20.0,22.0,23.0,15.0,22.0,15.0,13.0,15.0,13.0,16.0,22.0,14.0,10.0,9.0,17.0,6.0,8.0,10.0,11.0,14.0,14.0,13.0,14.0,24.0,14.0,12.0,6.0,24.0,56.0,52.0,59.0,179.0,288.0,176.0,26.0,105.0,23.0,49.0,46.0,94.0,198.0,253.0,241.0,234.0,253.0,255.0,300.0,309.0,356.0,319.0,321.0,310.0,364.0,309.0,338.0,330.0,328.0,278.0,187.0,83.0,81.0,18.0,9.0,9.0,10.0,14.0,22.0,15.0,17.0,15.0,25.0,33.0,11.0,12.0,10.0,16.0,20.0,8.0,31.0,26.0,34.0,28.0,33.0,39.0,33.0,23.0,22.0,38.0,49.0,29.0,45.0,35.0,46.0,33.0,27.0,38.0,24.0,29.0,25.0,29.0,40.0,42.0,28.0,24.0,15.0,30.0,28.0,20.0,16.0,25.0,22.0,22.0,19.0,26.0,12.0,19.0,8.0,14.0,15.0,12.0,16.0,20.0,21.0,18.0,15.0,13.0,15.0,18.0,17.0,18.0,16.0,19.0,17.0,11.0,15.0,15.0,17.0,9.0,9.0,20.0,4.0,14.0,14.0,10.0,8.0,16.0,13.0,9.0,13.0
16.0,12.0,6.0,9.0,16.0,17.0,25.0,6.0,15.0,13.0,15.0,17.0,20.0,20.0,11.0,29.0,13.0,20.0,23.0,14.0,7.0,15.0,10.0,13.0,17.0,13.0,8.0,14.0,11.0,14.0,15.0,11.0,7.0,15.0,13.0,2.0,21.0,25.0,19.0,14.0,6.0,8.0,7.0,17.0,8.0,10.0,22.0,27.0,23.0,59.0,53.0,66.0,81.0,76.0,77.0,44.0,21.0,27.0,48.0,181.0,329.0,292.0,312.0,335.0,315.0,343.0,338.0,322.0,291.0,318.0,306.0,339.0,340.0,336.0,321.0,305.0,320.0,268.0,153.0,130.0,72.0,14.0,16.0,15.0,13.0,14.0,27.0,29.0,24.0,24.0,11.0,21.0,13.0,18.0,24.0,12.0,12.0,21.0,31.0,28.0,34.0,27.0,29.0,75.0,29.0,22.0,22.0,31.0,19.0,28.0,35.0,28.0,21.0,39.0,25.0,25.0,22.0,27.0,23.0,19.0,18.0,28.0,24.0,14.0,16.0,38.0,18.0,27.0,18.0,33.0,13.0,19.0,18.0,18.0,30.0,18.0,16.0,18.0,12.0,13.0,13.0,10.0,20.0,5.0,19.0,14.0,18.0,11.0,20.0,32.0,20.0,22.0,39.0,10.0,28.0,17.0,19.0,14.0,16.0,21.0,30.0,11.0,15.0,16.0,17.0,17.0,14.0,12.0,8.0,12.0,13.0,11.0
16.0,13.0,9.0,4.0,8.0,10.0,11.0,15.0,14.0,17.0,22.0,11.0,18.0,15.0,11.0,17.0,8.0,8.0,21.0,11.0,19.0,12.0,14.0,15.0,19.0,11.0,23.0,10.0,5.0,35.0,19.0,18.0,12.0,12.0,20.0,11.0,6.0,21.0,14.0,19.0,18.0,18.0,12.0,50.0,64.0,57.0,70.0,38.0,57.0,71.0,41.0,31.0,26.0,42.0,24.0,31.0,93.0,269.0,287.0,296.0,298.0,303.0,331.0,323.0,321.0,328.0,318.0,343.0,334.0,357.0,339.0,359.0,372.0,341.0,263.0,105.0,52.0,30.0,19.0,28.0,14.0,14.0,17.0,15.0,14.0,8.0,28.0,29.0,22.0,31.0,19.0,25.0,22.0,28.0,40.0,48.0,44.0,52.0,54.0,66.0,43.0,42.0,62.0,55.0,63.0,38.0,55.0,60.0,43.0,43.0,35.0,35.0,45.0,35.0,27.0,42.0,44.0,27.0,26.0,33.0,19.0,17.0,19.0,17.0,33.0,20.0,32.0,33.0,25.0,31.0,30.0,31.0,41.0,37.0,31.0,28.0,39.0,36.0,25.0,29.0,37.0,28.0,42.0,46.0,42.0,42.0,29.0,41.0,33.0,16.0,22.0,29.0,18.0,15.0,19.0,22.0,17.0,25.0,25.0,8.0,28.0,27.0,26.0,14.0,21.0,11.0,14.0,14.0,27.0,18.0,19.0,15.0
15.0,20.0,23.0,23.0,31.0,19.0,31.0,20.0,20.0,20.0,20.0,10.0,29.0,19.0,15.0,19.0,14.0,15.0,14.0,29.0,34.0,40.0,24.0,27.0,32.0,27.0,31.0,24.0,43.0,29.0,33.0,30.0,35.0,37.0,38.0,23.0,48.0,21.0,27.0,80.0,61.0,79.0,103.0,71.0,63.0,65.0,61.0,24.0,44.0,41.0,51.0,31.0,32.0,57.0,204.0,294.0,340.0,364.0,308.0,343.0,327.0,359.0,354.0,349.0,316.0,336.0,372.0,413.0,397.0,394.0,351.0,317.0,269.0,118.0,111.0,39.0,28.0,34.0,35.0,41.0,39.0,39.0,37.0,30.0,41.0,39.0,37.0,34.0,36.0,26.0,45.0,18.0,33.0,37.0,34.0,57.0,50.0,51.0,51.0,63.0,51.0,54.0,44.0,28.0,31.0,64.0,35.0,26.0,42.0,33.0,28.0,49.0,32.0,30.0,32.0,45.0,44.0,38.0,34.0,32.0,30.0,29.0,27.0,20.0,21.0,38.0,24.0,34.0,16.0,17.0,19.0,24.0,26.0,22.0,18.0,24.0,22.0,27.0,24.0,24.0,12.0,24.0,21.0,32.0,37.0,50.0,27.0,31.0,33.0,16.0,16.0,26.0,20.0,33.0,14.0,21.0,23.0,20.0,10.0,27.0,20.0,21.0,11.0,27.0,15.0,20.0,29.0,38.0,42.0,40.0,36.0,45.0
9.0,20.0,21.0,19.0,18.0,9.0,12.0,18.0,3.0,5.0,19.0,8.0,17.0,8.0,27.0,22.0,21.0,15.0,11.0,17.0,8.0,8.0,27.0,12.0,7.0,16.0,13.0,22.0,14.0,19.0,27.0,21.0,19.0,20.0,23.0,17.0,13.0,12.0,18.0,21.0,2.0,9.0,16.0,2.0,20.0,9.0,15.0,23.0,22.0,16.0,11.0,7.0,6.0,7.0,12.0,13.0,28.0,58.0,48.0,57.0,54.0,47.0,47.0,51.0,25.0,27.0,38.0,49.0,82.0,262.0,291.0,416.0,426.0,286.0,337.0,374.0,362.0,354.0,376.0,356.0,311.0,297.0,285.0,284.0,299.0,295.0,284.0,290.0,244.0,221.0,168.0,82.0,64.0,21.0,31.0,21.0,16.0,14.0,29.0,21.0,21.0,25.0,31.0,21.0,23.0,38.0,13.0,37.0,38.0,24.0,45.0,35.0,50.0,60.0,52.0,36.0,51.0,44.0,24.0,54.0,38.0,24.0,43.0,34.0,54.0,41.0,25.0,41.0,35.0,20.0,32.0,36.0,27.0,31.0,35.0,41.0,20.0,19.0,16.0,24.0,21.0,25.0,33.0,35.0,26.0,24.0,30.0,11.0,17.0,26.0,16.0,24.0,46.0,34.0,37.0,18.0,14.0,14.0,33.0,23.0,21.0,21.0,14.0,17.0,21.0,23.0,32.0,34.0,31.0,14.0,21.0,12.0
18.0,17.0,29.0,16.0,23.0,23.0,27.0,23.0,28.0,16.0,23.0,32.0,29.0,28.0,20.0,22.0,24.0,25.0,18.0,34.0,20.0,12.0,46.0,39.0,27.0,24.0,21.0,25.0,17.0,40.0,26.0,25.0,23.0,16.0,32.0,20.0,20.0,26.0,21.0,20.0,24.0,30.0,29.0,21.0,22.0,14.0,29.0,16.0,16.0,30.0,20.0,11.0,66.0,42.0,115.0,56.0,105.0,129.0,851.0,491.0,76.0,78.0,106.0,64.0,208.0,321.0,330.0,295.0,286.0,269.0,263.0,267.0,349.0,307.0,397.0,328.0,366.0,320.0,333.0,269.0,283.0,252.0,155.0,70.0,44.0,21.0,23.0,21.0,21.0,27.0,20.0,21.0,19.0,14.0,21.0,20.0,17.0,33.0,21.0,47.0,49.0,44.0,56.0,74.0,80.0,43.0,38.0,54.0,35.0,29.0,34.0,37.0,53.0,39.0,45.0,46.0,41.0,21.0,39.0,30.0,52.0,23.0,31.0,19.0,35.0,32.0,14.0,21.0,15.0,13.0,20.0,20.0,19.0,28.0,15.0,19.0,21.0,17.0,34.0,20.0,15.0,24.0,36.0,13.0,26.0,17.0,17.0,18.0,15.0,14.0,22.0,25.0,16.0,26.0,20.0,30.0,29.0,24.0,16.0,13.0,26.0,30.0,17.0,18.0,17.0,10.0,29.0,14.0,15.0,19.0,32.0,18.0
39.0,4.0,11.0,13.0,14.0,17.0,19.0,13.0,15.0,7.0,29.0,9.0,22.0,15.0,19.0,8.0,11.0,4.0,13.0,10.0,19.0,3.0,13.0,4.0,22.0,16.0,7.0,11.0,15.0,17.0,16.0,16.0,11.0,20.0,21.0,27.0,16.0,12.0,12.0,36.0,24.0,24.0,22.0,27.0,31.0,16.0,13.0,21.0,9.0,32.0,12.0,15.0,12.0,19.0,25.0,20.0,15.0,93.0,27.0,43.0,47.0,124.0,164.0,69.0,82.0,65.0,54.0,82.0,175.0,264.0,328.0,363.0,342.0,398.0,400.0,366.0,323.0,320.0,329.0,333.0,283.0,296.0,278.0,241.0,201.0,82.0,71.0,19.0,9.0,18.0,12.0,8.0,13.0,27.0,10.0,12.0,14.0,14.0,13.0,11.0,15.0,13.0,16.0,21.0,18.0,21.0,24.0,64.0,31.0,33.0,55.0,45.0,55.0,36.0,26.0,58.0,45.0,26.0,33.0,36.0,46.0,35.0,28.0,21.0,28.0,24.0,17.0,19.0,28.0,32.0,20.0,26.0,33.0,18.0,37.0,20.0,21.0,8.0,18.0,20.0,12.0,17.0,13.0,23.0,17.0,12.0,14.0,26.0,14.0,9.0,16.0,21.0,20.0,16.0,19.0,17.0,13.0,14.0,23.0,15.0,10.0,12.0,18.0,21.0,17.0,11.0,26.0,2.0,21.0,30.0,12.0,13.0
9.0,16.0,20.0,25.0,10.0,26.0,32.0,39.0,18.0,20.0,23.0,19.0,9.0,36.0,18.0,35.0,17.0,11.0,21.0,20.0,19.0,11.0,16.0,22.0,14.0,24.0,29.0,22.0,37.0,24.0,29.0,11.0,17.0,18.0,21.0,11.0,21.0,28.0,22.0,10.0,17.0,37.0,20.0,31.0,41.0,45.0,89.0,153.0,92.0,111.0,133.0,57.0,83.0,158.0,288.0,312.0,335.0,206.0,238.0,316.0,370.0,358.0,350.0,367.0,320.0,320.0,340.0,377.0,352.0,371.0,352.0,344.0,280.0,177.0,70.0,66.0,24.0,25.0,14.0,9.0,16.0,23.0,21.0,12.0,22.0,14.0,18.0,19.0,15.0,27.0,29.0,17.0,20.0,40.0,42.0,43.0,36.0,37.0,34.0,41.0,32.0,34.0,30.0,43.0,35.0,37.0,28.0,29.0,54.0,30.0,21.0,22.0,20.0,20.0,31.0,20.0,29.0,29.0,22.0,32.0,19.0,18.0,16.0,25.0,24.0,20.0,22.0,9.0,24.0,26.0,20.0,26.0,23.0,14.0,17.0,11.0,19.0,18.0,14.0,9.0,13.0,21.0,15.0,11.0,14.0,24.0,19.0,14.0,21.0,12.0,26.0,17.0,37.0,14.0,18.0,16.0,19.0,17.0,12.0,13.0,13.0,13.0,18.0,24.0,11.0,23.0,16.0,24.0,15.0,13.0,21.0,20.0
18.0,14.0,21.0,10.0,28.0,11.0,14.0,17.0,16.0,16.0,8.0,11.0,5.0,13.0,6.0,15.0,15.0,9.0,5.0,20.0,17.0,18.0,25.0,20.0,17.0,10.0,27.0,11.0,12.0,8.0,16.0,32.0,19.0,20.0,21.0,7.0,12.0,18.0,18.0,27.0,25.0,30.0,20.0,21.0,28.0,16.0,21.0,12.0,16.0,19.0,40.0,29.0,85.0,52.0,205.0,266.0,155.0,287.0,98.0,18.0,22.0,30.0,96.0,197.0,297.0,280.0,292.0,248.0,290.0,351.0,366.0,363.0,352.0,369.0,398.0,384.0,339.0,304.0,264.0,255.0,159.0,109.0,78.0,24.0,7.0,22.0,15.0,23.0,21.0,17.0,14.0,15.0,16.0,22.0,25.0,9.0,17.0,25.0,27.0,36.0,33.0,49.0,34.0,44.0,41.0,53.0,37.0,69.0,41.0,38.0,39.0,42.0,36.0,38.0,40.0,49.0,34.0,28.0,36.0,33.0,24.0,22.0,25.0,24.0,27.0,25.0,18.0,21.0,15.0,20.0,19.0,14.0,27.0,15.0,8.0,16.0,10.0,15.0,15.0,15.0,19.0,16.0,8.0,20.0,39.0,22.0,19.0,20.0,31.0,21.0,41.0,50.0,25.0,29.0,26.0,25.0,49.0,30.0,31.0,51.0,38.0,21.0,28.0,25.0,20.0,31.0,26.0,28.0,14.0,33.0,29.0,27.0
8.0,18.0,4.0,7.0,14.0,17.0,9.0,28.0,14.0,17.0,2.0,7.0,8.0,14.0,12.0,13.0,7.0,12.0,21.0,10.0,10.0,6.0,13.0,17.0,10.0,8.0,13.0,10.0,15.0,18.0,14.0,9.0,13.0,12.0,23.0,8.0,12.0,8.0,10.0,13.0,23.0,10.0,20.0,39.0,51.0,43.0,44.0,111.0,49.0,34.0,36.0,37.0,98.0,245.0,299.0,343.0,362.0,362.0,345.0,410.0,366.0,352.0,384.0,370.0,358.0,359.0,349.0,373.0,352.0,320.0,226.0,145.0,70.0,35.0,21.0,15.0,17.0,14.0,6.0,13.0,14.0,15.0,12.0,21.0,32.0,12.0,18.0,22.0,32.0,28.0,38.0,34.0,32.0,39.0,36.0,43.0,35.0,36.0,35.0,25.0,31.0,32.0,35.0,42.0,41.0,37.0,21.0,35.0,29.0,33.0,35.0,31.0,41.0,20.0,24.0,19.0,20.0,18.0,23.0,28.0,25.0,23.0,19.0,29.0,17.0,18.0,11.0,30.0,18.0,19.0,16.0,10.0,21.0,15.0,17.0,23.0,22.0,16.0,17.0,15.0,15.0,8.0,21.0,15.0,15.0,14.0,13.0,24.0,14.0,22.0,17.0,14.0,13.0,14.0,18.0,20.0,20.0,17.0,20.0,12.0,14.0,11.0,17.0,13.0,13.0,17.0,18.0,17.0,20.0,22.0,9.0,23.0
30.0,20.0,26.0,23.0,42.0,25.0,25.0,8.0,14.0,23.0,30.0,29.0,25.0,24.0,22.0,27.0,20.0,28.0,22.0,33.0,15.0,13.0,13.0,13.0,20.0,28.0,13.0,12.0,21.0,12.0,18.0,32.0,40.0,37.0,26.0,24.0,34.0,44.0,47.0,58.0,632.0,954.0,307.0,515.0,170.0,401.0,442.0,441.0,464.0,456.0,403.0,347.0,360.0,350.0,319.0,309.0,316.0,291.0,270.0,238.0,226.0,167.0,101.0,90.0,38.0,52.0,24.0,13.0,23.0,18.0,35.0,21.0,32.0,17.0,18.0,11.0,9.0,26.0,23.0,60.0,48.0,56.0,60.0,26.0,37.0,39.0,35.0,51.0,35.0,35.0,38.0,50.0,47.0,56.0,32.0,25.0,27.0,44.0,35.0,36.0,36.0,28.0,35.0,25.0,24.0,31.0,24.0,23.0,14.0,18.0,26.0,15.0,15.0,13.0,21.0,11.0,25.0,22.0,21.0,13.0,20.0,26.0,15.0,33.0,19.0,37.0,10.0,32.0,7.0,11.0,17.0,14.0,19.0,13.0,10.0,11.0,18.0,19.0,11.0,14.0,17.0,18.0,20.0,36.0,27.0,19.0,14.0,21.0,25.0,13.0,14.0,14.0,27.0,19.0,9.0,16.0,17.0,20.0,15.0,17.0,16.0,15.0,19.0,10.0,23.0,13.0,12.0,11.0,19.0,30.0,18.0,29.0
19.0,8.0,11.0,11.0,23.0,9.0,24.0,26.0,24.0,21.0,13.0,15.0,11.0,13.0,24.0,17.0,19.0,7.0,11.0,18.0,10.0,16.0,8.0,9.0,14.0,18.0,11.0,42.0,17.0,12.0,17.0,23.0,15.0,28.0,37.0,62.0,58.0,36.0,38.0,36.0,34.0,32.0,54.0,174.0,290.0,361.0,327.0,361.0,362.0,404.0,429.0,414.0,374.0,352.0,368.0,380.0,329.0,413.0,310.0,256.0,315.0,205.0,115.0,43.0,48.0,37.0,37.0,19.0,30.0,32.0,27.0,29.0,20.0,22.0,17.0,23.0,34.0,37.0,47.0,44.0,57.0,38.0,49.0,65.0,41.0,39.0,58.0,50.0,41.0,40.0,51.0,60.0,48.0,49.0,59.0,55.0,56.0,57.0,43.0,31.0,36.0,34.0,38.0,30.0,41.0,27.0,37.0,27.0,27.0,26.0,37.0,28.0,16.0,22.0,16.0,29.0,39.0,18.0,23.0,23.0,13.0,30.0,26.0,17.0,12.0,19.0,17.0,20.0,19.0,14.0,12.0,15.0,21.0,20.0,25.0,26.0,19.0,12.0,15.0,18.0,23.0,19.0,28.0,17.0,24.0,23.0,17.0,21.0,27.0,24.0,20.0,26.0,35.0,23.0,29.0,32.0,22.0,17.0,18.0,28.0,21.0,32.0,20.0,20.0,19.0,14.0,17.0,10.0,18.0,33.0,17.0,15.0
30.0,42.0,22.0,19.0,26.0,23.0,18.0,40.0,40.0,36.0,42.0,34.0,52.0,19.0,17.0,36.0,20.0,31.0,42.0,28.0,23.0,19.0,41.0,33.0,23.0,34.0,18.0,26.0,33.0,28.0,22.0,18.0,33.0,31.0,23.0,21.0,24.0,17.0,20.0,28.0,23.0,29.0,23.0,15.0,28.0,52.0,60.0,58.0,132.0,80.0,69.0,190.0,111.0,61.0,76.0,49.0,147.0,227.0,290.0,323.0,392.0,375.0,445.0,447.0,471.0,457.0,437.0,436.0,434.0,410.0,354.0,346.0,243.0,130.0,82.0,51.0,31.0,33.0,17.0,42.0,57.0,25.0,14.0,19.0,19.0,16.0,14.0,18.0,17.0,26.0,22.0,35.0,42.0,57.0,36.0,40.0,46.0,48.0,63.0,51.0,47.0,47.0,37.0,29.0,35.0,57.0,33.0,47.0,58.0,59.0,39.0,32.0,41.0,33.0,38.0,42.0,37.0,25.0,26.0,23.0,18.0,19.0,19.0,29.0,19.0,33.0,25.0,18.0,31.0,24.0,34.0,19.0,31.0,21.0,31.0,27.0,29.0,21.0,24.0,19.0,31.0,23.0,22.0,16.0,21.0,19.0,17.0,29.0,23.0,12.0,9.0,13.0,12.0,22.0,17.0,13.0,9.0,15.0,21.0,10.0,14.0,26.0,17.0,14.0,16.0,19.0,16.0,15.0,15.0,19.0,19.0,26.0
23.0,16.0,17.0,23.0,22.0,19.0,23.0,24.0,30.0,21.0,18.0,47.0,18.0,26.0,16.0,29.0,19.0,18.0,26.0,11.0,29.0,22.0,20.0,18.0,12.0,23.0,17.0,19.0,28.0,33.0,19.0,10.0,18.0,32.0,37.0,17.0,35.0,29.0,20.0,22.0,18.0,25.0,12.0,23.0,15.0,24.0,32.0,17.0,22.0,16.0,33.0,29.0,16.0,17.0,14.0,16.0,10.0,19.0,25.0,30.0,16.0,14.0,11.0,17.0,17.0,11.0,16.0,12.0,20.0,6.0,24.0,22.0,37.0,55.0,65.0,71.0,140.0,61.0,71.0,63.0,397.0,393.0,201.0,313.0,342.0,283.0,263.0,321.0,323.0,302.0,294.0,387.0,396.0,382.0,362.0,356.0,334.0,353.0,254.0,162.0,141.0,55.0,12.0,17.0,27.0,28.0,22.0,27.0,31.0,36.0,26.0,46.0,37.0,24.0,35.0,29.0,30.0,37.0,34.0,27.0,37.0,65.0,61.0,59.0,52.0,79.0,92.0,87.0,32.0,29.0,50.0,58.0,39.0,19.0,30.0,26.0,29.0,37.0,38.0,30.0,35.0,33.0,39.0,35.0,46.0,103.0,80.0,85.0,82.0,81.0,86.0,84.0,76.0,62.0,66.0,43.0,53.0,44.0,53.0,38.0,43.0,45.0,49.0,29.0,35.0,36.0,35.0,37.0,23.0,26.0,17.0,32.0
18.0,18.0,16.0,30.0,19.0,24.0,18.0,39.0,17.0,25.0,12.0,18.0,14.0,6.0,14.0,14.0,14.0,17.0,18.0,21.0,20.0,22.0,14.0,25.0,15.0,13.0,29.0,24.0,24.0,21.0,27.0,16.0,21.0,34.0,26.0,44.0,20.0,26.0,32.0,31.0,22.0,16.0,15.0,28.0,41.0,20.0,15.0,18.0,18.0,31.0,20.0,33.0,38.0,22.0,35.0,31.0,40.0,43.0,63.0,56.0,115.0,87.0,62.0,42.0,26.0,33.0,70.0,166.0,295.0,281.0,271.0,270.0,312.0,342.0,313.0,341.0,342.0,369.0,430.0,433.0,435.0,427.0,400.0,307.0,305.0,345.0,225.0,112.0,84.0,64.0,25.0,18.0,19.0,27.0,34.0,35.0,17.0,27.0,20.0,21.0,26.0,18.0,19.0,32.0,37.0,39.0,60.0,73.0,32.0,60.0,50.0,32.0,49.0,29.0,69.0,40.0,63.0,38.0,47.0,60.0,79.0,53.0,26.0,55.0,41.0,46.0,25.0,40.0,50.0,40.0,33.0,43.0,36.0,29.0,38.0,24.0,20.0,34.0,19.0,24.0,32.0,16.0,30.0,23.0,36.0,25.0,27.0,31.0,32.0,29.0,39.0,16.0,28.0,18.0,26.0,47.0,30.0,29.0,25.0,29.0,31.0,36.0,42.0,27.0,22.0,40.0,36.0,36.0,33.0,28.0,29.0,18.0
31.0,24.0,24.0,42.0,16.0,25.0,14.0,14.0,17.0,13.0,19.0,49.0,21.0,13.0,42.0,16.0,17.0,21.0,32.0,33.0,37.0,34.0,24.0,32.0,27.0,23.0,44.0,61.0,59.0,36.0,37.0,50.0,42.0,33.0,43.0,45.0,44.0,46.0,31.0,25.0,35.0,18.0,23.0,28.0,63.0,55.0,54.0,58.0,130.0,97.0,112.0,69.0,97.0,60.0,34.0,54.0,52.0,91.0,204.0,259.0,324.0,308.0,345.0,361.0,430.0,454.0,450.0,480.0,480.0,549.0,503.0,528.0,512.0,467.0,396.0,454.0,354.0,173.0,72.0,74.0,38.0,55.0,58.0,36.0,34.0,20.0,24.0,40.0,40.0,38.0,29.0,80.0,39.0,86.0,66.0,47.0,62.0,60.0,66.0,112.0,79.0,138.0,40.0,60.0,67.0,79.0,96.0,56.0,53.0,43.0,56.0,91.0,66.0,49.0,67.0,57.0,52.0,43.0,56.0,69.0,40.0,37.0,53.0,33.0,47.0,31.0,35.0,29.0,31.0,27.0,35.0,38.0,32.0,26.0,28.0,19.0,24.0,28.0,36.0,29.0,35.0,19.0,13.0,12.0,13.0,26.0,21.0,14.0,5.0,16.0,18.0,24.0,20.0,20.0,12.0,10.0,37.0,38.0,22.0,23.0,31.0,28.0,35.0,48.0,27.0,44.0,33.0,43.0,37.0,45.0,23.0,22.0
51.0,38.0,24.0,27.0,24.0,27.0,33.0,26.0,33.0,44.0,24.0,39.0,42.0,34.0,26.0,23.0,33.0,30.0,36.0,39.0,24.0,28.0,24.0,22.0,27.0,57.0,29.0,40.0,27.0,40.0,38.0,22.0,47.0,18.0,21.0,21.0,29.0,21.0,13.0,15.0,19.0,12.0,30.0,11.0,21.0,25.0,30.0,29.0,39.0,20.0,19.0,20.0,25.0,27.0,17.0,29.0,19.0,24.0,27.0,20.0,30.0,21.0,20.0,14.0,20.0,14.0,23.0,59.0,34.0,40.0,181.0,463.0,22.0,558.0,28.0,27.0,24.0,26.0,103.0,288.0,366.0,425.0,410.0,411.0,404.0,495.0,424.0,456.0,446.0,437.0,482.0,406.0,414.0,350.0,384.0,364.0,359.0,263.0,104.0,63.0,57.0,17.0,25.0,13.0,35.0,20.0,19.0,32.0,24.0,33.0,23.0,16.0,43.0,21.0,40.0,41.0,72.0,42.0,53.0,59.0,66.0,59.0,40.0,25.0,49.0,41.0,36.0,34.0,32.0,44.0,69.0,50.0,47.0,84.0,48.0,44.0,37.0,37.0,32.0,45.0,41.0,35.0,18.0,27.0,30.0,35.0,17.0,23.0,14.0,13.0,25.0,26.0,33.0,26.0,32.0,23.0,28.0,20.0,20.0,20.0,21.0,21.0,22.0,26.0,12.0,14.0,20.0,22.0,11.0,16.0,32.0,18.0
39.0,26.0,31.0,40.0,61.0,48.0,51.0,42.0,63.0,56.0,27.0,28.0,45.0,41.0,53.0,29.0,32.0,34.0,47.0,25.0,46.0,43.0,41.0,36.0,48.0,50.0,39.0,46.0,39.0,61.0,26.0,35.0,34.0,49.0,58.0,29.0,49.0,43.0,60.0,63.0,46.0,30.0,31.0,52.0,32.0,27.0,44.0,50.0,54.0,45.0,42.0,61.0,37.0,30.0,27.0,40.0,33.0,40.0,65.0,149.0,418.0,57.0,310.0,235.0,42.0,123.0,133.0,211.0,370.0,441.0,368.0,372.0,322.0,340.0,525.0,650.0,579.0,734.0,565.0,490.0,526.0,460.0,417.0,459.0,400.0,324.0,164.0,116.0,82.0,23.0,15.0,11.0,6.0,25.0,22.0,12.0,10.0,13.0,16.0,14.0,19.0,25.0,53.0,40.0,77.0,62.0,33.0,25.0,65.0,71.0,53.0,37.0,35.0,22.0,46.0,55.0,70.0,49.0,57.0,48.0,56.0,56.0,50.0,60.0,33.0,27.0,44.0,35.0,46.0,46.0,31.0,30.0,37.0,35.0,36.0,42.0,30.0,24.0,22.0,29.0,32.0,39.0,30.0,42.0,45.0,28.0,29.0,47.0,41.0,30.0,32.0,16.0,58.0,46.0,41.0,34.0,47.0,29.0,24.0,43.0,24.0,16.0,20.0,15.0,13.0,20.0,22.0,13.0,20.0,20.0,17.0,13.0
24.0,32.0,31.0,41.0,34.0,30.0,37.0,24.0,31.0,20.0,36.0,30.0,23.0,24.0,26.0,33.0,34.0,32.0,48.0,52.0,35.0,43.0,38.0,43.0,36.0,32.0,30.0,31.0,29.0,22.0,26.0,37.0,34.0,19.0,26.0,22.0,14.0,31.0,27.0,29.0,17.0,18.0,28.0,17.0,19.0,33.0,16.0,22.0,35.0,23.0,26.0,14.0,29.0,36.0,12.0,28.0,22.0,22.0,29.0,35.0,33.0,47.0,47.0,66.0,80.0,40.0,34.0,34.0,88.0,207.0,289.0,291.0,421.0,417.0,471.0,545.0,565.0,553.0,525.0,479.0,350.0,479.0,486.0,365.0,264.0,68.0,55.0,38.0,33.0,22.0,13.0,18.0,17.0,25.0,16.0,16.0,17.0,26.0,23.0,28.0,55.0,51.0,54.0,43.0,61.0,42.0,81.0,101.0,94.0,99.0,84.0,65.0,68.0,84.0,57.0,72.0,55.0,36.0,66.0,38.0,46.0,37.0,42.0,37.0,35.0,30.0,22.0,26.0,50.0,21.0,37.0,24.0,26.0,14.0,22.0,10.0,35.0,20.0,26.0,27.0,21.0,31.0,25.0,18.0,24.0,21.0,26.0,27.0,25.0,32.0,18.0,28.0,27.0,30.0,34.0,24.0,28.0,25.0,23.0,25.0,31.0,11.0,38.0,32.0,15.0,31.0,20.0,29.0,28.0,28.0,26.0,20.0
32.0,26.0,19.0,18.0,18.0,14.0,23.0,25.0,13.0,16.0,13.0,24.0,28.0,33.0,15.0,24.0,26.0,31.0,23.0,22.0,23.0,25.0,27.0,21.0,24.0,22.0,26.0,37.0,35.0,30.0,48.0,46.0,37.0,32.0,76.0,56.0,60.0,41.0,43.0,58.0,59.0,56.0,61.0,43.0,92.0,265.0,410.0,437.0,391.0,409.0,471.0,448.0,443.0,459.0,446.0,412.0,386.0,383.0,373.0,317.0,220.0,183.0,145.0,63.0,32.0,21.0,19.0,24.0,20.0,23.0,23.0,17.0,27.0,16.0,18.0,27.0,40.0,32.0,34.0,39.0,54.0,39.0,59.0,51.0,76.0,37.0,33.0,37.0,41.0,46.0,38.0,52.0,52.0,36.0,43.0,38.0,44.0,21.0,33.0,33.0,30.0,41.0,48.0,28.0,50.0,36.0,23.0,28.0,41.0,42.0,44.0,53.0,50.0,38.0,26.0,35.0,36.0,25.0,21.0,33.0,34.0,29.0,28.0,23.0,32.0,33.0,32.0,30.0,24.0,27.0,24.0,30.0,23.0,27.0,26.0,34.0,20.0,24.0,39.0,18.0,21.0,21.0,21.0,19.0,16.0,11.0,17.0,31.0,12.0,16.0,15.0,17.0,22.0,18.0,24.0,37.0,16.0,27.0,23.0,34.0,41.0,23.0,23.0,19.0,12.0,17.0,25.0,15.0,37.0,7.0,12.0,22.0
22.0,33.0,29.0,32.0,28.0,21.0,22.0,20.0,24.0,29.0,24.0,21.0,30.0,41.0,35.0,36.0,26.0,28.0,33.0,41.0,17.0,38.0,23.0,13.0,20.0,38.0,26.0,29.0,14.0,19.0,26.0,35.0,13.0,29.0,27.0,29.0,25.0,34.0,35.0,28.0,34.0,39.0,29.0,40.0,40.0,70.0,40.0,70.0,55.0,37.0,40.0,49.0,59.0,111.0,269.0,385.0,304.0,406.0,373.0,415.0,415.0,408.0,397.0,389.0,413.0,389.0,400.0,350.0,387.0,390.0,332.0,223.0,98.0,39.0,22.0,16.0,20.0,18.0,15.0,32.0,20.0,29.0,26.0,32.0,25.0,20.0,25.0,22.0,26.0,26.0,35.0,31.0,25.0,55.0,46.0,41.0,32.0,39.0,47.0,53.0,37.0,46.0,62.0,34.0,47.0,37.0,50.0,37.0,63.0,48.0,56.0,32.0,39.0,30.0,35.0,37.0,31.0,31.0,56.0,42.0,31.0,24.0,37.0,28.0,28.0,32.0,23.0,34.0,28.0,36.0,43.0,35.0,32.0,20.0,20.0,25.0,41.0,34.0,17.0,21.0,19.0,24.0,19.0,16.0,17.0,14.0,41.0,22.0,13.0,24.0,10.0,23.0,15.0,24.0,12.0,18.0,17.0,22.0,12.0,20.0,15.0,19.0,19.0,36.0,17.0,52.0,22.0,14.0,21.0,26.0,24.0,31.0
33.0,28.0,25.0,21.0,32.0,26.0,15.0,28.0,35.0,29.0,40.0,25.0,19.0,11.0,27.0,15.0,15.0,16.0,12.0,17.0,18.0,11.0,25.0,22.0,17.0,38.0,29.0,20.0,29.0,51.0,39.0,28.0,26.0,17.0,15.0,29.0,34.0,38.0,16.0,20.0,25.0,30.0,18.0,24.0,21.0,74.0,56.0,91.0,71.0,92.0,29.0,46.0,56.0,36.0,41.0,54.0,34.0,132.0,284.0,320.0,325.0,381.0,400.0,373.0,353.0,382.0,339.0,360.0,338.0,302.0,318.0,341.0,275.0,216.0,83.0,52.0,44.0,11.0,31.0,12.0,16.0,18.0,24.0,16.0,22.0,15.0,12.0,18.0,15.0,14.0,28.0,25.0,24.0,40.0,56.0,49.0,73.0,57.0,22.0,33.0,38.0,48.0,43.0,42.0,38.0,33.0,41.0,49.0,40.0,48.0,51.0,34.0,30.0,53.0,38.0,31.0,45.0,28.0,26.0,12.0,39.0,39.0,30.0,22.0,21.0,18.0,14.0,21.0,22.0,47.0,13.0,13.0,23.0,28.0,26.0,14.0,21.0,19.0,30.0,24.0,19.0,13.0,13.0,21.0,17.0,16.0,16.0,15.0,15.0,17.0,19.0,16.0,17.0,14.0,23.0,21.0,12.0,2.0,11.0,14.0,14.0,18.0,16.0,8.0,11.0,24.0,16.0,32.0,14.0,11.0,21.0,17.0
21.0,29.0,11.0,30.0,16.0,23.0,26.0,23.0,30.0,15.0,20.0,27.0,18.0,22.0,15.0,19.0,22.0,15.0,11.0,16.0,23.0,20.0,11.0,18.0,19.0,21.0,24.0,24.0,22.0,18.0,20.0,20.0,21.0,17.0,55.0,95.0,77.0,70.0,47.0,69.0,108.0,245.0,360.0,408.0,435.0,457.0,458.0,456.0,451.0,447.0,447.0,443.0,430.0,371.0,388.0,407.0,384.0,368.0,360.0,362.0,266.0,158.0,63.0,54.0,16.0,20.0,21.0,26.0,22.0,26.0,12.0,13.0,14.0,15.0,29.0,22.0,11.0,12.0,17.0,18.0,30.0,25.0,34.0,59.0,46.0,60.0,59.0,71.0,75.0,99.0,79.0,77.0,38.0,50.0,54.0,46.0,39.0,46.0,44.0,38.0,36.0,24.0,53.0,25.0,41.0,29.0,55.0,49.0,40.0,30.0,27.0,21.0,18.0,35.0,27.0,27.0,20.0,25.0,16.0,29.0,15.0,28.0,17.0,19.0,16.0,19.0,16.0,22.0,15.0,17.0,18.0,16.0,16.0,16.0,16.0,19.0,8.0,24.0,11.0,16.0,13.0,8.0,12.0,13.0,11.0,21.0,13.0,16.0,15.0,23.0,16.0,24.0,13.0,24.0,17.0,18.0,11.0,12.0,21.0,14.0,27.0,14.0,17.0,8.0,16.0,26.0,31.0,11.0,16.0,22.0,21.0,17.0
9.0,16.0,13.0,18.0,10.0,16.0,14.0,19.0,3.0,22.0,17.0,7.0,11.0,17.0,8.0,17.0,16.0,13.0,25.0,32.0,36.0,35.0,18.0,21.0,21.0,25.0,32.0,15.0,25.0,23.0,19.0,33.0,31.0,28.0,32.0,17.0,24.0,27.0,37.0,32.0,34.0,43.0,32.0,41.0,35.0,79.0,64.0,38.0,44.0,41.0,46.0,58.0,95.0,245.0,410.0,388.0,379.0,379.0,408.0,389.0,405.0,374.0,335.0,349.0,384.0,385.0,365.0,376.0,404.0,372.0,326.0,203.0,71.0,21.0,16.0,23.0,11.0,21.0,13.0,32.0,10.0,13.0,10.0,23.0,16.0,15.0,28.0,35.0,57.0,43.0,46.0,54.0,61.0,90.0,66.0,59.0,60.0,109.0,29.0,68.0,54.0,36.0,50.0,47.0,45.0,30.0,51.0,68.0,40.0,64.0,32.0,56.0,30.0,16.0,22.0,20.0,19.0,17.0,10.0,24.0,15.0,12.0,17.0,22.0,12.0,12.0,33.0,22.0,12.0,20.0,14.0,15.0,10.0,10.0,12.0,18.0,15.0,10.0,19.0,9.0,12.0,21.0,12.0,25.0,11.0,26.0,21.0,16.0,12.0,27.0,19.0,22.0,25.0,12.0,15.0,14.0,10.0,21.0,29.0,15.0,14.0,17.0,22.0,14.0,11.0,10.0,16.0,11.0,18.0,12.0,6.0,25.0
13.0,23.0,19.0,17.0,16.0,22.0,19.0,35.0,39.0,24.0,16.0,19.0,21.0,35.0,33.0,24.0,29.0,49.0,42.0,31.0,28.0,23.0,26.0,23.0,21.0,21.0,19.0,24.0,22.0,33.0,20.0,25.0,12.0,5.0,25.0,19.0,16.0,21.0,11.0,13.0,24.0,16.0,14.0,15.0,22.0,19.0,24.0,31.0,24.0,32.0,23.0,20.0,22.0,16.0,32.0,30.0,22.0,32.0,44.0,68.0,68.0,50.0,95.0,52.0,72.0,32.0,54.0,46.0,145.0,289.0,291.0,306.0,315.0,324.0,374.0,341.0,384.0,299.0,334.0,305.0,343.0,321.0,295.0,295.0,326.0,260.0,119.0,41.0,28.0,22.0,29.0,32.0,29.0,11.0,16.0,24.0,37.0,24.0,28.0,20.0,25.0,31.0,24.0,36.0,26.0,41.0,39.0,32.0,35.0,37.0,34.0,28.0,26.0,25.0,24.0,67.0,55.0,43.0,31.0,35.0,23.0,42.0,28.0,22.0,34.0,39.0,47.0,36.0,37.0,32.0,32.0,35.0,38.0,36.0,16.0,29.0,26.0,22.0,19.0,34.0,25.0,24.0,27.0,21.0,27.0,27.0,32.0,29.0,18.0,21.0,18.0,19.0,27.0,30.0,22.0,19.0,21.0,38.0,34.0,28.0,28.0,29.0,28.0,33.0,37.0,22.0,25.0,16.0,17.0,25.0,18.0,17.0
14.0,20.0,20.0,14.0,12.0,14.0,11.0,14.0,25.0,17.0,22.0,28.0,20.0,18.0,19.0,19.0,16.0,13.0,13.0,12.0,16.0,22.0,9.0,16.0,10.0,21.0,18.0,26.0,16.0,13.0,29.0,22.0,30.0,15.0,17.0,16.0,14.0,6.0,21.0,12.0,22.0,18.0,5.0,17.0,6.0,22.0,16.0,17.0,14.0,22.0,14.0,15.0,17.0,20.0,27.0,24.0,25.0,25.0,13.0,26.0,20.0,29.0,18.0,34.0,25.0,30.0,23.0,35.0,31.0,32.0,28.0,23.0,31.0,79.0,62.0,101.0,57.0,45.0,27.0,56.0,59.0,61.0,156.0,354.0,380.0,393.0,350.0,356.0,410.0,413.0,441.0,360.0,425.0,434.0,383.0,361.0,368.0,367.0,390.0,363.0,289.0,119.0,91.0,122.0,42.0,93.0,43.0,12.0,16.0,14.0,15.0,19.0,18.0,12.0,26.0,50.0,27.0,23.0,21.0,30.0,47.0,40.0,43.0,51.0,56.0,46.0,34.0,34.0,56.0,45.0,47.0,37.0,32.0,36.0,33.0,41.0,21.0,45.0,34.0,37.0,49.0,29.0,37.0,27.0,38.0,24.0,29.0,32.0,23.0,29.0,24.0,23.0,21.0,26.0,34.0,16.0,25.0,21.0,15.0,16.0,12.0,19.0,18.0,22.0,29.0,15.0,13.0,15.0,16.0,16.0,21.0,21.0
15.0,7.0,21.0,8.0,21.0,19.0,14.0,13.0,22.0,8.0,12.0,8.0,16.0,7.0,11.0,10.0,16.0,27.0,15.0,14.0,20.0,21.0,17.0,21.0,24.0,42.0,19.0,22.0,23.0,22.0,19.0,21.0,17.0,19.0,11.0,16.0,22.0,13.0,10.0,14.0,20.0,19.0,9.0,21.0,12.0,14.0,31.0,50.0,73.0,44.0,31.0,36.0,34.0,47.0,61.0,73.0,39.0,134.0,179.0,276.0,313.0,346.0,332.0,323.0,346.0,348.0,330.0,387.0,377.0,444.0,376.0,401.0,362.0,359.0,342.0,144.0,57.0,35.0,21.0,22.0,20.0,9.0,22.0,22.0,23.0,16.0,11.0,18.0,30.0,13.0,19.0,17.0,26.0,52.0,23.0,35.0,29.0,47.0,19.0,49.0,35.0,29.0,34.0,32.0,35.0,39.0,46.0,45.0,34.0,43.0,44.0,36.0,34.0,25.0,36.0,29.0,34.0,24.0,33.0,28.0,19.0,37.0,27.0,22.0,19.0,12.0,17.0,13.0,16.0,19.0,24.0,18.0,21.0,13.0,15.0,21.0,15.0,11.0,14.0,15.0,13.0,20.0,21.0,16.0,12.0,10.0,11.0,19.0,14.0,10.0,21.0,19.0,16.0,15.0,9.0,20.0,9.0,10.0,15.0,30.0,22.0,19.0,20.0,14.0,19.0,24.0,9.0,35.0,17.0,15.0,11.0,20.0
14.0,14.0,21.0,17.0,15.0,22.0,16.0,16.0,24.0,39.0,26.0,65.0,20.0,64.0,41.0,22.0,42.0,25.0,40.0,60.0,46.0,21.0,29.0,44.0,30.0,19.0,16.0,20.0,32.0,42.0,36.0,34.0,35.0,19.0,37.0,11.0,12.0,9.0,18.0,14.0,17.0,45.0,29.0,13.0,13.0,13.0,11.0,11.0,15.0,21.0,15.0,18.0,13.0,22.0,13.0,11.0,18.0,11.0,18.0,59.0,95.0,56.0,54.0,62.0,40.0,45.0,27.0,43.0,44.0,71.0,238.0,351.0,333.0,346.0,299.0,326.0,283.0,362.0,375.0,365.0,326.0,342.0,348.0,347.0,342.0,356.0,309.0,250.0,81.0,73.0,36.0,35.0,16.0,17.0,17.0,27.0,15.0,17.0,10.0,10.0,15.0,7.0,13.0,13.0,28.0,35.0,19.0,37.0,27.0,47.0,34.0,40.0,29.0,49.0,36.0,19.0,35.0,54.0,21.0,18.0,40.0,41.0,43.0,26.0,33.0,29.0,28.0,22.0,23.0,21.0,19.0,27.0,23.0,6.0,18.0,18.0,9.0,15.0,14.0,13.0,16.0,15.0,9.0,13.0,19.0,11.0,17.0,12.0,23.0,23.0,14.0,21.0,17.0,23.0,15.0,18.0,23.0,21.0,18.0,22.0,27.0,39.0,17.0,28.0,19.0,32.0,32.0,16.0,23.0,27.0,16.0,18.0
16.0,19.0,15.0,10.0,19.0,3.0,11.0,17.0,16.0,10.0,23.0,11.0,9.0,6.0,20.0,8.0,12.0,14.0,13.0,16.0,24.0,6.0,13.0,20.0,20.0,18.0,21.0,12.0,19.0,15.0,14.0,17.0,30.0,15.0,14.0,29.0,14.0,17.0,18.0,20.0,20.0,17.0,12.0,14.0,23.0,14.0,13.0,17.0,11.0,22.0,7.0,26.0,15.0,7.0,15.0,10.0,8.0,33.0,48.0,67.0,41.0,60.0,50.0,49.0,40.0,55.0,21.0,53.0,133.0,301.0,415.0,386.0,375.0,392.0,417.0,413.0,425.0,384.0,376.0,398.0,359.0,344.0,338.0,257.0,196.0,163.0,53.0,19.0,22.0,23.0,11.0,25.0,16.0,22.0,14.0,14.0,20.0,20.0,11.0,14.0,18.0,27.0,35.0,47.0,54.0,20.0,37.0,36.0,26.0,62.0,22.0,62.0,20.0,21.0,27.0,22.0,42.0,51.0,32.0,34.0,36.0,9.0,35.0,34.0,18.0,25.0,22.0,13.0,35.0,14.0,23.0,14.0,26.0,16.0,13.0,19.0,16.0,12.0,12.0,17.0,17.0,11.0,9.0,15.0,12.0,10.0,13.0,26.0,21.0,6.0,18.0,11.0,14.0,16.0,12.0,9.0,14.0,13.0,18.0,18.0,10.0,9.0,18.0,25.0,9.0,16.0,8.0,18.0,23.0,16.0,10.0,26.0
9.0,10.0,13.0,14.0,12.0,12.0,18.0,10.0,16.0,15.0,23.0,23.0,25.0,18.0,32.0,25.0,33.0,48.0,42.0,23.0,35.0,31.0,33.0,37.0,28.0,38.0,34.0,25.0,32.0,35.0,25.0,19.0,18.0,28.0,32.0,18.0,22.0,36.0,22.0,23.0,15.0,26.0,28.0,17.0,30.0,47.0,45.0,66.0,43.0,38.0,79.0,52.0,68.0,43.0,160.0,291.0,423.0,409.0,407.0,354.0,360.0,308.0,388.0,353.0,422.0,432.0,385.0,381.0,384.0,402.0,405.0,338.0,302.0,179.0,133.0,70.0,54.0,45.0,20.0,44.0,36.0,13.0,13.0,20.0,33.0,32.0,23.0,20.0,13.0,29.0,54.0,27.0,43.0,29.0,37.0,39.0,49.0,37.0,35.0,32.0,41.0,26.0,21.0,36.0,38.0,34.0,29.0,32.0,32.0,30.0,29.0,23.0,27.0,26.0,26.0,24.0,18.0,29.0,27.0,23.0,23.0,21.0,22.0,20.0,31.0,17.0,22.0,22.0,19.0,19.0,18.0,15.0,17.0,27.0,16.0,17.0,15.0,16.0,14.0,9.0,15.0,9.0,29.0,10.0,37.0,7.0,12.0,15.0,24.0,21.0,16.0,22.0,39.0,22.0,21.0,32.0,30.0,18.0,38.0,16.0,19.0,33.0,26.0,33.0,25.0,36.0,23.0,21.0,20.0,11.0,21.0,20.0
14.0,15.0,11.0,12.0,17.0,14.0,14.0,25.0,15.0,30.0,15.0,14.0,10.0,15.0,26.0,13.0,19.0,21.0,22.0,19.0,12.0,38.0,12.0,22.0,15.0,16.0,10.0,12.0,12.0,15.0,17.0,17.0,6.0,16.0,25.0,18.0,26.0,13.0,12.0,16.0,10.0,12.0,12.0,20.0,24.0,30.0,48.0,44.0,45.0,51.0,41.0,53.0,34.0,54.0,174.0,326.0,361.0,369.0,392.0,381.0,374.0,382.0,362.0,329.0,331.0,369.0,334.0,360.0,385.0,380.0,328.0,262.0,234.0,161.0,54.0,15.0,11.0,24.0,25.0,18.0,16.0,29.0,18.0,14.0,9.0,27.0,29.0,37.0,14.0,30.0,53.0,50.0,50.0,59.0,70.0,61.0,19.0,34.0,36.0,63.0,50.0,48.0,42.0,39.0,38.0,40.0,71.0,39.0,49.0,38.0,23.0,28.0,35.0,47.0,34.0,40.0,33.0,31.0,18.0,22.0,25.0,28.0,22.0,16.0,37.0,16.0,16.0,17.0,23.0,12.0,19.0,30.0,13.0,21.0,26.0,31.0,14.0,17.0,20.0,14.0,14.0,19.0,19.0,20.0,37.0,31.0,33.0,11.0,12.0,33.0,15.0,28.0,19.0,28.0,26.0,21.0,29.0,30.0,27.0,13.0,12.0,27.0,33.0,55.0,13.0,27.0,25.0,38.0,22.0,33.0,46.0,15.0
18.0,11.0,15.0,32.0,20.0,15.0,20.0,12.0,12.0,15.0,16.0,9.0,13.0,24.0,10.0,14.0,12.0,75.0,35.0,39.0,40.0,32.0,28.0,32.0,28.0,16.0,15.0,6.0,15.0,18.0,25.0,15.0,8.0,25.0,14.0,15.0,7.0,14.0,12.0,12.0,21.0,12.0,21.0,14.0,23.0,21.0,16.0,8.0,19.0,20.0,10.0,20.0,14.0,18.0,18.0,16.0,4.0,8.0,18.0,13.0,11.0,9.0,21.0,15.0,38.0,21.0,6.0,14.0,7.0,30.0,17.0,60.0,75.0,53.0,57.0,31.0,36.0,50.0,126.0,333.0,357.0,394.0,413.0,402.0,406.0,398.0,366.0,344.0,363.0,382.0,365.0,372.0,366.0,378.0,341.0,344.0,253.0,118.0,34.0,17.0,16.0,22.0,11.0,22.0,13.0,20.0,16.0,9.0,12.0,12.0,29.0,26.0,56.0,33.0,57.0,52.0,47.0,56.0,60.0,42.0,30.0,23.0,41.0,45.0,45.0,45.0,49.0,33.0,38.0,23.0,33.0,23.0,28.0,45.0,36.0,37.0,24.0,28.0,24.0,27.0,15.0,27.0,16.0,14.0,26.0,20.0,30.0,21.0,23.0,29.0,14.0,19.0,16.0,12.0,14.0,26.0,19.0,27.0,20.0,19.0,15.0,15.0,14.0,17.0,17.0,10.0,22.0,27.0,21.0,16.0,12.0,15.0
15.0,13.0,19.0,20.0,26.0,7.0,15.0,12.0,14.0,11.0,20.0,16.0,21.0,8.0,9.0,12.0,24.0,23.0,19.0,17.0,15.0,20.0,21.0,13.0,14.0,10.0,13.0,17.0,10.0,15.0,14.0,10.0,17.0,14.0,12.0,14.0,27.0,12.0,9.0,13.0,17.0,8.0,22.0,12.0,10.0,18.0,18.0,14.0,34.0,10.0,12.0,13.0,22.0,15.0,16.0,16.0,14.0,15.0,22.0,9.0,12.0,2.0,21.0,11.0,17.0,8.0,14.0,25.0,15.0,19.0,30.0,19.0,8.0,11.0,11.0,26.0,17.0,14.0,18.0,22.0,43.0,82.0,60.0,85.0,66.0,43.0,41.0,51.0,42.0,45.0,97.0,189.0,330.0,313.0,322.0,339.0,425.0,261.0,366.0,405.0,460.0,335.0,352.0,398.0,417.0,439.0,393.0,310.0,252.0,189.0,136.0,38.0,31.0,19.0,25.0,29.0,23.0,40.0,36.0,46.0,25.0,33.0,40.0,26.0,20.0,20.0,16.0,27.0,30.0,24.0,36.0,43.0,22.0,43.0,30.0,32.0,44.0,36.0,36.0,48.0,29.0,35.0,49.0,37.0,28.0,37.0,26.0,28.0,18.0,17.0,16.0,14.0,33.0,14.0,24.0,19.0,11.0,15.0,18.0,16.0,23.0,11.0,12.0,15.0,19.0,19.0,17.0,13.0,19.0,15.0,19.0,22.0
26.0,13.0,8.0,9.0,8.0,23.0,10.0,23.0,3.0,8.0,9.0,14.0,8.0,12.0,10.0,15.0,10.0,21.0,6.0,15.0,10.0,14.0,6.0,17.0,15.0,21.0,10.0,19.0,13.0,5.0,12.0,15.0,12.0,13.0,1.0,18.0,12.0,14.0,9.0,19.0,18.0,9.0,12.0,9.0,6.0,10.0,13.0,11.0,4.0,17.0,14.0,13.0,51.0,34.0,52.0,52.0,42.0,39.0,52.0,36.0,87.0,256.0,299.0,283.0,293.0,301.0,290.0,318.0,317.0,306.0,295.0,331.0,340.0,347.0,346.0,369.0,349.0,342.0,319.0,286.0,223.0,101.0,47.0,17.0,22.0,38.0,20.0,33.0,16.0,18.0,25.0,26.0,18.0,33.0,8.0,12.0,15.0,20.0,32.0,24.0,66.0,41.0,48.0,56.0,69.0,38.0,29.0,34.0,49.0,22.0,43.0,35.0,29.0,45.0,28.0,35.0,43.0,36.0,26.0,44.0,24.0,33.0,30.0,31.0,23.0,35.0,31.0,37.0,28.0,30.0,38.0,32.0,24.0,24.0,18.0,33.0,31.0,32.0,33.0,33.0,19.0,29.0,25.0,25.0,16.0,17.0,10.0,23.0,12.0,37.0,33.0,23.0,19.0,31.0,34.0,21.0,20.0,28.0,23.0,14.0,18.0,18.0,13.0,17.0,26.0,18.0,27.0,21.0,44.0,18.0,21.0,24.0
14.0,19.0,22.0,14.0,6.0,14.0,11.0,27.0,12.0,18.0,14.0,8.0,12.0,8.0,17.0,16.0,11.0,19.0,17.0,14.0,12.0,8.0,20.0,11.0,12.0,6.0,10.0,13.0,13.0,12.0,12.0,14.0,12.0,33.0,12.0,25.0,16.0,12.0,13.0,10.0,18.0,14.0,16.0,27.0,41.0,29.0,28.0,48.0,44.0,19.0,33.0,25.0,33.0,74.0,210.0,363.0,301.0,359.0,316.0,321.0,341.0,306.0,359.0,329.0,332.0,387.0,357.0,352.0,364.0,347.0,281.0,194.0,87.0,42.0,37.0,31.0,35.0,24.0,31.0,20.0,32.0,23.0,30.0,24.0,26.0,26.0,31.0,26.0,27.0,51.0,33.0,47.0,28.0,53.0,42.0,54.0,43.0,45.0,58.0,42.0,42.0,49.0,34.0,34.0,47.0,46.0,29.0,22.0,36.0,35.0,19.0,32.0,44.0,21.0,24.0,19.0,21.0,18.0,13.0,24.0,11.0,17.0,15.0,32.0,24.0,23.0,28.0,20.0,24.0,17.0,25.0,17.0,19.0,19.0,33.0,13.0,29.0,25.0,18.0,19.0,13.0,15.0,32.0,13.0,24.0,16.0,23.0,23.0,15.0,27.0,13.0,13.0,20.0,19.0,11.0,19.0,17.0,12.0,21.0,6.0,15.0,23.0,20.0,19.0,19.0,13.0,14.0,14.0,16.0,16.0,15.0,19.0
12.0,13.0,15.0,9.0,21.0,9.0,17.0,9.0,16.0,12.0,17.0,17.0,21.0,16.0,13.0,15.0,14.0,7.0,18.0,13.0,16.0,12.0,10.0,6.0,22.0,29.0,19.0,13.0,8.0,16.0,23.0,16.0,17.0,17.0,21.0,31.0,17.0,28.0,20.0,24.0,18.0,24.0,24.0,22.0,26.0,23.0,66.0,69.0,27.0,39.0,42.0,19.0,37.0,38.0,38.0,86.0,248.0,119.0,300.0,230.0,330.0,247.0,318.0,250.0,278.0,325.0,303.0,332.0,297.0,306.0,314.0,319.0,306.0,255.0,184.0,109.0,51.0,50.0,18.0,22.0,12.0,24.0,13.0,12.0,20.0,18.0,7.0,6.0,10.0,21.0,17.0,27.0,26.0,26.0,37.0,37.0,31.0,50.0,32.0,30.0,40.0,44.0,64.0,35.0,28.0,39.0,26.0,27.0,25.0,43.0,25.0,50.0,22.0,53.0,24.0,22.0,18.0,22.0,16.0,39.0,28.0,11.0,19.0,19.0,29.0,16.0,17.0,23.0,19.0,18.0,23.0,25.0,19.0,14.0,20.0,14.0,22.0,18.0,13.0,16.0,9.0,15.0,10.0,12.0,20.0,11.0,15.0,24.0,11.0,22.0,18.0,8.0,9.0,27.0,11.0,16.0,18.0,10.0,16.0,15.0,17.0,7.0,19.0,14.0,10.0,13.0,23.0,23.0,16.0,18.0,15.0,10.0
14.0,18.0,27.0,12.0,14.0,17.0,32.0,17.0,16.0,9.0,12.0,29.0,12.0,19.0,16.0,15.0,6.0,16.0,7.0,22.0,14.0,14.0,8.0,23.0,11.0,20.0,9.0,18.0,15.0,12.0,8.0,8.0,25.0,18.0,43.0,30.0,74.0,38.0,35.0,30.0,66.0,183.0,405.0,355.0,129.0,180.0,249.0,394.0,322.0,247.0,270.0,261.0,269.0,264.0,251.0,255.0,278.0,280.0,297.0,302.0,314.0,326.0,306.0,289.0,158.0,88.0,43.0,15.0,13.0,14.0,6.0,13.0,24.0,19.0,20.0,15.0,23.0,19.0,18.0,13.0,22.0,19.0,13.0,20.0,28.0,42.0,53.0,30.0,60.0,33.0,28.0,34.0,44.0,39.0,46.0,36.0,37.0,25.0,33.0,35.0,28.0,24.0,31.0,32.0,24.0,19.0,29.0,30.0,24.0,24.0,23.0,21.0,18.0,18.0,26.0,22.0,20.0,16.0,18.0,17.0,17.0,23.0,30.0,15.0,17.0,24.0,13.0,15.0,17.0,15.0,22.0,13.0,10.0,14.0,15.0,9.0,18.0,7.0,15.0,15.0,22.0,9.0,10.0,11.0,16.0,16.0,15.0,15.0,18.0,15.0,15.0,23.0,17.0,16.0,13.0,16.0,21.0,8.0,9.0,12.0,9.0,18.0,9.0,15.0,10.0,18.0,15.0,37.0,8.0,24.0,13.0,17.0
10.0,21.0,16.0,16.0,14.0,14.0,12.0,13.0,19.0,28.0,14.0,8.0,24.0,13.0,8.0,13.0,19.0,9.0,16.0,10.0,21.0,14.0,19.0,6.0,15.0,5.0,9.0,15.0,16.0,15.0,15.0,23.0,12.0,19.0,35.0,57.0,69.0,63.0,38.0,34.0,41.0,35.0,28.0,27.0,28.0,69.0,159.0,264.0,265.0,310.0,319.0,328.0,361.0,359.0,365.0,386.0,357.0,343.0,355.0,382.0,403.0,376.0,324.0,296.0,191.0,70.0,22.0,18.0,26.0,25.0,17.0,16.0,15.0,13.0,24.0,19.0,29.0,13.0,24.0,15.0,35.0,19.0,23.0,29.0,44.0,34.0,69.0,34.0,34.0,46.0,31.0,32.0,32.0,34.0,39.0,24.0,26.0,44.0,62.0,36.0,24.0,30.0,22.0,25.0,18.0,28.0,32.0,20.0,14.0,24.0,18.0,17.0,21.0,19.0,22.0,16.0,18.0,22.0,18.0,21.0,12.0,22.0,14.0,22.0,21.0,24.0,27.0,22.0,28.0,31.0,13.0,24.0,9.0,16.0,17.0,7.0,12.0,24.0,15.0,14.0,12.0,13.0,11.0,7.0,16.0,15.0,13.0,16.0,16.0,12.0,10.0,23.0,21.0,18.0,11.0,12.0,25.0,28.0,17.0,9.0,12.0,24.0,22.0,20.0,8.0,23.0,20.0,12.0,22.0,16.0,30.0,18.0
30.0,12.0,10.0,18.0,21.0,3.0,9.0,8.0,13.0,27.0,26.0,23.0,19.0,21.0,19.0,46.0,57.0,61.0,33.0,35.0,32.0,19.0,39.0,27.0,34.0,24.0,18.0,8.0,13.0,16.0,18.0,23.0,51.0,53.0,71.0,71.0,63.0,48.0,62.0,52.0,53.0,46.0,23.0,28.0,58.0,38.0,25.0,19.0,12.0,17.0,15.0,21.0,17.0,24.0,25.0,17.0,17.0,12.0,12.0,23.0,12.0,17.0,23.0,12.0,8.0,11.0,41.0,56.0,97.0,69.0,81.0,779.0,372.0,302.0,152.0,60.0,54.0,210.0,316.0,302.0,363.0,329.0,336.0,315.0,384.0,330.0,329.0,324.0,300.0,298.0,322.0,334.0,285.0,192.0,107.0,44.0,43.0,22.0,31.0,12.0,11.0,14.0,35.0,10.0,9.0,8.0,36.0,7.0,15.0,22.0,29.0,45.0,42.0,50.0,35.0,22.0,56.0,35.0,52.0,75.0,41.0,73.0,50.0,34.0,38.0,35.0,26.0,29.0,28.0,22.0,24.0,24.0,56.0,45.0,39.0,24.0,46.0,17.0,29.0,30.0,23.0,22.0,19.0,21.0,15.0,11.0,15.0,18.0,14.0,11.0,21.0,30.0,8.0,16.0,21.0,13.0,24.0,12.0,24.0,10.0,11.0,14.0,7.0,19.0,15.0,10.0,9.0,14.0,16.0,21.0,29.0,10.0
30.0,36.0,26.0,37.0,35.0,38.0,44.0,35.0,39.0,31.0,30.0,42.0,47.0,15.0,37.0,55.0,42.0,48.0,42.0,44.0,37.0,33.0,33.0,39.0,27.0,28.0,31.0,30.0,24.0,29.0,26.0,23.0,25.0,28.0,27.0,20.0,20.0,38.0,27.0,30.0,30.0,36.0,25.0,31.0,36.0,34.0,40.0,40.0,44.0,48.0,58.0,69.0,42.0,64.0,91.0,45.0,31.0,47.0,50.0,111.0,226.0,54.0,31.0,155.0,264.0,400.0,338.0,328.0,324.0,396.0,372.0,373.0,345.0,374.0,328.0,391.0,365.0,349.0,309.0,250.0,179.0,151.0,63.0,22.0,25.0,16.0,19.0,9.0,13.0,33.0,15.0,15.0,18.0,11.0,15.0,15.0,19.0,15.0,16.0,31.0,50.0,55.0,65.0,78.0,27.0,32.0,21.0,30.0,19.0,31.0,59.0,34.0,50.0,40.0,30.0,31.0,26.0,38.0,42.0,36.0,32.0,37.0,36.0,25.0,25.0,24.0,34.0,22.0,22.0,15.0,24.0,36.0,21.0,24.0,25.0,34.0,39.0,30.0,28.0,22.0,21.0,27.0,32.0,28.0,24.0,28.0,14.0,15.0,26.0,12.0,16.0,21.0,23.0,20.0,23.0,31.0,15.0,18.0,24.0,20.0,15.0,13.0,15.0,20.0,18.0,22.0,24.0,18.0,18.0,26.0,19.0,20.0
15.0,12.0,19.0,19.0,18.0,27.0,18.0,24.0,14.0,13.0,19.0,16.0,20.0,23.0,19.0,16.0,12.0,20.0,21.0,11.0,18.0,20.0,19.0,13.0,18.0,8.0,11.0,18.0,15.0,10.0,9.0,25.0,17.0,13.0,15.0,23.0,14.0,15.0,8.0,24.0,21.0,17.0,14.0,10.0,13.0,12.0,17.0,24.0,9.0,24.0,30.0,30.0,37.0,71.0,55.0,49.0,245.0,228.0,88.0,154.0,53.0,29.0,65.0,204.0,329.0,364.0,357.0,373.0,386.0,398.0,395.0,410.0,427.0,392.0,486.0,448.0,411.0,364.0,320.0,210.0,98.0,28.0,28.0,17.0,10.0,12.0,10.0,18.0,12.0,16.0,13.0,22.0,8.0,18.0,10.0,20.0,27.0,28.0,46.0,39.0,54.0,42.0,40.0,35.0,65.0,64.0,64.0,51.0,37.0,40.0,51.0,28.0,33.0,27.0,24.0,22.0,18.0,21.0,32.0,15.0,23.0,21.0,17.0,25.0,15.0,18.0,17.0,15.0,21.0,13.0,26.0,17.0,25.0,22.0,30.0,21.0,17.0,12.0,17.0,12.0,14.0,16.0,12.0,16.0,21.0,13.0,19.0,15.0,14.0,10.0,21.0,16.0,15.0,18.0,19.0,12.0,19.0,38.0,17.0,16.0,8.0,18.0,22.0,17.0,14.0,19.0,12.0,19.0,11.0,15.0,9.0,11.0
9.0,18.0,13.0,12.0,10.0,12.0,22.0,12.0,12.0,13.0,14.0,28.0,18.0,16.0,15.0,16.0,14.0,16.0,13.0,10.0,7.0,15.0,15.0,6.0,9.0,16.0,13.0,16.0,19.0,14.0,14.0,10.0,14.0,21.0,23.0,12.0,8.0,16.0,15.0,17.0,39.0,14.0,12.0,21.0,36.0,21.0,21.0,12.0,11.0,22.0,13.0,17.0,28.0,22.0,21.0,19.0,27.0,32.0,26.0,65.0,54.0,31.0,20.0,34.0,31.0,20.0,22.0,46.0,146.0,157.0,318.0,285.0,311.0,337.0,264.0,289.0,272.0,317.0,338.0,375.0,370.0,365.0,380.0,337.0,323.0,234.0,167.0,77.0,61.0,12.0,23.0,14.0,20.0,17.0,23.0,16.0,12.0,15.0,13.0,14.0,29.0,11.0,20.0,34.0,36.0,39.0,32.0,77.0,52.0,39.0,48.0,50.0,32.0,23.0,30.0,50.0,43.0,24.0,38.0,37.0,36.0,38.0,32.0,25.0,36.0,22.0,24.0,20.0,23.0,20.0,17.0,9.0,23.0,10.0,24.0,14.0,16.0,19.0,24.0,25.0,12.0,22.0,16.0,10.0,16.0,12.0,9.0,19.0,23.0,10.0,19.0,25.0,15.0,8.0,14.0,19.0,14.0,14.0,15.0,19.0,30.0,18.0,15.0,15.0,18.0,15.0,10.0,24.0,12.0,19.0,12.0,29.0
17.0,14.0,12.0,30.0,19.0,15.0,15.0,9.0,19.0,8.0,15.0,9.0,14.0,8.0,4.0,18.0,7.0,8.0,9.0,17.0,8.0,13.0,22.0,15.0,21.0,19.0,5.0,19.0,14.0,14.0,18.0,12.0,19.0,20.0,15.0,27.0,9.0,20.0,14.0,12.0,8.0,5.0,34.0,19.0,46.0,61.0,45.0,38.0,29.0,26.0,29.0,32.0,63.0,121.0,273.0,310.0,347.0,379.0,385.0,384.0,392.0,352.0,401.0,390.0,405.0,407.0,389.0,373.0,326.0,232.0,195.0,147.0,53.0,20.0,32.0,15.0,16.0,13.0,30.0,18.0,13.0,28.0,14.0,10.0,14.0,16.0,13.0,21.0,32.0,32.0,49.0,53.0,30.0,46.0,33.0,49.0,52.0,61.0,55.0,60.0,96.0,65.0,56.0,29.0,53.0,38.0,31.0,51.0,52.0,42.0,27.0,24.0,29.0,31.0,21.0,18.0,24.0,38.0,27.0,28.0,31.0,29.0,29.0,37.0,30.0,24.0,23.0,20.0,22.0,19.0,20.0,26.0,24.0,26.0,22.0,36.0,24.0,30.0,18.0,19.0,19.0,22.0,24.0,27.0,15.0,25.0,17.0,14.0,15.0,24.0,18.0,15.0,18.0,13.0,16.0,17.0,15.0,39.0,29.0,30.0,33.0,33.0,28.0,21.0,21.0,21.0,30.0,15.0,30.0,28.0,14.0,30.0
23.0,10.0,28.0,12.0,18.0,10.0,21.0,10.0,16.0,15.0,16.0,26.0,21.0,17.0,17.0,18.0,6.0,20.0,18.0,20.0,33.0,18.0,15.0,16.0,21.0,25.0,29.0,18.0,16.0,27.0,13.0,16.0,19.0,25.0,22.0,27.0,21.0,18.0,13.0,14.0,13.0,29.0,10.0,17.0,17.0,9.0,17.0,10.0,11.0,20.0,12.0,14.0,16.0,15.0,14.0,14.0,23.0,10.0,7.0,7.0,10.0,15.0,16.0,62.0,56.0,44.0,66.0,51.0,50.0,48.0,43.0,22.0,26.0,56.0,177.0,307.0,320.0,351.0,388.0,366.0,343.0,390.0,352.0,321.0,322.0,328.0,402.0,423.0,411.0,372.0,376.0,256.0,140.0,72.0,42.0,16.0,14.0,40.0,12.0,24.0,22.0,12.0,16.0,17.0,22.0,14.0,16.0,31.0,25.0,56.0,56.0,49.0,56.0,60.0,55.0,46.0,61.0,52.0,48.0,27.0,40.0,62.0,47.0,58.0,72.0,24.0,34.0,55.0,23.0,27.0,24.0,21.0,31.0,27.0,19.0,26.0,16.0,29.0,26.0,31.0,33.0,26.0,27.0,24.0,30.0,13.0,24.0,30.0,19.0,21.0,21.0,24.0,14.0,22.0,18.0,19.0,21.0,24.0,19.0,22.0,8.0,8.0,19.0,17.0,16.0,18.0,11.0,8.0,33.0,21.0,13.0,30.0
14.0,11.0,8.0,10.0,19.0,12.0,23.0,13.0,14.0,12.0,19.0,12.0,15.0,14.0,15.0,8.0,13.0,4.0,13.0,8.0,21.0,8.0,8.0,11.0,30.0,18.0,5.0,13.0,7.0,8.0,10.0,15.0,19.0,15.0,10.0,14.0,30.0,20.0,16.0,22.0,12.0,18.0,38.0,64.0,42.0,22.0,36.0,27.0,27.0,29.0,20.0,68.0,121.0,213.0,248.0,293.0,289.0,370.0,379.0,393.0,408.0,419.0,407.0,383.0,371.0,314.0,288.0,306.0,347.0,279.0,180.0,76.0,27.0,21.0,29.0,39.0,39.0,32.0,29.0,28.0,32.0,23.0,31.0,13.0,32.0,23.0,21.0,22.0,22.0,40.0,29.0,51.0,31.0,30.0,25.0,27.0,23.0,37.0,23.0,27.0,21.0,26.0,24.0,40.0,26.0,31.0,19.0,23.0,17.0,22.0,20.0,25.0,26.0,15.0,30.0,33.0,25.0,18.0,14.0,22.0,20.0,20.0,18.0,28.0,20.0,14.0,38.0,18.0,16.0,19.0,6.0,15.0,24.0,28.0,20.0,8.0,11.0,13.0,16.0,13.0,16.0,17.0,14.0,11.0,25.0,16.0,28.0,16.0,14.0,14.0,11.0,11.0,13.0,15.0,41.0,20.0,15.0,21.0,3.0,16.0,16.0,21.0,16.0,16.0,16.0,19.0,16.0,10.0,9.0,4.0,18.0,11.0
20.0,13.0,6.0,18.0,14.0,8.0,15.0,8.0,19.0,9.0,17.0,11.0,17.0,10.0,20.0,7.0,18.0,13.0,13.0,10.0,15.0,14.0,20.0,12.0,9.0,18.0,12.0,24.0,16.0,16.0,12.0,14.0,19.0,12.0,13.0,13.0,14.0,9.0,27.0,8.0,6.0,10.0,4.0,13.0,9.0,17.0,16.0,12.0,15.0,22.0,14.0,15.0,13.0,7.0,10.0,26.0,25.0,15.0,34.0,12.0,23.0,9.0,21.0,13.0,19.0,23.0,29.0,39.0,58.0,30.0,42.0,38.0,41.0,34.0,53.0,41.0,70.0,249.0,319.0,297.0,311.0,331.0,325.0,359.0,365.0,355.0,373.0,374.0,352.0,373.0,369.0,343.0,276.0,201.0,181.0,102.0,32.0,14.0,16.0,21.0,22.0,11.0,17.0,15.0,15.0,14.0,7.0,31.0,15.0,26.0,17.0,26.0,33.0,54.0,54.0,36.0,36.0,32.0,36.0,38.0,25.0,28.0,22.0,25.0,26.0,29.0,36.0,17.0,31.0,18.0,16.0,17.0,16.0,10.0,19.0,30.0,26.0,21.0,38.0,15.0,17.0,30.0,25.0,27.0,22.0,19.0,16.0,26.0,12.0,15.0,25.0,20.0,10.0,13.0,14.0,24.0,30.0,18.0,11.0,9.0,13.0,16.0,14.0,14.0,14.0,11.0,13.0,25.0,9.0,17.0,17.0,14.0
15.0,22.0,34.0,19.0,24.0,33.0,30.0,26.0,15.0,19.0,12.0,5.0,15.0,16.0,26.0,15.0,16.0,13.0,20.0,12.0,28.0,14.0,11.0,11.0,24.0,17.0,13.0,24.0,13.0,13.0,29.0,17.0,25.0,17.0,14.0,7.0,17.0,10.0,20.0,9.0,15.0,8.0,14.0,17.0,46.0,47.0,50.0,33.0,43.0,35.0,38.0,32.0,56.0,145.0,295.0,279.0,276.0,310.0,263.0,297.0,299.0,344.0,332.0,366.0,393.0,376.0,364.0,315.0,216.0,142.0,34.0,67.0,15.0,15.0,21.0,10.0,14.0,44.0,19.0,15.0,24.0,13.0,15.0,16.0,12.0,20.0,15.0,20.0,27.0,36.0,31.0,36.0,52.0,31.0,62.0,30.0,63.0,44.0,29.0,22.0,30.0,30.0,51.0,37.0,36.0,45.0,41.0,41.0,51.0,22.0,23.0,21.0,24.0,17.0,47.0,17.0,19.0,15.0,13.0,18.0,12.0,29.0,25.0,16.0,36.0,23.0,19.0,18.0,17.0,22.0,6.0,12.0,21.0,13.0,10.0,15.0,12.0,23.0,8.0,13.0,12.0,13.0,13.0,13.0,5.0,29.0,21.0,13.0,25.0,14.0,8.0,10.0,8.0,13.0,18.0,9.0,8.0,10.0,16.0,14.0,13.0,14.0,16.0,27.0,12.0,13.0,34.0,16.0,27.0,23.0,11.0,14.0
19.0,11.0,15.0,23.0,9.0,18.0,16.0,29.0,14.0,27.0,13.0,27.0,14.0,52.0,28.0,19.0,26.0,17.0,20.0,29.0,8.0,28.0,12.0,17.0,11.0,12.0,13.0,15.0,24.0,17.0,9.0,14.0,16.0,7.0,14.0,5.0,19.0,17.0,35.0,41.0,47.0,31.0,72.0,42.0,80.0,36.0,48.0,49.0,43.0,99.0,252.0,342.0,343.0,326.0,325.0,306.0,330.0,373.0,367.0,335.0,352.0,339.0,321.0,303.0,301.0,228.0,144.0,64.0,58.0,43.0,20.0,27.0,18.0,20.0,20.0,10.0,11.0,26.0,16.0,15.0,15.0,12.0,36.0,32.0,28.0,44.0,43.0,60.0,47.0,47.0,49.0,30.0,63.0,73.0,53.0,41.0,33.0,25.0,32.0,33.0,38.0,33.0,20.0,18.0,24.0,25.0,26.0,28.0,24.0,37.0,18.0,21.0,21.0,29.0,19.0,33.0,31.0,35.0,35.0,20.0,21.0,21.0,18.0,33.0,15.0,15.0,16.0,19.0,30.0,14.0,24.0,34.0,28.0,17.0,30.0,28.0,35.0,38.0,37.0,36.0,39.0,37.0,35.0,36.0,34.0,45.0,24.0,29.0,31.0,28.0,23.0,22.0,17.0,26.0,15.0,30.0,49.0,17.0,23.0,15.0,12.0,15.0,20.0,16.0,16.0,10.0,24.0,19.0,31.0,19.0,19.0,25.0
17.0,24.0,18.0,17.0,12.0,21.0,11.0,15.0,17.0,26.0,11.0,30.0,6.0,14.0,16.0,17.0,19.0,13.0,19.0,21.0,22.0,12.0,5.0,8.0,10.0,12.0,14.0,9.0,13.0,13.0,12.0,7.0,16.0,14.0,14.0,18.0,18.0,28.0,47.0,71.0,49.0,38.0,39.0,44.0,31.0,26.0,52.0,43.0,63.0,174.0,295.0,324.0,338.0,314.0,348.0,348.0,338.0,370.0,358.0,323.0,344.0,340.0,351.0,304.0,217.0,183.0,83.0,47.0,26.0,20.0,25.0,16.0,17.0,12.0,16.0,12.0,14.0,18.0,10.0,15.0,18.0,22.0,32.0,14.0,34.0,34.0,28.0,47.0,32.0,36.0,26.0,26.0,16.0,26.0,31.0,49.0,50.0,29.0,22.0,24.0,27.0,35.0,42.0,29.0,28.0,41.0,37.0,23.0,24.0,21.0,24.0,13.0,14.0,18.0,19.0,13.0,23.0,13.0,11.0,15.0,14.0,19.0,11.0,6.0,16.0,17.0,12.0,22.0,14.0,13.0,17.0,21.0,18.0,17.0,20.0,31.0,10.0,15.0,17.0,11.0,4.0,8.0,14.0,14.0,15.0,25.0,12.0,13.0,11.0,14.0,18.0,8.0,15.0,13.0,14.0,13.0,14.0,18.0,11.0,12.0,15.0,24.0,11.0,13.0,11.0,11.0,9.0,15.0,14.0,11.0,16.0,13.0
26.0,16.0,15.0,13.0,22.0,27.0,18.0,17.0,27.0,20.0,12.0,21.0,14.0,13.0,12.0,11.0,12.0,8.0,12.0,23.0,9.0,13.0,12.0,27.0,38.0,27.0,31.0,27.0,14.0,11.0,28.0,17.0,17.0,13.0,15.0,10.0,19.0,13.0,9.0,19.0,8.0,21.0,17.0,38.0,56.0,51.0,41.0,44.0,34.0,44.0,124.0,281.0,368.0,390.0,383.0,360.0,366.0,393.0,413.0,418.0,395.0,379.0,399.0,429.0,377.0,396.0,397.0,370.0,366.0,338.0,293.0,103.0,55.0,39.0,13.0,20.0,34.0,30.0,21.0,38.0,15.0,26.0,23.0,26.0,22.0,32.0,30.0,25.0,30.0,49.0,57.0,45.0,41.0,45.0,43.0,42.0,32.0,41.0,41.0,36.0,40.0,40.0,23.0,31.0,44.0,36.0,34.0,26.0,48.0,46.0,35.0,38.0,33.0,36.0,35.0,28.0,20.0,23.0,33.0,18.0,24.0,27.0,29.0,27.0,24.0,18.0,15.0,18.0,22.0,19.0,33.0,19.0,25.0,34.0,41.0,24.0,26.0,30.0,34.0,18.0,22.0,24.0,16.0,24.0,25.0,27.0,17.0,22.0,26.0,20.0,17.0,17.0,20.0,23.0,16.0,8.0,11.0,6.0,28.0,9.0,13.0,11.0,15.0,12.0,18.0,12.0,19.0,9.0,32.0,30.0,21.0,5.0
30.0,12.0,20.0,27.0,24.0,34.0,17.0,15.0,26.0,29.0,14.0,17.0,11.0,15.0,11.0,10.0,15.0,8.0,14.0,6.0,26.0,27.0,13.0,12.0,18.0,8.0,10.0,15.0,11.0,19.0,12.0,11.0,21.0,18.0,20.0,31.0,8.0,14.0,35.0,43.0,36.0,39.0,36.0,33.0,24.0,28.0,38.0,103.0,220.0,295.0,328.0,360.0,434.0,424.0,429.0,431.0,415.0,397.0,388.0,414.0,425.0,429.0,361.0,346.0,300.0,271.0,304.0,244.0,135.0,65.0,23.0,16.0,12.0,8.0,6.0,12.0,19.0,15.0,12.0,12.0,13.0,14.0,23.0,28.0,36.0,33.0,21.0,55.0,35.0,38.0,29.0,26.0,16.0,31.0,31.0,17.0,24.0,28.0,26.0,61.0,39.0,36.0,41.0,23.0,24.0,22.0,18.0,24.0,33.0,15.0,20.0,20.0,17.0,22.0,35.0,18.0,31.0,21.0,15.0,30.0,17.0,11.0,20.0,14.0,26.0,19.0,14.0,27.0,17.0,19.0,19.0,6.0,17.0,29.0,16.0,10.0,30.0,27.0,32.0,27.0,22.0,17.0,17.0,26.0,9.0,19.0,29.0,19.0,42.0,14.0,19.0,25.0,12.0,11.0,22.0,15.0,10.0,20.0,16.0,12.0,19.0,15.0,9.0,17.0,18.0,12.0,15.0,25.0,24.0,31.0,11.0,17.0
19.0,17.0,25.0,14.0,25.0,27.0,26.0,16.0,20.0,20.0,14.0,21.0,24.0,16.0,21.0,24.0,40.0,16.0,32.0,17.0,23.0,37.0,33.0,45.0,21.0,33.0,27.0,25.0,24.0,16.0,18.0,25.0,14.0,24.0,26.0,21.0,30.0,19.0,21.0,14.0,23.0,12.0,21.0,12.0,14.0,9.0,48.0,40.0,66.0,54.0,50.0,34.0,44.0,37.0,19.0,18.0,40.0,71.0,199.0,284.0,296.0,277.0,374.0,359.0,419.0,445.0,393.0,413.0,424.0,416.0,350.0,330.0,302.0,248.0,189.0,111.0,118.0,60.0,17.0,10.0,5.0,20.0,12.0,12.0,22.0,17.0,15.0,26.0,18.0,29.0,15.0,17.0,24.0,36.0,30.0,28.0,24.0,31.0,24.0,28.0,34.0,39.0,37.0,19.0,36.0,36.0,20.0,42.0,26.0,19.0,37.0,25.0,28.0,27.0,26.0,36.0,24.0,20.0,23.0,25.0,25.0,26.0,26.0,21.0,21.0,15.0,19.0,9.0,22.0,19.0,17.0,6.0,11.0,11.0,18.0,22.0,33.0,18.0,17.0,23.0,17.0,14.0,21.0,17.0,18.0,19.0,21.0,12.0,18.0,9.0,20.0,13.0,13.0,16.0,16.0,38.0,15.0,26.0,23.0,18.0,11.0,16.0,7.0,12.0,7.0,16.0,11.0,14.0,24.0,10.0,17.0,12.0
18.0,14.0,17.0,30.0,25.0,16.0,21.0,15.0,9.0,11.0,22.0,15.0,11.0,8.0,7.0,13.0,25.0,34.0,16.0,31.0,16.0,19.0,13.0,20.0,15.0,22.0,19.0,19.0,17.0,25.0,15.0,25.0,25.0,17.0,22.0,18.0,18.0,9.0,12.0,28.0,25.0,27.0,19.0,15.0,17.0,6.0,20.0,19.0,23.0,22.0,28.0,33.0,23.0,28.0,23.0,29.0,68.0,68.0,179.0,301.0,356.0,397.0,378.0,392.0,414.0,388.0,434.0,430.0,416.0,403.0,420.0,410.0,426.0,411.0,374.0,322.0,320.0,191.0,126.0,92.0,38.0,26.0,34.0,23.0,20.0,27.0,25.0,25.0,31.0,21.0,24.0,17.0,33.0,15.0,12.0,13.0,18.0,18.0,28.0,22.0,19.0,20.0,34.0,45.0,41.0,34.0,39.0,21.0,64.0,31.0,34.0,33.0,42.0,34.0,35.0,52.0,18.0,28.0,21.0,17.0,16.0,16.0,26.0,26.0,22.0,21.0,16.0,22.0,27.0,28.0,18.0,18.0,19.0,18.0,16.0,19.0,42.0,15.0,10.0,16.0,6.0,16.0,19.0,11.0,17.0,13.0,12.0,18.0,14.0,10.0,29.0,16.0,18.0,16.0,10.0,19.0,17.0,9.0,10.0,28.0,18.0,19.0,15.0,4.0,22.0,11.0,9.0,18.0,15.0,7.0,10.0,25.0
19.0,28.0,28.0,15.0,12.0,17.0,15.0,16.0,12.0,15.0,7.0,15.0,8.0,26.0,12.0,29.0,12.0,13.0,15.0,14.0,26.0,16.0,16.0,11.0,14.0,12.0,19.0,8.0,25.0,12.0,15.0,15.0,21.0,24.0,17.0,21.0,15.0,12.0,7.0,15.0,26.0,62.0,103.0,65.0,50.0,36.0,33.0,33.0,17.0,38.0,79.0,191.0,316.0,325.0,308.0,291.0,346.0,328.0,357.0,356.0,325.0,350.0,366.0,322.0,346.0,343.0,304.0,334.0,305.0,282.0,175.0,67.0,22.0,15.0,14.0,23.0,27.0,10.0,18.0,30.0,26.0,36.0,30.0,44.0,23.0,26.0,22.0,33.0,41.0,25.0,41.0,41.0,23.0,27.0,25.0,35.0,26.0,32.0,35.0,22.0,23.0,28.0,16.0,19.0,17.0,27.0,20.0,26.0,34.0,20.0,42.0,15.0,28.0,50.0,18.0,31.0,28.0,32.0,21.0,44.0,32.0,15.0,26.0,14.0,27.0,31.0,18.0,24.0,25.0,15.0,25.0,26.0,27.0,11.0,16.0,20.0,21.0,17.0,26.0,13.0,21.0,12.0,16.0,14.0,14.0,20.0,36.0,14.0,14.0,17.0,13.0,13.0,12.0,18.0,10.0,22.0,29.0,18.0,19.0,13.0,13.0,28.0,12.0,23.0,9.0,7.0,11.0,17.0,32.0,22.0,24.0,19.0
9.0,9.0,15.0,24.0,17.0,13.0,11.0,17.0,18.0,30.0,9.0,14.0,3.0,9.0,15.0,22.0,7.0,25.0,8.0,19.0,23.0,12.0,9.0,12.0,11.0,10.0,15.0,13.0,24.0,6.0,11.0,15.0,6.0,8.0,11.0,6.0,35.0,31.0,44.0,50.0,54.0,65.0,45.0,41.0,42.0,40.0,54.0,33.0,21.0,27.0,45.0,96.0,230.0,285.0,319.0,282.0,351.0,344.0,330.0,347.0,334.0,359.0,347.0,335.0,355.0,344.0,343.0,350.0,307.0,261.0,229.0,79.0,51.0,9.0,20.0,23.0,13.0,15.0,27.0,16.0,11.0,15.0,19.0,22.0,16.0,15.0,21.0,39.0,36.0,30.0,61.0,31.0,37.0,29.0,25.0,30.0,35.0,34.0,55.0,37.0,33.0,53.0,54.0,57.0,23.0,31.0,30.0,32.0,29.0,19.0,19.0,25.0,23.0,17.0,21.0,17.0,30.0,23.0,12.0,21.0,20.0,22.0,21.0,30.0,27.0,23.0,17.0,22.0,27.0,10.0,28.0,20.0,31.0,25.0,26.0,30.0,15.0,14.0,13.0,13.0,17.0,13.0,17.0,20.0,16.0,13.0,11.0,17.0,17.0,12.0,13.0,24.0,20.0,15.0,13.0,11.0,14.0,14.0,12.0,13.0,12.0,20.0,24.0,18.0,12.0,15.0,9.0,19.0,9.0,12.0,11.0,12.0
26.0,28.0,20.0,23.0,25.0,26.0,25.0,34.0,32.0,25.0,40.0,36.0,24.0,34.0,20.0,33.0,26.0,32.0,19.0,26.0,29.0,21.0,30.0,26.0,30.0,14.0,17.0,31.0,31.0,18.0,21.0,26.0,20.0,36.0,14.0,9.0,17.0,13.0,14.0,25.0,15.0,9.0,28.0,38.0,39.0,22.0,44.0,28.0,20.0,38.0,85.0,42.0,47.0,177.0,310.0,360.0,361.0,419.0,403.0,359.0,380.0,384.0,339.0,350.0,329.0,364.0,366.0,373.0,417.0,390.0,379.0,346.0,232.0,85.0,15.0,25.0,11.0,14.0,18.0,16.0,13.0,29.0,31.0,17.0,42.0,54.0,24.0,40.0,38.0,35.0,24.0,26.0,61.0,52.0,64.0,77.0,50.0,86.0,65.0,84.0,107.0,90.0,65.0,90.0,42.0,38.0,49.0,37.0,38.0,33.0,42.0,59.0,36.0,23.0,21.0,30.0,38.0,36.0,26.0,39.0,60.0,54.0,62.0,28.0,25.0,36.0,32.0,46.0,43.0,38.0,34.0,36.0,41.0,33.0,39.0,32.0,40.0,53.0,47.0,43.0,45.0,34.0,106.0,75.0,78.0,95.0,97.0,57.0,23.0,43.0,88.0,45.0,287.0,443.0,425.0,172.0,106.0,130.0,221.0,92.0,102.0,127.0,91.0,137.0,100.0,41.0,76.0,48.0,35.0,66.0,36.0,36.0
24.0,18.0,17.0,18.0,23.0,14.0,22.0,16.0,21.0,13.0,20.0,15.0,18.0,18.0,24.0,15.0,14.0,17.0,14.0,15.0,21.0,25.0,22.0,5.0,17.0,14.0,22.0,22.0,10.0,18.0,16.0,27.0,34.0,12.0,36.0,27.0,34.0,22.0,23.0,26.0,24.0,25.0,16.0,13.0,14.0,13.0,28.0,12.0,17.0,16.0,30.0,20.0,22.0,6.0,73.0,41.0,57.0,47.0,33.0,56.0,38.0,160.0,695.0,872.0,203.0,114.0,327.0,342.0,248.0,302.0,342.0,360.0,366.0,364.0,329.0,299.0,319.0,363.0,351.0,323.0,308.0,276.0,233.0,171.0,136.0,28.0,19.0,13.0,18.0,10.0,8.0,8.0,6.0,16.0,12.0,17.0,19.0,25.0,34.0,30.0,35.0,30.0,23.0,30.0,47.0,27.0,29.0,23.0,42.0,31.0,34.0,35.0,15.0,25.0,27.0,19.0,21.0,22.0,19.0,20.0,21.0,21.0,23.0,16.0,22.0,16.0,20.0,15.0,24.0,24.0,14.0,12.0,23.0,17.0,14.0,11.0,12.0,16.0,11.0,13.0,18.0,17.0,15.0,20.0,21.0,14.0,14.0,15.0,32.0,44.0,27.0,25.0,24.0,11.0,16.0,22.0,18.0,8.0,16.0,10.0,14.0,17.0,19.0,15.0,9.0,12.0,11.0,13.0,22.0,8.0,14.0,14.0
18.0,20.0,22.0,21.0,25.0,47.0,26.0,26.0,26.0,20.0,32.0,38.0,17.0,33.0,40.0,25.0,28.0,38.0,47.0,21.0,32.0,22.0,16.0,9.0,21.0,21.0,17.0,17.0,17.0,13.0,21.0,15.0,19.0,21.0,20.0,6.0,31.0,27.0,23.0,21.0,27.0,31.0,23.0,24.0,22.0,18.0,19.0,17.0,14.0,26.0,21.0,31.0,14.0,30.0,39.0,34.0,42.0,20.0,42.0,57.0,130.0,269.0,343.0,366.0,337.0,364.0,376.0,375.0,330.0,359.0,350.0,369.0,372.0,357.0,360.0,369.0,420.0,375.0,325.0,251.0,131.0,57.0,27.0,13.0,23.0,19.0,16.0,29.0,19.0,21.0,14.0,21.0,20.0,26.0,21.0,38.0,26.0,25.0,49.0,40.0,33.0,28.0,27.0,45.0,30.0,32.0,26.0,31.0,63.0,31.0,28.0,32.0,25.0,24.0,20.0,25.0,19.0,27.0,36.0,13.0,31.0,24.0,21.0,24.0,24.0,19.0,16.0,22.0,23.0,23.0,17.0,34.0,22.0,23.0,22.0,13.0,22.0,24.0,16.0,20.0,22.0,25.0,24.0,15.0,24.0,40.0,20.0,23.0,12.0,21.0,10.0,13.0,13.0,14.0,21.0,17.0,8.0,15.0,16.0,15.0,13.0,22.0,28.0,15.0,11.0,14.0,18.0,11.0,16.0,9.0,13.0,34.0
20.0,15.0,27.0,25.0,24.0,21.0,20.0,19.0,27.0,16.0,21.0,13.0,8.0,22.0,16.0,11.0,21.0,15.0,25.0,12.0,12.0,9.0,21.0,16.0,24.0,21.0,26.0,16.0,21.0,31.0,41.0,32.0,40.0,41.0,49.0,38.0,35.0,42.0,50.0,45.0,37.0,27.0,22.0,25.0,62.0,54.0,71.0,117.0,66.0,86.0,71.0,42.0,32.0,91.0,174.0,341.0,377.0,418.0,398.0,401.0,383.0,390.0,411.0,396.0,404.0,422.0,418.0,375.0,432.0,389.0,410.0,407.0,374.0,308.0,163.0,62.0,46.0,25.0,20.0,25.0,26.0,33.0,33.0,43.0,44.0,23.0,19.0,19.0,38.0,21.0,44.0,40.0,29.0,45.0,46.0,37.0,50.0,47.0,45.0,34.0,49.0,55.0,67.0,33.0,58.0,45.0,47.0,30.0,46.0,45.0,36.0,20.0,30.0,27.0,40.0,21.0,31.0,25.0,20.0,51.0,23.0,18.0,15.0,20.0,18.0,38.0,24.0,20.0,23.0,16.0,27.0,14.0,20.0,15.0,33.0,22.0,26.0,26.0,16.0,14.0,22.0,19.0,32.0,25.0,23.0,31.0,22.0,40.0,64.0,47.0,38.0,41.0,38.0,50.0,32.0,33.0,26.0,22.0,42.0,25.0,23.0,30.0,24.0,27.0,15.0,19.0,29.0,17.0,21.0,21.0,11.0,15.0
19.0,14.0,24.0,32.0,16.0,34.0,38.0,42.0,32.0,33.0,34.0,21.0,36.0,18.0,18.0,20.0,27.0,27.0,18.0,20.0,18.0,24.0,25.0,22.0,21.0,20.0,24.0,16.0,46.0,33.0,19.0,38.0,20.0,20.0,29.0,7.0,54.0,30.0,17.0,29.0,87.0,37.0,97.0,53.0,45.0,38.0,45.0,41.0,44.0,106.0,211.0,346.0,375.0,440.0,388.0,461.0,442.0,391.0,408.0,435.0,419.0,376.0,393.0,424.0,421.0,404.0,391.0,306.0,208.0,141.0,109.0,29.0,44.0,26.0,56.0,22.0,27.0,28.0,34.0,31.0,32.0,23.0,38.0,33.0,37.0,30.0,32.0,31.0,65.0,47.0,57.0,36.0,42.0,45.0,22.0,34.0,30.0,36.0,37.0,24.0,68.0,38.0,30.0,39.0,31.0,56.0,41.0,31.0,25.0,22.0,28.0,13.0,22.0,14.0,31.0,20.0,34.0,14.0,16.0,26.0,23.0,24.0,10.0,13.0,16.0,14.0,20.0,18.0,24.0,10.0,18.0,18.0,10.0,20.0,19.0,13.0,17.0,20.0,11.0,32.0,17.0,11.0,43.0,21.0,39.0,30.0,23.0,19.0,21.0,18.0,21.0,11.0,15.0,15.0,13.0,27.0,17.0,17.0,16.0,16.0,15.0,7.0,16.0,15.0,11.0,18.0,15.0,15.0,13.0,10.0,13.0,19.0
9.0,7.0,18.0,15.0,15.0,7.0,17.0,11.0,10.0,15.0,8.0,16.0,13.0,15.0,11.0,13.0,18.0,17.0,15.0,16.0,14.0,11.0,14.0,12.0,14.0,17.0,8.0,32.0,16.0,21.0,17.0,26.0,10.0,12.0,11.0,9.0,24.0,27.0,17.0,16.0,13.0,35.0,28.0,56.0,34.0,60.0,45.0,38.0,24.0,32.0,36.0,22.0,43.0,92.0,250.0,319.0,370.0,362.0,331.0,364.0,392.0,367.0,389.0,368.0,393.0,443.0,402.0,385.0,366.0,376.0,388.0,389.0,278.0,131.0,16.0,19.0,12.0,12.0,10.0,33.0,24.0,19.0,22.0,19.0,13.0,8.0,22.0,24.0,18.0,35.0,57.0,48.0,56.0,67.0,55.0,64.0,82.0,56.0,90.0,115.0,67.0,77.0,51.0,36.0,26.0,35.0,37.0,24.0,27.0,29.0,32.0,22.0,35.0,24.0,19.0,33.0,24.0,18.0,21.0,18.0,15.0,23.0,28.0,18.0,17.0,20.0,28.0,29.0,33.0,17.0,15.0,26.0,20.0,16.0,11.0,8.0,24.0,27.0,30.0,26.0,9.0,7.0,19.0,21.0,32.0,14.0,26.0,14.0,14.0,18.0,13.0,11.0,16.0,15.0,8.0,21.0,20.0,22.0,16.0,9.0,14.0,14.0,8.0,21.0,10.0,10.0,11.0,15.0,11.0,19.0,18.0,19.0
22.0,17.0,19.0,16.0,17.0,19.0,16.0,5.0,9.0,4.0,10.0,14.0,15.0,22.0,11.0,17.0,23.0,8.0,15.0,7.0,6.0,14.0,16.0,17.0,9.0,16.0,11.0,26.0,15.0,10.0,13.0,13.0,4.0,17.0,62.0,25.0,74.0,85.0,47.0,37.0,48.0,59.0,54.0,16.0,20.0,23.0,55.0,151.0,332.0,365.0,396.0,372.0,380.0,392.0,398.0,384.0,456.0,396.0,404.0,358.0,341.0,342.0,279.0,298.0,281.0,273.0,216.0,99.0,36.0,25.0,10.0,4.0,16.0,9.0,18.0,15.0,15.0,17.0,24.0,13.0,12.0,24.0,13.0,15.0,17.0,33.0,53.0,29.0,56.0,43.0,59.0,48.0,51.0,49.0,70.0,33.0,28.0,49.0,41.0,33.0,35.0,65.0,23.0,30.0,35.0,32.0,19.0,18.0,16.0,22.0,25.0,21.0,16.0,24.0,18.0,28.0,18.0,28.0,17.0,20.0,11.0,11.0,13.0,14.0,15.0,22.0,16.0,10.0,15.0,16.0,16.0,18.0,14.0,9.0,23.0,17.0,10.0,9.0,6.0,8.0,16.0,19.0,15.0,12.0,16.0,12.0,18.0,17.0,22.0,11.0,10.0,15.0,21.0,19.0,21.0,19.0,15.0,13.0,7.0,8.0,19.0,16.0,15.0,17.0,5.0,15.0,32.0,27.0,25.0,23.0,12.0,19.0
16.0,15.0,13.0,15.0,12.0,18.0,14.0,5.0,18.0,12.0,5.0,10.0,23.0,15.0,16.0,17.0,23.0,19.0,16.0,11.0,15.0,8.0,20.0,15.0,21.0,18.0,15.0,8.0,15.0,15.0,15.0,5.0,17.0,12.0,15.0,8.0,12.0,9.0,9.0,12.0,26.0,11.0,14.0,27.0,13.0,27.0,10.0,12.0,23.0,17.0,10.0,39.0,8.0,16.0,19.0,8.0,4.0,12.0,48.0,55.0,49.0,43.0,32.0,38.0,30.0,15.0,29.0,82.0,140.0,297.0,350.0,364.0,352.0,317.0,357.0,350.0,318.0,330.0,363.0,359.0,351.0,378.0,381.0,380.0,361.0,320.0,275.0,161.0,58.0,77.0,17.0,17.0,24.0,20.0,24.0,26.0,17.0,23.0,34.0,18.0,16.0,17.0,22.0,24.0,43.0,43.0,76.0,65.0,31.0,61.0,75.0,35.0,39.0,58.0,73.0,31.0,34.0,43.0,39.0,43.0,55.0,30.0,31.0,38.0,31.0,18.0,28.0,22.0,38.0,10.0,16.0,19.0,17.0,22.0,12.0,13.0,35.0,12.0,11.0,32.0,18.0,10.0,14.0,9.0,15.0,43.0,15.0,27.0,14.0,9.0,27.0,23.0,10.0,13.0,33.0,14.0,13.0,14.0,19.0,13.0,10.0,11.0,9.0,9.0,12.0,16.0,24.0,20.0,21.0,14.0,25.0,19.0
16.0,15.0,15.0,18.0,8.0,15.0,13.0,12.0,17.0,10.0,13.0,9.0,13.0,4.0,20.0,5.0,4.0,12.0,10.0,19.0,16.0,16.0,11.0,10.0,8.0,13.0,16.0,9.0,8.0,14.0,10.0,9.0,18.0,8.0,13.0,12.0,15.0,10.0,9.0,24.0,10.0,13.0,13.0,5.0,29.0,13.0,21.0,14.0,9.0,16.0,11.0,45.0,42.0,23.0,31.0,58.0,36.0,30.0,28.0,58.0,117.0,256.0,353.0,369.0,338.0,365.0,394.0,414.0,396.0,343.0,337.0,346.0,311.0,323.0,310.0,297.0,224.0,132.0,42.0,23.0,18.0,13.0,17.0,38.0,9.0,23.0,12.0,15.0,5.0,11.0,15.0,23.0,21.0,27.0,47.0,29.0,24.0,26.0,68.0,65.0,33.0,41.0,39.0,19.0,44.0,30.0,26.0,39.0,52.0,33.0,29.0,15.0,30.0,38.0,29.0,27.0,23.0,34.0,33.0,35.0,32.0,33.0,18.0,28.0,22.0,16.0,18.0,20.0,29.0,13.0,17.0,24.0,9.0,11.0,22.0,10.0,22.0,16.0,15.0,16.0,33.0,12.0,14.0,12.0,9.0,9.0,17.0,26.0,7.0,18.0,9.0,19.0,25.0,17.0,21.0,26.0,42.0,18.0,17.0,33.0,10.0,19.0,15.0,9.0,22.0,19.0,15.0,14.0,12.0,16.0,21.0,9.0
18.0,22.0,26.0,21.0,31.0,24.0,15.0,32.0,24.0,15.0,15.0,44.0,39.0,20.0,17.0,35.0,43.0,26.0,23.0,23.0,38.0,36.0,35.0,30.0,37.0,26.0,30.0,26.0,30.0,24.0,25.0,27.0,14.0,26.0,21.0,24.0,17.0,18.0,40.0,22.0,20.0,19.0,31.0,17.0,28.0,13.0,34.0,18.0,35.0,78.0,78.0,104.0,113.0,109.0,90.0,65.0,62.0,22.0,34.0,45.0,147.0,310.0,418.0,430.0,408.0,382.0,358.0,408.0,334.0,420.0,474.0,363.0,395.0,400.0,370.0,335.0,354.0,176.0,59.0,42.0,40.0,33.0,24.0,25.0,15.0,11.0,13.0,18.0,26.0,22.0,24.0,14.0,68.0,44.0,32.0,23.0,26.0,25.0,25.0,62.0,49.0,43.0,44.0,47.0,45.0,49.0,28.0,42.0,36.0,43.0,36.0,39.0,34.0,34.0,40.0,20.0,30.0,27.0,22.0,19.0,19.0,17.0,31.0,21.0,20.0,29.0,17.0,29.0,23.0,26.0,18.0,25.0,20.0,19.0,14.0,18.0,26.0,12.0,19.0,18.0,23.0,25.0,18.0,25.0,24.0,17.0,19.0,28.0,18.0,16.0,20.0,26.0,16.0,25.0,24.0,23.0,20.0,22.0,20.0,19.0,23.0,34.0,15.0,13.0,34.0,20.0,12.0,16.0,17.0,15.0,11.0,9.0
14.0,11.0,5.0,10.0,19.0,12.0,13.0,13.0,6.0,13.0,20.0,18.0,13.0,13.0,13.0,22.0,12.0,31.0,14.0,29.0,23.0,15.0,12.0,5.0,14.0,7.0,9.0,4.0,13.0,7.0,13.0,4.0,28.0,17.0,12.0,11.0,15.0,11.0,20.0,10.0,14.0,12.0,35.0,36.0,52.0,72.0,48.0,55.0,28.0,32.0,47.0,86.0,196.0,303.0,331.0,370.0,347.0,373.0,356.0,374.0,397.0,410.0,380.0,376.0,423.0,356.0,355.0,361.0,295.0,227.0,81.0,39.0,21.0,10.0,13.0,21.0,17.0,3.0,15.0,18.0,17.0,18.0,16.0,5.0,32.0,21.0,13.0,36.0,58.0,39.0,33.0,47.0,40.0,44.0,42.0,40.0,29.0,39.0,37.0,43.0,48.0,19.0,35.0,21.0,34.0,38.0,29.0,23.0,17.0,25.0,26.0,23.0,20.0,17.0,13.0,17.0,20.0,16.0,19.0,17.0,17.0,13.0,14.0,14.0,16.0,19.0,16.0,20.0,17.0,13.0,25.0,11.0,26.0,14.0,14.0,12.0,15.0,11.0,21.0,14.0,17.0,15.0,16.0,24.0,23.0,16.0,6.0,16.0,19.0,11.0,11.0,29.0,17.0,15.0,13.0,13.0,35.0,20.0,13.0,11.0,15.0,20.0,15.0,11.0,13.0,15.0,18.0,6.0,8.0,21.0,7.0,22.0
15.0,21.0,15.0,30.0,16.0,25.0,13.0,17.0,18.0,31.0,30.0,15.0,10.0,14.0,30.0,15.0,13.0,20.0,17.0,22.0,18.0,17.0,11.0,12.0,11.0,13.0,14.0,10.0,12.0,13.0,16.0,31.0,13.0,22.0,9.0,19.0,19.0,11.0,13.0,31.0,6.0,12.0,17.0,59.0,61.0,56.0,51.0,30.0,37.0,45.0,36.0,54.0,156.0,326.0,386.0,427.0,448.0,440.0,388.0,398.0,388.0,381.0,418.0,447.0,394.0,421.0,416.0,333.0,299.0,220.0,105.0,42.0,35.0,11.0,22.0,9.0,13.0,24.0,28.0,16.0,14.0,13.0,28.0,25.0,25.0,30.0,57.0,50.0,24.0,35.0,38.0,42.0,61.0,40.0,36.0,42.0,29.0,29.0,32.0,30.0,44.0,23.0,28.0,26.0,27.0,30.0,31.0,24.0,22.0,23.0,26.0,21.0,17.0,25.0,23.0,13.0,12.0,18.0,19.0,17.0,12.0,12.0,10.0,20.0,12.0,25.0,14.0,24.0,22.0,17.0,14.0,16.0,19.0,9.0,6.0,24.0,16.0,17.0,19.0,16.0,15.0,13.0,22.0,14.0,18.0,12.0,21.0,9.0,10.0,18.0,15.0,24.0,14.0,12.0,13.0,12.0,6.0,12.0,9.0,18.0,27.0,16.0,24.0,15.0,13.0,10.0,11.0,12.0,17.0,11.0,29.0,18.0
15.0,36.0,28.0,19.0,18.0,18.0,32.0,16.0,20.0,19.0,20.0,33.0,15.0,28.0,25.0,20.0,23.0,20.0,25.0,21.0,14.0,21.0,21.0,24.0,11.0,19.0,16.0,20.0,19.0,13.0,25.0,12.0,16.0,28.0,18.0,23.0,21.0,17.0,18.0,16.0,27.0,40.0,12.0,42.0,44.0,33.0,26.0,38.0,28.0,16.0,27.0,24.0,15.0,21.0,4.0,11.0,31.0,12.0,16.0,20.0,31.0,88.0,71.0,73.0,39.0,24.0,54.0,69.0,26.0,32.0,143.0,325.0,390.0,357.0,369.0,352.0,379.0,377.0,357.0,340.0,326.0,329.0,316.0,322.0,305.0,309.0,300.0,247.0,132.0,66.0,34.0,29.0,23.0,15.0,8.0,17.0,21.0,18.0,15.0,14.0,27.0,18.0,37.0,14.0,14.0,33.0,12.0,28.0,25.0,66.0,42.0,56.0,59.0,59.0,46.0,28.0,60.0,60.0,23.0,50.0,39.0,38.0,45.0,41.0,52.0,37.0,50.0,38.0,39.0,38.0,28.0,27.0,35.0,31.0,22.0,22.0,13.0,17.0,22.0,21.0,13.0,23.0,21.0,20.0,12.0,21.0,23.0,25.0,21.0,20.0,9.0,14.0,14.0,14.0,13.0,20.0,9.0,18.0,16.0,9.0,28.0,15.0,18.0,15.0,15.0,12.0,17.0,13.0,9.0,23.0,10.0,11.0
17.0,12.0,9.0,18.0,15.0,15.0,18.0,13.0,19.0,29.0,9.0,16.0,18.0,19.0,18.0,22.0,17.0,14.0,26.0,11.0,23.0,16.0,15.0,15.0,20.0,17.0,16.0,15.0,11.0,11.0,13.0,21.0,13.0,27.0,15.0,27.0,9.0,11.0,58.0,38.0,57.0,72.0,82.0,36.0,35.0,70.0,75.0,174.0,285.0,361.0,376.0,388.0,410.0,427.0,418.0,466.0,472.0,454.0,444.0,425.0,414.0,413.0,439.0,367.0,294.0,195.0,96.0,45.0,22.0,27.0,20.0,19.0,28.0,14.0,26.0,25.0,10.0,14.0,36.0,20.0,34.0,101.0,45.0,62.0,44.0,56.0,81.0,55.0,33.0,31.0,59.0,72.0,72.0,43.0,33.0,50.0,27.0,32.0,63.0,38.0,50.0,57.0,28.0,33.0,29.0,34.0,15.0,30.0,14.0,39.0,22.0,21.0,18.0,24.0,19.0,20.0,22.0,14.0,15.0,21.0,24.0,12.0,15.0,20.0,15.0,18.0,18.0,14.0,19.0,13.0,17.0,18.0,13.0,28.0,15.0,21.0,16.0,9.0,18.0,14.0,21.0,26.0,15.0,15.0,20.0,13.0,16.0,22.0,10.0,23.0,26.0,14.0,20.0,20.0,17.0,24.0,20.0,19.0,16.0,22.0,17.0,25.0,16.0,20.0,12.0,13.0,15.0,10.0,21.0,23.0,21.0,20.0
23.0,26.0,17.0,22.0,27.0,16.0,13.0,13.0,16.0,15.0,12.0,15.0,18.0,22.0,18.0,19.0,11.0,18.0,12.0,26.0,17.0,12.0,10.0,18.0,21.0,14.0,16.0,20.0,10.0,16.0,30.0,28.0,18.0,16.0,15.0,19.0,23.0,14.0,18.0,20.0,15.0,31.0,17.0,18.0,70.0,36.0,59.0,60.0,65.0,50.0,34.0,51.0,36.0,146.0,313.0,419.0,410.0,400.0,417.0,399.0,406.0,433.0,408.0,465.0,451.0,447.0,442.0,412.0,410.0,409.0,351.0,325.0,205.0,104.0,59.0,24.0,20.0,16.0,6.0,11.0,28.0,12.0,29.0,33.0,41.0,36.0,31.0,16.0,25.0,32.0,41.0,35.0,48.0,60.0,65.0,107.0,68.0,63.0,32.0,36.0,34.0,39.0,55.0,39.0,41.0,37.0,56.0,35.0,36.0,39.0,37.0,25.0,57.0,51.0,29.0,34.0,48.0,41.0,33.0,53.0,34.0,41.0,40.0,31.0,26.0,23.0,23.0,21.0,18.0,31.0,46.0,22.0,17.0,19.0,28.0,17.0,34.0,16.0,16.0,17.0,23.0,14.0,23.0,16.0,16.0,14.0,8.0,18.0,10.0,9.0,24.0,14.0,17.0,10.0,18.0,26.0,9.0,33.0,25.0,21.0,18.0,22.0,22.0,16.0,20.0,18.0,17.0,8.0,19.0,14.0,10.0,10.0
18.0,21.0,43.0,25.0,24.0,17.0,18.0,10.0,16.0,31.0,12.0,19.0,22.0,18.0,15.0,25.0,19.0,36.0,37.0,33.0,20.0,23.0,15.0,22.0,19.0,16.0,20.0,26.0,22.0,22.0,21.0,23.0,21.0,14.0,24.0,22.0,21.0,16.0,15.0,30.0,16.0,11.0,29.0,8.0,24.0,31.0,10.0,27.0,9.0,20.0,16.0,8.0,14.0,10.0,36.0,14.0,55.0,59.0,39.0,66.0,98.0,53.0,37.0,65.0,96.0,235.0,323.0,368.0,350.0,370.0,406.0,432.0,415.0,413.0,424.0,477.0,460.0,403.0,423.0,434.0,434.0,440.0,369.0,305.0,170.0,83.0,58.0,22.0,31.0,48.0,27.0,36.0,35.0,42.0,30.0,25.0,32.0,23.0,21.0,21.0,20.0,37.0,21.0,39.0,42.0,65.0,28.0,37.0,30.0,51.0,25.0,57.0,75.0,59.0,42.0,55.0,43.0,54.0,61.0,39.0,61.0,50.0,41.0,30.0,29.0,21.0,23.0,35.0,16.0,26.0,27.0,20.0,23.0,29.0,24.0,25.0,24.0,36.0,13.0,31.0,28.0,23.0,18.0,20.0,29.0,17.0,22.0,23.0,18.0,29.0,41.0,19.0,24.0,28.0,21.0,18.0,22.0,10.0,12.0,23.0,26.0,24.0,28.0,30.0,20.0,18.0,15.0,12.0,12.0,21.0,16.0,16.0
14.0,7.0,12.0,12.0,14.0,12.0,20.0,14.0,12.0,24.0,11.0,13.0,18.0,8.0,13.0,16.0,37.0,11.0,29.0,13.0,9.0,15.0,9.0,17.0,9.0,8.0,8.0,13.0,16.0,24.0,11.0,19.0,18.0,10.0,4.0,16.0,14.0,18.0,15.0,10.0,17.0,13.0,15.0,2.0,14.0,13.0,9.0,14.0,9.0,24.0,35.0,15.0,16.0,3.0,11.0,13.0,9.0,18.0,61.0,57.0,32.0,40.0,35.0,34.0,49.0,92.0,287.0,359.0,443.0,510.0,475.0,520.0,497.0,475.0,487.0,463.0,435.0,455.0,455.0,447.0,496.0,467.0,425.0,388.0,323.0,222.0,147.0,79.0,35.0,36.0,15.0,32.0,17.0,19.0,12.0,28.0,19.0,19.0,26.0,17.0,17.0,27.0,48.0,48.0,57.0,82.0,71.0,79.0,87.0,30.0,73.0,67.0,50.0,61.0,29.0,46.0,50.0,34.0,35.0,25.0,36.0,19.0,25.0,31.0,36.0,27.0,27.0,15.0,19.0,21.0,18.0,25.0,21.0,23.0,23.0,23.0,13.0,17.0,35.0,27.0,21.0,8.0,15.0,16.0,26.0,21.0,24.0,21.0,20.0,4.0,21.0,33.0,8.0,14.0,30.0,20.0,17.0,27.0,10.0,23.0,10.0,17.0,24.0,26.0,17.0,30.0,24.0,21.0,12.0,22.0,18.0,14.0
31.0,23.0,34.0,9.0,43.0,13.0,20.0,24.0,25.0,18.0,21.0,17.0,39.0,31.0,29.0,13.0,22.0,37.0,27.0,28.0,21.0,16.0,26.0,32.0,26.0,18.0,35.0,22.0,40.0,23.0,42.0,26.0,30.0,32.0,36.0,62.0,36.0,35.0,29.0,33.0,38.0,40.0,18.0,21.0,23.0,32.0,38.0,34.0,48.0,47.0,42.0,30.0,38.0,29.0,49.0,127.0,324.0,393.0,464.0,457.0,471.0,486.0,520.0,592.0,602.0,618.0,533.0,529.0,497.0,497.0,451.0,431.0,390.0,324.0,194.0,144.0,93.0,54.0,20.0,23.0,33.0,18.0,20.0,13.0,25.0,16.0,15.0,20.0,48.0,36.0,54.0,52.0,37.0,45.0,63.0,67.0,39.0,53.0,20.0,63.0,57.0,74.0,60.0,69.0,12.0,35.0,78.0,28.0,46.0,42.0,47.0,32.0,22.0,30.0,35.0,24.0,24.0,34.0,18.0,42.0,31.0,28.0,34.0,17.0,21.0,17.0,26.0,24.0,25.0,30.0,19.0,22.0,30.0,21.0,44.0,26.0,24.0,15.0,13.0,22.0,31.0,31.0,25.0,21.0,19.0,25.0,25.0,29.0,31.0,41.0,20.0,22.0,20.0,20.0,19.0,23.0,20.0,26.0,22.0,36.0,14.0,12.0,30.0,17.0,32.0,32.0,30.0,24.0,18.0,16.0,26.0,29.0
35.0,32.0,34.0,40.0,22.0,20.0,26.0,28.0,18.0,29.0,23.0,30.0,33.0,34.0,29.0,28.0,34.0,13.0,14.0,16.0,17.0,21.0,19.0,14.0,13.0,15.0,14.0,24.0,11.0,21.0,19.0,24.0,32.0,33.0,22.0,13.0,23.0,23.0,24.0,32.0,28.0,21.0,26.0,17.0,23.0,35.0,29.0,39.0,29.0,38.0,33.0,38.0,41.0,42.0,40.0,26.0,23.0,16.0,19.0,18.0,17.0,19.0,17.0,20.0,17.0,17.0,36.0,58.0,54.0,61.0,72.0,41.0,33.0,32.0,47.0,33.0,68.0,199.0,335.0,344.0,361.0,356.0,395.0,405.0,423.0,420.0,373.0,380.0,422.0,387.0,376.0,375.0,376.0,316.0,215.0,79.0,30.0,21.0,12.0,30.0,13.0,30.0,28.0,11.0,10.0,33.0,29.0,47.0,26.0,23.0,28.0,26.0,31.0,36.0,36.0,29.0,29.0,37.0,35.0,32.0,34.0,69.0,45.0,36.0,44.0,45.0,36.0,33.0,29.0,50.0,30.0,42.0,25.0,28.0,30.0,19.0,28.0,21.0,23.0,24.0,30.0,36.0,41.0,20.0,36.0,29.0,38.0,20.0,29.0,33.0,35.0,48.0,41.0,42.0,19.0,41.0,31.0,26.0,31.0,19.0,21.0,27.0,21.0,16.0,23.0,24.0,23.0,20.0,26.0,16.0,30.0,22.0
26.0,33.0,15.0,19.0,19.0,11.0,46.0,16.0,10.0,14.0,26.0,20.0,23.0,26.0,24.0,16.0,20.0,22.0,33.0,34.0,26.0,17.0,30.0,24.0,23.0,45.0,21.0,21.0,19.0,22.0,16.0,19.0,14.0,22.0,16.0,25.0,14.0,19.0,24.0,29.0,19.0,15.0,24.0,26.0,28.0,13.0,19.0,12.0,14.0,16.0,11.0,13.0,12.0,22.0,18.0,13.0,13.0,25.0,18.0,15.0,14.0,13.0,34.0,22.0,40.0,50.0,41.0,41.0,34.0,42.0,26.0,31.0,25.0,79.0,236.0,316.0,345.0,302.0,350.0,334.0,349.0,371.0,362.0,357.0,354.0,421.0,409.0,383.0,366.0,363.0,351.0,262.0,151.0,90.0,62.0,12.0,15.0,22.0,22.0,14.0,8.0,26.0,11.0,25.0,17.0,33.0,33.0,38.0,34.0,57.0,62.0,83.0,55.0,58.0,57.0,30.0,25.0,41.0,31.0,27.0,42.0,31.0,41.0,36.0,26.0,36.0,26.0,43.0,16.0,24.0,28.0,23.0,31.0,25.0,16.0,29.0,12.0,12.0,16.0,30.0,16.0,19.0,24.0,28.0,23.0,22.0,19.0,16.0,33.0,20.0,22.0,15.0,19.0,24.0,15.0,15.0,19.0,10.0,24.0,31.0,23.0,26.0,23.0,22.0,12.0,18.0,17.0,28.0,17.0,18.0,19.0,31.0
38.0,21.0,23.0,28.0,35.0,28.0,23.0,21.0,26.0,15.0,35.0,14.0,13.0,38.0,18.0,26.0,36.0,18.0,13.0,16.0,21.0,20.0,21.0,25.0,24.0,22.0,22.0,23.0,11.0,18.0,28.0,16.0,16.0,19.0,26.0,15.0,8.0,14.0,28.0,32.0,13.0,12.0,14.0,13.0,17.0,11.0,16.0,38.0,34.0,67.0,60.0,41.0,40.0,50.0,31.0,27.0,28.0,75.0,212.0,379.0,367.0,413.0,386.0,411.0,457.0,489.0,518.0,419.0,506.0,522.0,463.0,445.0,449.0,427.0,280.0,142.0,54.0,45.0,27.0,21.0,13.0,21.0,18.0,20.0,10.0,17.0,12.0,11.0,33.0,22.0,26.0,18.0,37.0,47.0,45.0,52.0,27.0,62.0,57.0,47.0,38.0,41.0,46.0,34.0,25.0,47.0,51.0,52.0,45.0,37.0,34.0,36.0,26.0,18.0,27.0,30.0,23.0,26.0,28.0,25.0,35.0,31.0,21.0,22.0,33.0,34.0,32.0,40.0,26.0,37.0,41.0,34.0,22.0,33.0,27.0,23.0,20.0,24.0,23.0,17.0,22.0,17.0,26.0,13.0,14.0,20.0,28.0,18.0,18.0,25.0,23.0,37.0,22.0,28.0,20.0,25.0,19.0,26.0,26.0,24.0,39.0,26.0,22.0,31.0,29.0,32.0,25.0,16.0,20.0,27.0,25.0,33.0
10.0,14.0,20.0,21.0,17.0,18.0,21.0,37.0,30.0,48.0,48.0,49.0,47.0,45.0,46.0,43.0,52.0,54.0,46.0,46.0,27.0,27.0,21.0,18.0,16.0,24.0,13.0,33.0,18.0,19.0,13.0,16.0,28.0,13.0,26.0,20.0,16.0,13.0,21.0,20.0,42.0,52.0,51.0,40.0,40.0,41.0,45.0,24.0,39.0,36.0,56.0,51.0,145.0,284.0,275.0,284.0,312.0,345.0,337.0,408.0,368.0,411.0,449.0,421.0,440.0,428.0,419.0,398.0,361.0,261.0,145.0,69.0,63.0,26.0,37.0,36.0,24.0,37.0,20.0,21.0,21.0,33.0,40.0,32.0,27.0,25.0,28.0,43.0,60.0,53.0,34.0,63.0,75.0,44.0,55.0,53.0,37.0,43.0,47.0,40.0,38.0,43.0,34.0,39.0,24.0,22.0,36.0,35.0,22.0,30.0,25.0,32.0,32.0,15.0,28.0,24.0,18.0,18.0,25.0,24.0,24.0,34.0,26.0,29.0,14.0,16.0,24.0,25.0,35.0,21.0,25.0,20.0,26.0,22.0,34.0,14.0,40.0,21.0,28.0,31.0,26.0,25.0,36.0,27.0,41.0,40.0,27.0,29.0,38.0,37.0,29.0,14.0,26.0,22.0,27.0,31.0,33.0,36.0,32.0,43.0,47.0,29.0,39.0,32.0,46.0,48.0,54.0,59.0,52.0,39.0,50.0,31.0
22.0,27.0,18.0,17.0,15.0,14.0,15.0,16.0,11.0,12.0,17.0,20.0,21.0,24.0,19.0,17.0,21.0,22.0,19.0,28.0,19.0,24.0,30.0,25.0,22.0,27.0,15.0,28.0,30.0,10.0,35.0,22.0,12.0,15.0,18.0,18.0,31.0,33.0,30.0,27.0,38.0,22.0,33.0,27.0,30.0,9.0,32.0,20.0,16.0,16.0,51.0,59.0,39.0,40.0,34.0,37.0,47.0,54.0,90.0,297.0,300.0,397.0,351.0,434.0,455.0,465.0,430.0,374.0,425.0,486.0,471.0,438.0,410.0,402.0,419.0,356.0,331.0,289.0,135.0,48.0,21.0,15.0,18.0,24.0,14.0,28.0,21.0,19.0,18.0,21.0,23.0,21.0,37.0,47.0,61.0,33.0,49.0,31.0,42.0,33.0,38.0,26.0,47.0,33.0,46.0,65.0,51.0,41.0,26.0,29.0,32.0,20.0,25.0,32.0,40.0,34.0,19.0,27.0,23.0,24.0,31.0,17.0,34.0,14.0,27.0,25.0,32.0,20.0,16.0,21.0,32.0,23.0,13.0,20.0,14.0,24.0,22.0,13.0,25.0,24.0,26.0,25.0,33.0,22.0,31.0,22.0,23.0,18.0,20.0,20.0,23.0,27.0,28.0,36.0,23.0,32.0,23.0,28.0,20.0,15.0,22.0,20.0,20.0,20.0,38.0,30.0,23.0,14.0,19.0,30.0,18.0,17.0
24.0,22.0,23.0,15.0,28.0,30.0,30.0,26.0,15.0,14.0,15.0,23.0,23.0,18.0,25.0,33.0,26.0,28.0,26.0,11.0,13.0,21.0,8.0,29.0,13.0,13.0,16.0,17.0,17.0,20.0,11.0,15.0,21.0,15.0,14.0,12.0,26.0,21.0,13.0,25.0,19.0,21.0,28.0,21.0,19.0,29.0,26.0,16.0,23.0,17.0,23.0,25.0,35.0,52.0,45.0,49.0,28.0,45.0,40.0,29.0,32.0,149.0,361.0,359.0,361.0,379.0,407.0,423.0,369.0,421.0,420.0,477.0,356.0,438.0,468.0,403.0,428.0,421.0,372.0,317.0,239.0,88.0,60.0,41.0,34.0,17.0,12.0,18.0,14.0,25.0,10.0,17.0,21.0,15.0,29.0,15.0,24.0,29.0,31.0,53.0,30.0,32.0,37.0,27.0,29.0,36.0,27.0,26.0,36.0,19.0,37.0,30.0,23.0,22.0,28.0,21.0,13.0,44.0,20.0,37.0,26.0,39.0,29.0,28.0,46.0,42.0,36.0,36.0,57.0,34.0,38.0,25.0,21.0,34.0,36.0,41.0,48.0,38.0,40.0,27.0,40.0,42.0,39.0,34.0,39.0,30.0,56.0,39.0,35.0,39.0,35.0,20.0,43.0,36.0,34.0,27.0,22.0,31.0,44.0,28.0,17.0,17.0,30.0,32.0,15.0,26.0,28.0,26.0,26.0,20.0,18.0,40.0
11.0,16.0,15.0,8.0,19.0,27.0,19.0,11.0,14.0,10.0,36.0,9.0,16.0,15.0,14.0,12.0,8.0,20.0,18.0,17.0,22.0,19.0,15.0,31.0,21.0,15.0,15.0,12.0,20.0,25.0,14.0,15.0,24.0,20.0,22.0,17.0,33.0,15.0,16.0,25.0,11.0,18.0,26.0,12.0,17.0,14.0,11.0,11.0,25.0,17.0,9.0,16.0,9.0,15.0,23.0,47.0,28.0,40.0,59.0,64.0,38.0,32.0,29.0,24.0,47.0,27.0,74.0,235.0,300.0,348.0,354.0,352.0,359.0,389.0,376.0,379.0,378.0,392.0,373.0,415.0,432.0,406.0,384.0,375.0,260.0,141.0,64.0,60.0,52.0,14.0,26.0,15.0,24.0,27.0,13.0,10.0,14.0,10.0,14.0,42.0,21.0,30.0,71.0,47.0,45.0,54.0,65.0,43.0,78.0,50.0,55.0,44.0,53.0,64.0,52.0,56.0,45.0,50.0,87.0,45.0,31.0,57.0,47.0,41.0,40.0,40.0,43.0,44.0,32.0,33.0,27.0,43.0,31.0,24.0,39.0,22.0,22.0,43.0,37.0,30.0,34.0,22.0,27.0,23.0,26.0,30.0,35.0,37.0,32.0,33.0,60.0,39.0,17.0,18.0,27.0,11.0,16.0,24.0,18.0,24.0,9.0,25.0,9.0,22.0,13.0,12.0,14.0,17.0,12.0,25.0,7.0,18.0
16.0,8.0,17.0,23.0,18.0,47.0,22.0,16.0,13.0,24.0,23.0,25.0,16.0,27.0,26.0,33.0,21.0,15.0,25.0,34.0,23.0,14.0,15.0,16.0,23.0,18.0,14.0,15.0,21.0,20.0,22.0,26.0,17.0,23.0,22.0,21.0,26.0,30.0,18.0,20.0,21.0,17.0,14.0,16.0,9.0,7.0,23.0,10.0,21.0,10.0,18.0,19.0,3.0,10.0,34.0,44.0,55.0,43.0,47.0,32.0,37.0,17.0,26.0,50.0,151.0,289.0,350.0,354.0,366.0,348.0,383.0,347.0,363.0,356.0,369.0,395.0,402.0,400.0,410.0,399.0,373.0,348.0,219.0,132.0,60.0,45.0,14.0,15.0,11.0,21.0,16.0,18.0,14.0,25.0,25.0,22.0,9.0,20.0,36.0,37.0,46.0,47.0,37.0,36.0,33.0,72.0,62.0,45.0,52.0,72.0,51.0,63.0,38.0,30.0,52.0,49.0,36.0,38.0,28.0,29.0,32.0,18.0,15.0,28.0,23.0,29.0,26.0,20.0,19.0,18.0,22.0,21.0,17.0,19.0,18.0,19.0,9.0,22.0,23.0,13.0,13.0,13.0,12.0,14.0,6.0,20.0,20.0,23.0,33.0,14.0,16.0,16.0,11.0,22.0,11.0,20.0,15.0,10.0,17.0,13.0,25.0,16.0,21.0,14.0,8.0,12.0,18.0,33.0,14.0,26.0,26.0,16.0
40.0,16.0,22.0,22.0,7.0,19.0,28.0,17.0,24.0,14.0,20.0,22.0,23.0,11.0,9.0,18.0,14.0,24.0,15.0,15.0,22.0,25.0,48.0,14.0,15.0,31.0,31.0,14.0,28.0,30.0,20.0,14.0,9.0,16.0,17.0,14.0,20.0,8.0,14.0,32.0,39.0,46.0,23.0,17.0,28.0,30.0,72.0,52.0,39.0,27.0,52.0,33.0,26.0,28.0,21.0,53.0,135.0,300.0,340.0,373.0,362.0,364.0,380.0,379.0,321.0,352.0,388.0,445.0,442.0,412.0,431.0,407.0,341.0,178.0,89.0,60.0,24.0,24.0,20.0,19.0,11.0,47.0,37.0,26.0,17.0,14.0,25.0,25.0,16.0,26.0,24.0,30.0,38.0,38.0,34.0,49.0,41.0,76.0,42.0,38.0,53.0,38.0,39.0,28.0,30.0,30.0,43.0,32.0,53.0,25.0,49.0,35.0,27.0,28.0,19.0,32.0,15.0,24.0,11.0,23.0,20.0,17.0,27.0,23.0,27.0,31.0,23.0,28.0,19.0,35.0,26.0,19.0,21.0,42.0,57.0,33.0,21.0,22.0,11.0,23.0,22.0,20.0,15.0,17.0,15.0,18.0,29.0,20.0,34.0,18.0,21.0,31.0,15.0,27.0,23.0,23.0,24.0,19.0,30.0,20.0,15.0,20.0,13.0,20.0,17.0,17.0,17.0,22.0,14.0,41.0,35.0,51.0
23.0,23.0,22.0,12.0,25.0,15.0,19.0,24.0,13.0,8.0,34.0,26.0,18.0,29.0,32.0,35.0,26.0,19.0,25.0,22.0,29.0,20.0,32.0,22.0,23.0,31.0,21.0,17.0,25.0,19.0,32.0,16.0,19.0,17.0,37.0,21.0,15.0,4.0,22.0,11.0,17.0,23.0,17.0,10.0,9.0,32.0,50.0,37.0,62.0,25.0,76.0,52.0,44.0,31.0,46.0,77.0,245.0,337.0,350.0,400.0,365.0,379.0,331.0,427.0,457.0,402.0,387.0,342.0,387.0,413.0,435.0,389.0,366.0,332.0,283.0,258.0,121.0,115.0,53.0,22.0,22.0,24.0,10.0,16.0,23.0,16.0,10.0,9.0,8.0,8.0,20.0,20.0,16.0,31.0,74.0,63.0,46.0,70.0,45.0,31.0,39.0,38.0,33.0,38.0,52.0,31.0,39.0,56.0,47.0,40.0,34.0,44.0,46.0,29.0,21.0,28.0,17.0,17.0,23.0,21.0,27.0,18.0,11.0,21.0,20.0,13.0,13.0,13.0,24.0,18.0,19.0,15.0,29.0,20.0,12.0,24.0,23.0,25.0,30.0,43.0,49.0,38.0,45.0,46.0,42.0,47.0,59.0,59.0,49.0,57.0,62.0,60.0,41.0,40.0,24.0,14.0,22.0,17.0,18.0,15.0,15.0,18.0,18.0,37.0,17.0,10.0,25.0,15.0,12.0,15.0,16.0,13.0
21.0,22.0,32.0,18.0,25.0,28.0,36.0,22.0,18.0,12.0,13.0,9.0,12.0,12.0,11.0,12.0,15.0,15.0,11.0,12.0,25.0,13.0,20.0,10.0,14.0,5.0,22.0,22.0,34.0,36.0,31.0,26.0,29.0,22.0,17.0,16.0,20.0,11.0,20.0,13.0,13.0,12.0,25.0,17.0,24.0,26.0,21.0,30.0,36.0,65.0,57.0,59.0,68.0,41.0,35.0,55.0,56.0,97.0,203.0,340.0,396.0,401.0,406.0,429.0,385.0,372.0,423.0,410.0,401.0,393.0,372.0,345.0,381.0,336.0,318.0,231.0,115.0,86.0,32.0,19.0,30.0,26.0,39.0,18.0,18.0,34.0,34.0,47.0,32.0,19.0,30.0,25.0,72.0,43.0,59.0,42.0,66.0,50.0,48.0,51.0,47.0,49.0,36.0,59.0,44.0,32.0,41.0,51.0,28.0,32.0,37.0,18.0,20.0,16.0,30.0,14.0,32.0,22.0,20.0,19.0,33.0,27.0,32.0,28.0,24.0,28.0,22.0,16.0,20.0,19.0,24.0,22.0,21.0,20.0,23.0,26.0,20.0,24.0,19.0,21.0,27.0,21.0,16.0,15.0,20.0,17.0,11.0,9.0,5.0,15.0,20.0,19.0,21.0,7.0,17.0,17.0,18.0,15.0,13.0,18.0,21.0,9.0,19.0,16.0,16.0,32.0,30.0,18.0,43.0,38.0,35.0,17.0
31.0,40.0,30.0,36.0,35.0,38.0,32.0,26.0,26.0,31.0,23.0,30.0,9.0,4.0,12.0,16.0,13.0,30.0,19.0,17.0,11.0,29.0,33.0,21.0,18.0,15.0,16.0,18.0,24.0,19.0,43.0,20.0,11.0,12.0,16.0,19.0,18.0,17.0,25.0,14.0,13.0,15.0,11.0,28.0,15.0,12.0,15.0,11.0,21.0,13.0,17.0,15.0,15.0,18.0,19.0,18.0,22.0,28.0,30.0,15.0,15.0,15.0,40.0,51.0,67.0,105.0,65.0,45.0,50.0,41.0,34.0,57.0,153.0,308.0,333.0,418.0,410.0,380.0,414.0,435.0,427.0,458.0,433.0,406.0,455.0,422.0,417.0,353.0,331.0,299.0,237.0,140.0,75.0,20.0,18.0,23.0,56.0,21.0,25.0,20.0,32.0,23.0,19.0,7.0,11.0,23.0,43.0,31.0,47.0,55.0,48.0,65.0,57.0,65.0,36.0,25.0,57.0,29.0,41.0,52.0,23.0,56.0,50.0,44.0,35.0,44.0,48.0,46.0,23.0,25.0,31.0,30.0,20.0,33.0,25.0,22.0,24.0,20.0,25.0,22.0,22.0,13.0,23.0,27.0,22.0,28.0,22.0,19.0,18.0,12.0,13.0,44.0,21.0,14.0,23.0,26.0,22.0,22.0,27.0,25.0,24.0,31.0,27.0,26.0,19.0,28.0,12.0,33.0,16.0,16.0,17.0,17.0
23.0,32.0,14.0,20.0,16.0,12.0,13.0,18.0,21.0,22.0,16.0,16.0,13.0,20.0,23.0,21.0,21.0,24.0,22.0,11.0,26.0,20.0,22.0,19.0,24.0,17.0,22.0,12.0,9.0,17.0,14.0,21.0,24.0,7.0,14.0,31.0,18.0,9.0,21.0,17.0,10.0,18.0,13.0,19.0,13.0,19.0,27.0,14.0,22.0,12.0,19.0,23.0,13.0,10.0,17.0,11.0,8.0,17.0,36.0,49.0,67.0,57.0,42.0,49.0,60.0,48.0,24.0,55.0,177.0,336.0,376.0,363.0,369.0,360.0,371.0,416.0,424.0,377.0,362.0,436.0,375.0,347.0,346.0,326.0,289.0,237.0,205.0,150.0,77.0,33.0,24.0,19.0,19.0,18.0,29.0,16.0,36.0,23.0,18.0,15.0,19.0,23.0,31.0,47.0,26.0,28.0,31.0,93.0,60.0,55.0,47.0,57.0,36.0,28.0,33.0,26.0,46.0,35.0,38.0,41.0,58.0,27.0,46.0,23.0,44.0,16.0,25.0,27.0,34.0,20.0,22.0,13.0,12.0,20.0,27.0,17.0,23.0,7.0,8.0,18.0,16.0,16.0,20.0,16.0,2.0,15.0,13.0,13.0,12.0,28.0,18.0,24.0,18.0,10.0,9.0,14.0,7.0,14.0,11.0,13.0,12.0,21.0,16.0,14.0,13.0,12.0,9.0,15.0,13.0,10.0,17.0,14.0
6.0,15.0,4.0,9.0,14.0,19.0,4.0,9.0,13.0,37.0,36.0,35.0,34.0,18.0,18.0,17.0,23.0,24.0,31.0,12.0,14.0,33.0,18.0,23.0,24.0,25.0,19.0,13.0,13.0,21.0,18.0,12.0,11.0,17.0,17.0,19.0,17.0,11.0,10.0,10.0,15.0,15.0,16.0,15.0,36.0,24.0,20.0,19.0,15.0,20.0,21.0,17.0,33.0,28.0,38.0,91.0,93.0,47.0,42.0,47.0,65.0,35.0,50.0,119.0,279.0,292.0,373.0,387.0,370.0,409.0,367.0,385.0,356.0,374.0,374.0,353.0,336.0,368.0,346.0,364.0,340.0,255.0,199.0,134.0,61.0,18.0,40.0,35.0,28.0,28.0,25.0,33.0,34.0,47.0,28.0,23.0,26.0,42.0,30.0,47.0,45.0,42.0,71.0,64.0,101.0,47.0,79.0,69.0,41.0,61.0,88.0,101.0,46.0,85.0,72.0,57.0,57.0,47.0,41.0,38.0,35.0,38.0,35.0,27.0,23.0,24.0,17.0,16.0,32.0,40.0,18.0,32.0,28.0,19.0,20.0,26.0,17.0,15.0,16.0,40.0,34.0,44.0,36.0,60.0,30.0,53.0,39.0,41.0,29.0,52.0,47.0,49.0,55.0,27.0,43.0,32.0,38.0,20.0,19.0,28.0,14.0,22.0,12.0,14.0,21.0,24.0,18.0,18.0,17.0,13.0,25.0,15.0
31.0,21.0,32.0,14.0,22.0,22.0,25.0,14.0,19.0,10.0,28.0,15.0,34.0,9.0,9.0,18.0,8.0,10.0,17.0,12.0,18.0,26.0,40.0,28.0,22.0,34.0,29.0,15.0,21.0,12.0,13.0,12.0,11.0,11.0,10.0,6.0,17.0,17.0,29.0,17.0,14.0,14.0,18.0,15.0,14.0,14.0,8.0,10.0,12.0,10.0,22.0,16.0,29.0,20.0,20.0,19.0,24.0,26.0,31.0,31.0,34.0,23.0,38.0,53.0,52.0,75.0,69.0,43.0,54.0,36.0,60.0,208.0,385.0,390.0,408.0,399.0,340.0,364.0,381.0,408.0,379.0,357.0,432.0,401.0,414.0,389.0,351.0,280.0,185.0,80.0,75.0,21.0,25.0,44.0,30.0,20.0,42.0,48.0,38.0,22.0,22.0,25.0,13.0,15.0,25.0,22.0,49.0,58.0,39.0,39.0,43.0,29.0,42.0,41.0,77.0,87.0,50.0,63.0,28.0,39.0,90.0,107.0,114.0,71.0,75.0,46.0,47.0,46.0,28.0,43.0,26.0,28.0,32.0,31.0,24.0,28.0,19.0,22.0,27.0,22.0,34.0,21.0,24.0,37.0,25.0,21.0,27.0,16.0,28.0,24.0,23.0,28.0,18.0,15.0,21.0,33.0,22.0,34.0,33.0,27.0,39.0,39.0,32.0,20.0,21.0,37.0,19.0,36.0,43.0,31.0,25.0,33.0
