28.0,13.0,20.0,20.0,20.0,21.0,15.0,19.0,15.0,17.0,15.0,21.0,17.0,37.0,17.0,15.0,18.0,32.0,16.0,14.0,15.0,17.0,11.0,9.0,15.0,14.0,14.0,15.0,8.0,14.0,11.0,15.0,12.0,8.0,11.0,17.0,12.0,15.0,10.0,14.0,14.0,13.0,13.0,34.0,20.0,13.0,10.0,19.0,14.0,21.0,22.0,14.0,23.0,29.0,20.0,15.0,23.0,12.0,19.0,15.0,15.0,4.0,14.0,15.0,11.0,15.0,14.0,4.0,4.0,13.0,10.0,9.0,15.0,5.0,10.0,13.0,14.0,14.0,13.0,7.0,11.0,10.0,14.0,17.0,5.0,10.0,10.0,13.0,15.0,11.0,8.0,12.0,15.0,14.0,7.0,11.0,13.0,8.0,11.0,9.0,15.0,11.0,6.0,8.0,7.0,7.0,7.0,9.0,3.0,7.0,15.0,13.0,10.0,13.0,14.0,8.0,14.0,17.0,12.0,14.0,13.0,5.0,6.0,16.0,8.0,11.0,13.0,14.0,11.0,16.0,18.0,22.0,16.0,12.0,22.0,23.0,25.0,27.0,27.0,36.0,63.0,44.0,40.0,31.0,19.0,36.0,18.0,23.0,12.0,16.0,17.0,8.0,8.0,8.0,9.0,16.0,10.0,11.0,13.0,10.0,16.0,15.0,18.0,35.0,115.0,28.0,45.0,16.0,13.0,12.0,20.0,31.0
7.0,12.0,13.0,8.0,12.0,15.0,5.0,4.0,16.0,14.0,19.0,14.0,13.0,13.0,8.0,18.0,17.0,12.0,9.0,14.0,17.0,10.0,15.0,15.0,16.0,7.0,13.0,7.0,10.0,12.0,13.0,15.0,12.0,14.0,8.0,11.0,10.0,14.0,22.0,13.0,53.0,14.0,13.0,19.0,17.0,11.0,7.0,13.0,21.0,9.0,12.0,9.0,7.0,24.0,13.0,24.0,11.0,9.0,11.0,14.0,10.0,8.0,16.0,12.0,18.0,10.0,17.0,10.0,10.0,7.0,8.0,14.0,20.0,15.0,6.0,9.0,19.0,16.0,14.0,11.0,9.0,11.0,18.0,17.0,45.0,91.0,33.0,17.0,17.0,4.0,7.0,8.0,13.0,8.0,34.0,23.0,16.0,24.0,12.0,23.0,32.0,13.0,10.0,22.0,27.0,12.0,29.0,15.0,8.0,28.0,40.0,64.0,15.0,21.0,10.0,10.0,13.0,8.0,7.0,9.0,7.0,19.0,12.0,8.0,6.0,11.0,14.0,15.0,12.0,15.0,13.0,15.0,11.0,14.0,12.0,6.0,12.0,8.0,4.0,9.0,15.0,14.0,6.0,10.0,17.0,15.0,7.0,16.0,11.0,13.0,12.0,15.0,9.0,11.0,13.0,22.0,8.0,15.0,24.0,25.0,35.0,37.0,49.0,63.0,59.0,53.0,113.0,166.0,123.0,196.0,296.0,238.0
14.0,14.0,13.0,14.0,10.0,8.0,14.0,10.0,10.0,14.0,18.0,13.0,15.0,15.0,17.0,8.0,10.0,15.0,12.0,21.0,10.0,8.0,8.0,8.0,15.0,11.0,11.0,12.0,11.0,10.0,9.0,2.0,14.0,11.0,9.0,9.0,12.0,16.0,15.0,11.0,12.0,6.0,7.0,8.0,13.0,13.0,16.0,15.0,14.0,55.0,47.0,46.0,40.0,99.0,32.0,31.0,35.0,22.0,20.0,14.0,53.0,195.0,271.0,360.0,402.0,468.0,530.0,476.0,474.0,478.0,501.0,492.0,433.0,336.0,210.0,30.0,13.0,19.0,18.0,10.0,12.0,25.0,15.0,25.0,16.0,20.0,18.0,23.0,23.0,24.0,31.0,22.0,15.0,11.0,17.0,21.0,17.0,14.0,23.0,15.0,14.0,32.0,32.0,49.0,30.0,26.0,28.0,28.0,17.0,31.0,52.0,242.0,404.0,421.0,517.0,641.0,552.0,646.0,643.0,598.0,568.0,602.0,524.0,649.0,638.0,652.0,642.0,586.0,500.0,472.0,283.0,325.0,298.0,84.0,28.0,14.0,19.0,13.0,7.0,19.0,15.0,12.0,11.0,9.0,16.0,11.0,12.0,18.0,55.0,137.0,177.0,69.0,112.0,118.0,85.0,170.0,159.0,71.0,139.0,178.0,94.0,143.0,101.0,81.0,193.0,157.0,49.0,108.0,117.0,39.0,89.0,58.0
27.0,25.0,15.0,28.0,15.0,17.0,12.0,17.0,82.0,26.0,12.0,13.0,13.0,15.0,11.0,9.0,11.0,10.0,7.0,8.0,13.0,18.0,3.0,11.0,18.0,16.0,16.0,2.0,6.0,4.0,8.0,7.0,7.0,9.0,5.0,8.0,11.0,12.0,3.0,15.0,19.0,24.0,35.0,33.0,35.0,19.0,18.0,10.0,17.0,30.0,72.0,184.0,281.0,270.0,289.0,294.0,248.0,279.0,307.0,323.0,327.0,296.0,273.0,208.0,38.0,31.0,21.0,10.0,10.0,13.0,10.0,11.0,15.0,8.0,17.0,6.0,7.0,15.0,25.0,16.0,27.0,18.0,24.0,143.0,104.0,16.0,36.0,47.0,21.0,14.0,14.0,14.0,10.0,13.0,5.0,23.0,45.0,24.0,21.0,23.0,18.0,15.0,17.0,12.0,31.0,218.0,369.0,491.0,600.0,579.0,583.0,497.0,610.0,585.0,681.0,710.0,691.0,634.0,572.0,635.0,617.0,638.0,634.0,715.0,624.0,544.0,479.0,330.0,269.0,50.0,58.0,24.0,21.0,17.0,17.0,16.0,13.0,15.0,15.0,11.0,13.0,8.0,12.0,12.0,9.0,20.0,50.0,196.0,114.0,260.0,172.0,99.0,212.0,163.0,88.0,132.0,103.0,58.0,131.0,89.0,64.0,101.0,67.0,72.0,109.0,90.0,74.0,126.0,67.0,35.0,51.0,67.0
64.0,226.0,154.0,106.0,163.0,40.0,35.0,35.0,14.0,33.0,33.0,17.0,18.0,15.0,26.0,12.0,27.0,21.0,17.0,16.0,8.0,15.0,15.0,24.0,16.0,14.0,6.0,16.0,16.0,17.0,14.0,14.0,22.0,35.0,22.0,16.0,20.0,31.0,18.0,16.0,12.0,12.0,22.0,37.0,26.0,45.0,28.0,31.0,24.0,20.0,16.0,16.0,21.0,7.0,36.0,207.0,259.0,368.0,409.0,427.0,485.0,461.0,426.0,462.0,423.0,396.0,284.0,138.0,48.0,31.0,19.0,16.0,19.0,8.0,15.0,11.0,8.0,8.0,9.0,14.0,27.0,22.0,20.0,25.0,26.0,27.0,26.0,14.0,8.0,14.0,11.0,3.0,14.0,17.0,4.0,14.0,10.0,6.0,23.0,48.0,33.0,16.0,28.0,15.0,13.0,20.0,23.0,13.0,42.0,241.0,320.0,433.0,477.0,633.0,547.0,559.0,539.0,501.0,546.0,557.0,551.0,529.0,468.0,457.0,529.0,427.0,322.0,219.0,96.0,215.0,235.0,154.0,20.0,18.0,43.0,29.0,31.0,17.0,9.0,22.0,15.0,12.0,15.0,19.0,13.0,6.0,15.0,10.0,53.0,184.0,191.0,73.0,252.0,187.0,88.0,154.0,126.0,87.0,156.0,89.0,206.0,245.0,147.0,183.0,175.0,67.0,94.0,118.0,59.0,49.0,44.0,25.0
154.0,171.0,103.0,68.0,49.0,25.0,31.0,19.0,19.0,19.0,12.0,11.0,20.0,22.0,20.0,10.0,9.0,17.0,13.0,7.0,12.0,12.0,9.0,4.0,11.0,8.0,13.0,11.0,8.0,9.0,17.0,13.0,6.0,16.0,11.0,14.0,9.0,9.0,20.0,20.0,38.0,37.0,41.0,46.0,21.0,21.0,19.0,17.0,11.0,58.0,318.0,273.0,358.0,343.0,437.0,504.0,507.0,566.0,566.0,578.0,628.0,559.0,501.0,256.0,113.0,58.0,30.0,57.0,35.0,43.0,25.0,29.0,36.0,26.0,27.0,25.0,29.0,68.0,51.0,122.0,31.0,23.0,24.0,33.0,23.0,15.0,11.0,11.0,93.0,93.0,81.0,108.0,146.0,96.0,111.0,67.0,70.0,68.0,34.0,40.0,61.0,41.0,29.0,25.0,41.0,84.0,201.0,231.0,331.0,397.0,469.0,481.0,429.0,388.0,439.0,463.0,559.0,535.0,476.0,531.0,583.0,605.0,608.0,586.0,458.0,334.0,409.0,229.0,179.0,44.0,16.0,27.0,18.0,11.0,18.0,15.0,10.0,11.0,7.0,8.0,6.0,12.0,11.0,12.0,17.0,11.0,10.0,6.0,15.0,157.0,94.0,172.0,207.0,186.0,188.0,261.0,208.0,133.0,168.0,117.0,63.0,153.0,133.0,50.0,113.0,65.0,46.0,44.0,61.0,41.0,37.0,37.0
14.0,14.0,15.0,32.0,28.0,25.0,21.0,20.0,42.0,31.0,19.0,15.0,16.0,25.0,41.0,14.0,20.0,17.0,25.0,12.0,18.0,26.0,26.0,19.0,13.0,20.0,21.0,24.0,29.0,27.0,33.0,21.0,20.0,18.0,27.0,27.0,19.0,15.0,21.0,43.0,16.0,15.0,37.0,24.0,18.0,24.0,10.0,15.0,7.0,16.0,9.0,19.0,16.0,15.0,12.0,15.0,34.0,37.0,97.0,53.0,19.0,25.0,26.0,21.0,74.0,72.0,50.0,45.0,41.0,38.0,45.0,52.0,27.0,22.0,21.0,26.0,22.0,156.0,346.0,364.0,294.0,391.0,347.0,335.0,366.0,306.0,365.0,314.0,289.0,250.0,102.0,57.0,50.0,21.0,21.0,13.0,17.0,13.0,19.0,17.0,17.0,18.0,28.0,28.0,17.0,11.0,28.0,29.0,33.0,18.0,19.0,28.0,15.0,5.0,14.0,12.0,5.0,15.0,14.0,15.0,6.0,22.0,23.0,25.0,25.0,13.0,14.0,17.0,10.0,13.0,35.0,71.0,164.0,202.0,327.0,422.0,470.0,461.0,380.0,449.0,551.0,529.0,496.0,380.0,462.0,525.0,499.0,420.0,385.0,430.0,358.0,367.0,235.0,193.0,23.0,36.0,18.0,16.0,20.0,12.0,13.0,11.0,18.0,12.0,11.0,19.0,11.0,23.0,10.0,17.0,20.0,81.0
16.0,24.0,19.0,25.0,12.0,20.0,19.0,17.0,53.0,25.0,33.0,21.0,28.0,27.0,29.0,39.0,11.0,19.0,32.0,32.0,20.0,61.0,28.0,24.0,30.0,31.0,33.0,160.0,39.0,13.0,10.0,21.0,12.0,13.0,14.0,11.0,19.0,19.0,17.0,12.0,12.0,6.0,14.0,3.0,9.0,17.0,6.0,7.0,33.0,9.0,8.0,10.0,10.0,21.0,9.0,18.0,11.0,10.0,13.0,11.0,8.0,15.0,21.0,16.0,11.0,15.0,4.0,15.0,10.0,18.0,15.0,6.0,14.0,10.0,12.0,25.0,11.0,15.0,20.0,30.0,33.0,42.0,23.0,47.0,25.0,27.0,24.0,28.0,12.0,19.0,13.0,153.0,215.0,385.0,409.0,477.0,555.0,557.0,540.0,612.0,645.0,568.0,508.0,454.0,451.0,343.0,178.0,70.0,37.0,13.0,27.0,25.0,17.0,21.0,12.0,21.0,12.0,14.0,19.0,17.0,23.0,33.0,29.0,15.0,22.0,25.0,22.0,18.0,17.0,10.0,12.0,15.0,9.0,8.0,13.0,5.0,7.0,11.0,12.0,33.0,39.0,32.0,16.0,22.0,20.0,18.0,19.0,19.0,46.0,169.0,299.0,335.0,329.0,328.0,453.0,508.0,462.0,453.0,566.0,441.0,439.0,489.0,521.0,479.0,411.0,411.0,485.0,368.0,346.0,169.0,248.0,66.0
25.0,9.0,3.0,15.0,13.0,10.0,36.0,8.0,7.0,9.0,38.0,78.0,44.0,15.0,10.0,3.0,14.0,11.0,12.0,12.0,13.0,7.0,9.0,11.0,14.0,7.0,15.0,12.0,10.0,8.0,8.0,12.0,9.0,18.0,12.0,18.0,8.0,7.0,18.0,18.0,10.0,22.0,37.0,13.0,29.0,15.0,14.0,17.0,19.0,7.0,23.0,87.0,207.0,296.0,284.0,392.0,349.0,413.0,441.0,423.0,450.0,479.0,445.0,383.0,220.0,66.0,34.0,26.0,16.0,13.0,13.0,7.0,11.0,8.0,16.0,18.0,10.0,18.0,21.0,18.0,19.0,21.0,25.0,28.0,13.0,10.0,14.0,15.0,15.0,13.0,17.0,16.0,14.0,12.0,17.0,18.0,21.0,27.0,17.0,16.0,14.0,19.0,23.0,22.0,42.0,178.0,260.0,372.0,429.0,339.0,418.0,488.0,455.0,441.0,428.0,534.0,475.0,395.0,365.0,431.0,465.0,405.0,365.0,298.0,319.0,257.0,142.0,65.0,36.0,28.0,16.0,11.0,11.0,9.0,8.0,9.0,15.0,7.0,9.0,13.0,11.0,6.0,11.0,5.0,19.0,66.0,104.0,43.0,172.0,107.0,65.0,143.0,162.0,69.0,199.0,168.0,72.0,161.0,107.0,63.0,118.0,116.0,70.0,84.0,72.0,49.0,40.0,46.0,39.0,31.0,26.0,17.0
16.0,15.0,18.0,9.0,10.0,14.0,14.0,15.0,14.0,11.0,7.0,7.0,7.0,6.0,18.0,16.0,10.0,8.0,15.0,9.0,23.0,22.0,13.0,14.0,16.0,21.0,21.0,70.0,25.0,37.0,44.0,19.0,22.0,11.0,19.0,10.0,101.0,144.0,110.0,106.0,53.0,58.0,46.0,72.0,40.0,34.0,22.0,83.0,308.0,387.0,371.0,373.0,418.0,449.0,437.0,532.0,513.0,542.0,472.0,391.0,310.0,306.0,147.0,26.0,18.0,20.0,20.0,27.0,22.0,17.0,18.0,18.0,18.0,22.0,31.0,31.0,30.0,27.0,28.0,44.0,27.0,29.0,24.0,19.0,20.0,27.0,19.0,21.0,19.0,19.0,28.0,26.0,48.0,27.0,33.0,21.0,19.0,30.0,18.0,66.0,199.0,283.0,387.0,494.0,341.0,480.0,592.0,546.0,508.0,490.0,594.0,518.0,566.0,506.0,451.0,580.0,550.0,468.0,463.0,370.0,385.0,318.0,236.0,96.0,169.0,46.0,25.0,17.0,22.0,14.0,12.0,13.0,13.0,19.0,14.0,13.0,19.0,12.0,12.0,13.0,13.0,16.0,14.0,72.0,186.0,83.0,251.0,252.0,156.0,275.0,221.0,108.0,188.0,201.0,73.0,208.0,192.0,79.0,196.0,137.0,49.0,105.0,58.0,68.0,23.0,69.0,49.0,63.0,40.0,44.0,23.0,25.0
19.0,17.0,8.0,10.0,24.0,16.0,18.0,13.0,24.0,25.0,15.0,46.0,92.0,21.0,15.0,8.0,17.0,14.0,6.0,14.0,4.0,14.0,14.0,10.0,12.0,9.0,8.0,13.0,9.0,6.0,6.0,9.0,6.0,8.0,8.0,8.0,11.0,7.0,15.0,11.0,4.0,13.0,15.0,10.0,16.0,24.0,22.0,27.0,9.0,29.0,12.0,11.0,19.0,13.0,10.0,30.0,226.0,261.0,335.0,430.0,434.0,496.0,522.0,449.0,464.0,531.0,526.0,517.0,422.0,324.0,184.0,72.0,32.0,36.0,21.0,17.0,13.0,12.0,24.0,13.0,13.0,22.0,25.0,19.0,24.0,32.0,32.0,32.0,33.0,34.0,62.0,36.0,20.0,26.0,22.0,26.0,17.0,11.0,24.0,22.0,21.0,20.0,23.0,51.0,40.0,24.0,25.0,17.0,11.0,18.0,12.0,80.0,183.0,134.0,373.0,436.0,422.0,400.0,357.0,476.0,570.0,499.0,382.0,567.0,501.0,473.0,458.0,418.0,488.0,470.0,411.0,303.0,169.0,281.0,250.0,208.0,62.0,49.0,16.0,14.0,15.0,11.0,14.0,21.0,12.0,19.0,11.0,14.0,8.0,15.0,12.0,15.0,13.0,13.0,25.0,93.0,147.0,192.0,96.0,249.0,155.0,179.0,119.0,202.0,240.0,123.0,259.0,192.0,115.0,223.0,193.0,114.0
40.0,23.0,67.0,158.0,43.0,25.0,73.0,38.0,23.0,35.0,30.0,19.0,19.0,26.0,18.0,39.0,35.0,44.0,38.0,34.0,37.0,31.0,32.0,40.0,31.0,32.0,44.0,36.0,36.0,48.0,28.0,45.0,46.0,55.0,29.0,127.0,26.0,19.0,18.0,12.0,10.0,15.0,21.0,23.0,39.0,13.0,33.0,19.0,36.0,24.0,15.0,12.0,14.0,52.0,225.0,288.0,252.0,226.0,257.0,196.0,224.0,284.0,364.0,441.0,386.0,378.0,399.0,327.0,323.0,262.0,106.0,44.0,27.0,14.0,16.0,13.0,7.0,18.0,16.0,12.0,9.0,16.0,17.0,14.0,19.0,23.0,21.0,22.0,29.0,26.0,30.0,19.0,17.0,15.0,17.0,17.0,12.0,17.0,11.0,21.0,15.0,9.0,16.0,16.0,19.0,21.0,20.0,29.0,17.0,28.0,19.0,14.0,23.0,40.0,175.0,324.0,288.0,308.0,486.0,538.0,438.0,377.0,528.0,549.0,491.0,510.0,425.0,600.0,447.0,488.0,482.0,443.0,499.0,440.0,412.0,324.0,229.0,241.0,30.0,27.0,9.0,19.0,21.0,12.0,10.0,13.0,13.0,7.0,12.0,8.0,13.0,9.0,13.0,15.0,10.0,10.0,13.0,61.0,104.0,159.0,156.0,75.0,184.0,277.0,157.0,315.0,220.0,220.0,212.0,215.0,159.0,78.0
12.0,12.0,9.0,11.0,12.0,24.0,14.0,13.0,9.0,16.0,20.0,11.0,5.0,14.0,9.0,17.0,11.0,12.0,15.0,9.0,4.0,19.0,10.0,15.0,18.0,9.0,11.0,10.0,12.0,7.0,11.0,9.0,4.0,7.0,14.0,30.0,136.0,38.0,29.0,44.0,42.0,18.0,14.0,22.0,35.0,19.0,20.0,36.0,30.0,24.0,23.0,38.0,154.0,284.0,464.0,505.0,494.0,467.0,498.0,470.0,499.0,464.0,395.0,311.0,112.0,57.0,54.0,36.0,10.0,10.0,12.0,11.0,6.0,10.0,17.0,17.0,10.0,20.0,23.0,25.0,19.0,25.0,29.0,22.0,13.0,7.0,10.0,16.0,4.0,12.0,14.0,5.0,11.0,11.0,16.0,20.0,21.0,20.0,14.0,85.0,268.0,227.0,494.0,527.0,480.0,453.0,556.0,591.0,455.0,427.0,473.0,493.0,491.0,478.0,467.0,548.0,461.0,448.0,277.0,260.0,198.0,62.0,46.0,17.0,18.0,13.0,13.0,17.0,14.0,13.0,12.0,13.0,12.0,9.0,14.0,12.0,12.0,22.0,76.0,88.0,100.0,67.0,121.0,82.0,131.0,74.0,50.0,83.0,80.0,57.0,79.0,131.0,59.0,79.0,142.0,68.0,158.0,95.0,46.0,39.0,33.0,27.0,33.0,19.0,16.0,18.0,13.0,4.0,14.0,13.0,10.0,15.0
24.0,22.0,25.0,17.0,20.0,12.0,19.0,17.0,18.0,8.0,23.0,18.0,17.0,11.0,12.0,10.0,11.0,12.0,9.0,15.0,12.0,10.0,10.0,7.0,14.0,13.0,15.0,20.0,12.0,11.0,15.0,20.0,16.0,18.0,21.0,16.0,26.0,13.0,9.0,12.0,12.0,13.0,12.0,15.0,11.0,16.0,8.0,19.0,12.0,18.0,16.0,13.0,10.0,18.0,15.0,11.0,11.0,21.0,15.0,14.0,21.0,18.0,12.0,19.0,13.0,15.0,52.0,36.0,40.0,17.0,14.0,22.0,17.0,18.0,14.0,16.0,60.0,228.0,304.0,266.0,320.0,334.0,337.0,336.0,384.0,373.0,442.0,422.0,408.0,378.0,332.0,293.0,194.0,87.0,41.0,14.0,10.0,12.0,19.0,26.0,11.0,15.0,14.0,16.0,20.0,24.0,26.0,20.0,24.0,21.0,35.0,45.0,22.0,20.0,24.0,14.0,16.0,13.0,21.0,11.0,23.0,8.0,26.0,14.0,20.0,36.0,20.0,12.0,16.0,10.0,18.0,36.0,203.0,204.0,417.0,408.0,411.0,394.0,517.0,462.0,453.0,531.0,527.0,482.0,445.0,611.0,499.0,419.0,409.0,463.0,354.0,305.0,245.0,233.0,54.0,33.0,29.0,10.0,20.0,12.0,22.0,21.0,17.0,14.0,21.0,18.0,16.0,18.0,4.0,9.0,7.0,31.0
17.0,15.0,12.0,30.0,22.0,19.0,17.0,15.0,9.0,13.0,8.0,19.0,38.0,68.0,94.0,65.0,34.0,20.0,30.0,29.0,18.0,28.0,29.0,30.0,25.0,39.0,33.0,33.0,15.0,22.0,33.0,32.0,37.0,21.0,46.0,48.0,35.0,53.0,43.0,61.0,71.0,28.0,12.0,16.0,25.0,22.0,14.0,17.0,14.0,12.0,15.0,18.0,10.0,12.0,9.0,4.0,10.0,5.0,8.0,17.0,10.0,20.0,23.0,28.0,32.0,26.0,27.0,24.0,25.0,17.0,76.0,249.0,316.0,239.0,290.0,360.0,275.0,288.0,335.0,290.0,308.0,300.0,312.0,164.0,98.0,84.0,28.0,28.0,22.0,21.0,18.0,8.0,7.0,14.0,15.0,24.0,11.0,20.0,20.0,24.0,27.0,25.0,24.0,30.0,15.0,21.0,24.0,13.0,17.0,15.0,13.0,16.0,13.0,29.0,48.0,19.0,19.0,19.0,20.0,91.0,294.0,363.0,466.0,402.0,408.0,500.0,490.0,410.0,540.0,543.0,487.0,365.0,519.0,525.0,452.0,341.0,257.0,371.0,294.0,175.0,55.0,109.0,17.0,25.0,17.0,19.0,17.0,24.0,14.0,19.0,12.0,19.0,14.0,17.0,13.0,15.0,18.0,15.0,13.0,60.0,123.0,118.0,138.0,142.0,127.0,190.0,201.0,202.0,275.0,313.0,341.0,214.0
6.0,6.0,17.0,12.0,9.0,14.0,14.0,12.0,9.0,18.0,10.0,5.0,9.0,16.0,16.0,6.0,12.0,18.0,14.0,15.0,14.0,9.0,13.0,9.0,14.0,18.0,8.0,22.0,11.0,21.0,13.0,17.0,20.0,12.0,19.0,12.0,10.0,9.0,20.0,22.0,18.0,15.0,26.0,38.0,25.0,44.0,33.0,29.0,28.0,26.0,24.0,19.0,36.0,228.0,209.0,290.0,310.0,315.0,325.0,363.0,361.0,327.0,323.0,360.0,277.0,139.0,118.0,101.0,38.0,28.0,41.0,36.0,38.0,61.0,43.0,62.0,66.0,45.0,37.0,61.0,77.0,224.0,35.0,37.0,20.0,32.0,23.0,26.0,29.0,22.0,27.0,25.0,30.0,30.0,70.0,54.0,45.0,48.0,59.0,42.0,55.0,158.0,190.0,163.0,434.0,370.0,381.0,422.0,514.0,426.0,441.0,581.0,492.0,373.0,542.0,508.0,485.0,439.0,584.0,438.0,359.0,175.0,157.0,87.0,39.0,36.0,15.0,12.0,25.0,23.0,21.0,23.0,25.0,73.0,45.0,58.0,59.0,69.0,89.0,103.0,92.0,149.0,182.0,260.0,119.0,142.0,117.0,106.0,148.0,79.0,202.0,72.0,128.0,180.0,128.0,235.0,187.0,97.0,185.0,125.0,207.0,53.0,60.0,45.0,52.0,27.0,66.0,31.0,52.0,28.0,39.0,24.0
17.0,8.0,10.0,5.0,9.0,4.0,17.0,9.0,3.0,4.0,10.0,17.0,14.0,10.0,11.0,5.0,5.0,9.0,11.0,10.0,15.0,15.0,14.0,6.0,9.0,13.0,9.0,4.0,8.0,14.0,5.0,23.0,14.0,15.0,5.0,7.0,8.0,8.0,15.0,15.0,18.0,7.0,18.0,20.0,22.0,30.0,24.0,22.0,21.0,26.0,21.0,13.0,23.0,20.0,10.0,24.0,331.0,309.0,315.0,319.0,315.0,293.0,290.0,288.0,264.0,308.0,332.0,340.0,306.0,266.0,166.0,101.0,72.0,102.0,86.0,20.0,20.0,13.0,20.0,19.0,18.0,16.0,17.0,19.0,24.0,28.0,20.0,24.0,36.0,25.0,33.0,29.0,22.0,8.0,14.0,16.0,14.0,9.0,21.0,4.0,18.0,26.0,25.0,32.0,35.0,62.0,102.0,16.0,20.0,17.0,16.0,124.0,339.0,190.0,462.0,479.0,413.0,408.0,617.0,489.0,551.0,539.0,571.0,579.0,458.0,481.0,576.0,514.0,406.0,393.0,486.0,332.0,218.0,253.0,197.0,32.0,27.0,26.0,16.0,21.0,20.0,14.0,9.0,13.0,13.0,7.0,12.0,10.0,8.0,8.0,6.0,17.0,80.0,108.0,129.0,138.0,80.0,83.0,121.0,117.0,67.0,183.0,197.0,116.0,220.0,204.0,77.0,198.0,194.0,61.0,176.0,119.0
12.0,17.0,16.0,16.0,18.0,16.0,15.0,16.0,21.0,10.0,12.0,12.0,16.0,17.0,13.0,10.0,12.0,16.0,14.0,13.0,20.0,27.0,17.0,17.0,22.0,25.0,16.0,10.0,18.0,21.0,25.0,25.0,19.0,14.0,15.0,11.0,13.0,18.0,15.0,19.0,21.0,21.0,8.0,21.0,15.0,18.0,18.0,3.0,17.0,18.0,7.0,23.0,26.0,29.0,44.0,31.0,22.0,17.0,14.0,17.0,40.0,257.0,323.0,334.0,328.0,380.0,391.0,391.0,382.0,384.0,346.0,364.0,387.0,343.0,265.0,212.0,216.0,117.0,40.0,50.0,28.0,32.0,49.0,28.0,32.0,37.0,30.0,22.0,28.0,36.0,32.0,29.0,26.0,36.0,21.0,36.0,41.0,24.0,110.0,13.0,13.0,13.0,9.0,15.0,9.0,15.0,4.0,24.0,21.0,31.0,28.0,29.0,14.0,16.0,19.0,25.0,26.0,103.0,228.0,363.0,376.0,412.0,534.0,515.0,499.0,446.0,588.0,513.0,541.0,497.0,660.0,583.0,522.0,453.0,412.0,411.0,254.0,131.0,75.0,71.0,21.0,21.0,18.0,15.0,17.0,22.0,17.0,13.0,17.0,19.0,11.0,8.0,18.0,14.0,11.0,13.0,13.0,9.0,26.0,97.0,73.0,146.0,115.0,159.0,99.0,202.0,255.0,147.0,276.0,178.0,163.0,256.0
16.0,12.0,16.0,15.0,17.0,9.0,13.0,21.0,23.0,18.0,17.0,19.0,28.0,33.0,31.0,44.0,44.0,49.0,48.0,56.0,100.0,109.0,82.0,107.0,133.0,103.0,121.0,106.0,113.0,150.0,225.0,209.0,247.0,237.0,242.0,247.0,206.0,139.0,131.0,138.0,78.0,91.0,108.0,74.0,112.0,77.0,55.0,84.0,116.0,169.0,151.0,136.0,258.0,263.0,206.0,136.0,79.0,34.0,14.0,25.0,23.0,33.0,33.0,26.0,25.0,23.0,24.0,16.0,17.0,12.0,6.0,17.0,16.0,15.0,23.0,42.0,32.0,32.0,22.0,20.0,21.0,36.0,159.0,279.0,376.0,380.0,443.0,490.0,446.0,478.0,533.0,566.0,562.0,539.0,524.0,467.0,379.0,189.0,89.0,69.0,62.0,37.0,40.0,46.0,34.0,34.0,38.0,37.0,26.0,41.0,45.0,29.0,47.0,45.0,63.0,53.0,48.0,57.0,51.0,46.0,26.0,13.0,28.0,21.0,26.0,14.0,17.0,18.0,12.0,19.0,22.0,30.0,23.0,15.0,14.0,21.0,68.0,290.0,416.0,396.0,479.0,597.0,558.0,538.0,454.0,643.0,514.0,341.0,474.0,619.0,466.0,463.0,579.0,478.0,446.0,502.0,591.0,487.0,403.0,235.0,249.0,66.0,29.0,23.0,22.0,11.0,20.0,16.0,24.0,25.0,15.0,26.0
63.0,135.0,34.0,19.0,34.0,23.0,16.0,16.0,15.0,10.0,9.0,20.0,15.0,15.0,13.0,15.0,12.0,8.0,14.0,11.0,13.0,23.0,12.0,14.0,12.0,8.0,16.0,25.0,12.0,17.0,19.0,33.0,29.0,31.0,20.0,17.0,21.0,31.0,24.0,26.0,20.0,32.0,32.0,31.0,30.0,47.0,20.0,35.0,28.0,40.0,28.0,30.0,77.0,195.0,330.0,406.0,395.0,414.0,448.0,536.0,517.0,574.0,621.0,500.0,411.0,355.0,202.0,78.0,41.0,34.0,27.0,24.0,20.0,17.0,32.0,20.0,18.0,38.0,31.0,32.0,37.0,27.0,57.0,27.0,44.0,29.0,16.0,26.0,17.0,29.0,22.0,17.0,25.0,29.0,17.0,40.0,35.0,31.0,43.0,40.0,34.0,26.0,29.0,108.0,261.0,491.0,556.0,475.0,636.0,615.0,597.0,501.0,654.0,623.0,525.0,515.0,675.0,600.0,602.0,534.0,617.0,534.0,468.0,267.0,195.0,249.0,44.0,29.0,20.0,25.0,21.0,17.0,18.0,20.0,42.0,27.0,25.0,27.0,40.0,37.0,42.0,55.0,62.0,90.0,241.0,107.0,162.0,251.0,193.0,115.0,227.0,190.0,158.0,170.0,169.0,173.0,132.0,119.0,142.0,154.0,154.0,83.0,162.0,53.0,48.0,122.0,76.0,89.0,43.0,39.0,41.0,48.0
7.0,21.0,14.0,11.0,15.0,9.0,14.0,8.0,5.0,11.0,15.0,13.0,10.0,17.0,15.0,5.0,12.0,8.0,25.0,21.0,15.0,29.0,39.0,22.0,16.0,32.0,28.0,29.0,13.0,21.0,37.0,14.0,15.0,13.0,11.0,13.0,19.0,14.0,18.0,21.0,22.0,13.0,13.0,12.0,17.0,12.0,17.0,27.0,28.0,40.0,31.0,87.0,29.0,96.0,39.0,78.0,41.0,37.0,22.0,39.0,38.0,27.0,33.0,278.0,344.0,495.0,619.0,642.0,661.0,703.0,716.0,692.0,653.0,677.0,684.0,599.0,281.0,127.0,116.0,69.0,28.0,34.0,32.0,45.0,47.0,49.0,72.0,63.0,66.0,43.0,31.0,21.0,50.0,36.0,29.0,29.0,19.0,18.0,21.0,25.0,25.0,20.0,17.0,23.0,29.0,12.0,24.0,22.0,34.0,33.0,32.0,28.0,29.0,31.0,42.0,162.0,295.0,303.0,406.0,548.0,590.0,575.0,448.0,602.0,546.0,520.0,477.0,642.0,572.0,529.0,596.0,668.0,566.0,498.0,539.0,519.0,438.0,251.0,68.0,49.0,26.0,14.0,19.0,14.0,17.0,17.0,13.0,17.0,18.0,16.0,26.0,13.0,21.0,19.0,16.0,17.0,31.0,232.0,152.0,249.0,219.0,306.0,286.0,236.0,334.0,162.0,147.0,181.0,204.0,167.0,266.0,223.0
3.0,13.0,16.0,13.0,16.0,21.0,4.0,13.0,18.0,20.0,18.0,11.0,19.0,15.0,11.0,10.0,16.0,10.0,21.0,15.0,33.0,15.0,19.0,12.0,11.0,13.0,14.0,17.0,14.0,11.0,16.0,26.0,26.0,18.0,22.0,11.0,16.0,19.0,19.0,10.0,22.0,21.0,20.0,33.0,58.0,26.0,27.0,79.0,178.0,390.0,428.0,601.0,659.0,646.0,679.0,673.0,726.0,720.0,687.0,674.0,673.0,569.0,460.0,353.0,201.0,123.0,79.0,71.0,42.0,55.0,27.0,54.0,48.0,64.0,91.0,46.0,69.0,61.0,67.0,57.0,82.0,96.0,99.0,116.0,115.0,121.0,56.0,38.0,43.0,23.0,21.0,32.0,12.0,18.0,31.0,20.0,28.0,25.0,22.0,31.0,22.0,18.0,28.0,168.0,314.0,332.0,407.0,594.0,544.0,467.0,479.0,374.0,552.0,482.0,444.0,510.0,628.0,548.0,455.0,446.0,475.0,584.0,503.0,394.0,251.0,87.0,179.0,42.0,31.0,23.0,33.0,27.0,24.0,26.0,19.0,21.0,27.0,26.0,25.0,14.0,14.0,33.0,17.0,18.0,68.0,246.0,245.0,307.0,200.0,365.0,220.0,288.0,314.0,332.0,208.0,184.0,247.0,307.0,296.0,227.0,363.0,267.0,82.0,214.0,77.0,119.0,41.0,101.0,45.0,53.0,26.0,52.0
22.0,22.0,20.0,14.0,20.0,22.0,18.0,18.0,29.0,19.0,30.0,26.0,39.0,26.0,29.0,30.0,25.0,20.0,27.0,30.0,34.0,23.0,25.0,24.0,19.0,26.0,30.0,23.0,27.0,26.0,39.0,27.0,31.0,36.0,25.0,56.0,31.0,60.0,55.0,29.0,27.0,29.0,22.0,18.0,28.0,33.0,22.0,18.0,37.0,58.0,56.0,41.0,55.0,61.0,49.0,53.0,38.0,47.0,134.0,121.0,69.0,85.0,62.0,56.0,52.0,49.0,60.0,115.0,75.0,70.0,58.0,244.0,364.0,420.0,312.0,428.0,440.0,449.0,455.0,464.0,478.0,414.0,476.0,478.0,327.0,242.0,113.0,50.0,21.0,21.0,54.0,17.0,46.0,24.0,47.0,26.0,30.0,37.0,42.0,31.0,50.0,58.0,83.0,119.0,25.0,21.0,33.0,27.0,25.0,25.0,34.0,25.0,35.0,28.0,24.0,15.0,29.0,33.0,27.0,34.0,29.0,49.0,21.0,28.0,24.0,31.0,89.0,197.0,315.0,349.0,440.0,622.0,584.0,588.0,508.0,568.0,670.0,667.0,539.0,482.0,578.0,628.0,622.0,557.0,469.0,392.0,387.0,214.0,169.0,36.0,26.0,19.0,21.0,20.0,21.0,26.0,16.0,12.0,17.0,15.0,19.0,19.0,29.0,25.0,26.0,42.0,205.0,130.0,386.0,319.0,177.0,177.0
21.0,22.0,19.0,19.0,18.0,14.0,46.0,48.0,21.0,16.0,19.0,15.0,12.0,17.0,14.0,14.0,17.0,13.0,6.0,19.0,15.0,18.0,20.0,19.0,26.0,25.0,40.0,84.0,61.0,30.0,27.0,25.0,22.0,25.0,18.0,12.0,8.0,15.0,22.0,26.0,27.0,39.0,77.0,39.0,30.0,18.0,19.0,24.0,9.0,16.0,33.0,15.0,18.0,16.0,24.0,33.0,17.0,39.0,161.0,40.0,51.0,67.0,44.0,55.0,42.0,45.0,50.0,44.0,112.0,324.0,418.0,411.0,545.0,589.0,551.0,598.0,697.0,623.0,674.0,653.0,711.0,717.0,672.0,701.0,563.0,527.0,303.0,95.0,57.0,36.0,22.0,16.0,17.0,20.0,13.0,24.0,23.0,20.0,30.0,27.0,46.0,26.0,26.0,34.0,57.0,34.0,21.0,25.0,25.0,16.0,18.0,17.0,13.0,20.0,6.0,13.0,9.0,16.0,63.0,15.0,24.0,17.0,25.0,14.0,23.0,26.0,54.0,153.0,285.0,380.0,304.0,378.0,484.0,452.0,448.0,483.0,463.0,436.0,453.0,628.0,471.0,497.0,484.0,520.0,420.0,389.0,507.0,357.0,267.0,226.0,95.0,27.0,33.0,25.0,23.0,16.0,22.0,18.0,30.0,27.0,22.0,20.0,20.0,21.0,15.0,15.0,39.0,62.0,54.0,28.0,46.0,36.0
8.0,17.0,15.0,21.0,11.0,12.0,16.0,13.0,14.0,11.0,13.0,9.0,7.0,20.0,11.0,7.0,5.0,13.0,20.0,14.0,14.0,6.0,15.0,7.0,14.0,12.0,16.0,14.0,9.0,15.0,16.0,16.0,17.0,12.0,17.0,21.0,23.0,26.0,23.0,44.0,33.0,45.0,29.0,26.0,30.0,41.0,32.0,31.0,30.0,34.0,23.0,135.0,329.0,397.0,419.0,591.0,552.0,514.0,599.0,587.0,574.0,557.0,559.0,559.0,511.0,519.0,458.0,454.0,380.0,225.0,45.0,28.0,30.0,21.0,26.0,35.0,21.0,20.0,32.0,24.0,14.0,13.0,14.0,20.0,20.0,39.0,22.0,35.0,33.0,42.0,37.0,24.0,26.0,27.0,23.0,16.0,27.0,24.0,22.0,22.0,21.0,23.0,12.0,20.0,27.0,23.0,27.0,16.0,32.0,25.0,27.0,22.0,25.0,48.0,88.0,330.0,455.0,479.0,362.0,496.0,567.0,501.0,453.0,612.0,524.0,465.0,569.0,515.0,495.0,538.0,596.0,496.0,436.0,461.0,372.0,224.0,236.0,41.0,21.0,27.0,25.0,20.0,17.0,27.0,18.0,20.0,13.0,16.0,12.0,16.0,17.0,41.0,78.0,40.0,47.0,36.0,72.0,36.0,43.0,43.0,20.0,52.0,35.0,22.0,46.0,23.0,18.0,20.0,25.0,19.0,37.0,29.0
13.0,22.0,12.0,16.0,12.0,19.0,10.0,13.0,18.0,11.0,13.0,19.0,16.0,14.0,17.0,10.0,10.0,12.0,14.0,14.0,20.0,13.0,13.0,10.0,12.0,15.0,16.0,15.0,20.0,13.0,18.0,19.0,20.0,19.0,19.0,24.0,17.0,15.0,12.0,27.0,21.0,12.0,12.0,23.0,36.0,45.0,42.0,38.0,40.0,34.0,36.0,17.0,17.0,21.0,19.0,14.0,39.0,297.0,273.0,329.0,321.0,393.0,364.0,393.0,393.0,400.0,408.0,469.0,469.0,448.0,415.0,379.0,310.0,192.0,71.0,71.0,51.0,64.0,55.0,52.0,40.0,54.0,36.0,38.0,41.0,161.0,26.0,39.0,52.0,30.0,36.0,34.0,24.0,27.0,25.0,23.0,35.0,20.0,29.0,19.0,20.0,24.0,31.0,18.0,24.0,23.0,23.0,13.0,14.0,12.0,10.0,13.0,12.0,10.0,11.0,11.0,6.0,17.0,11.0,14.0,12.0,13.0,17.0,8.0,8.0,13.0,20.0,15.0,23.0,12.0,21.0,16.0,25.0,11.0,14.0,14.0,12.0,35.0,89.0,206.0,334.0,447.0,327.0,396.0,560.0,445.0,378.0,628.0,519.0,456.0,597.0,522.0,479.0,592.0,544.0,377.0,472.0,417.0,256.0,74.0,46.0,23.0,24.0,21.0,11.0,16.0,8.0,15.0,9.0,15.0,13.0,15.0
26.0,25.0,21.0,22.0,19.0,20.0,16.0,23.0,14.0,22.0,17.0,21.0,21.0,15.0,17.0,17.0,22.0,16.0,13.0,11.0,17.0,17.0,23.0,18.0,18.0,20.0,19.0,21.0,11.0,12.0,17.0,21.0,30.0,23.0,27.0,21.0,14.0,22.0,20.0,17.0,25.0,18.0,20.0,21.0,21.0,23.0,106.0,310.0,341.0,361.0,417.0,457.0,495.0,497.0,497.0,533.0,533.0,507.0,546.0,499.0,451.0,345.0,136.0,82.0,22.0,8.0,11.0,12.0,11.0,13.0,14.0,11.0,15.0,10.0,16.0,18.0,34.0,27.0,35.0,23.0,24.0,37.0,37.0,18.0,10.0,16.0,12.0,12.0,13.0,15.0,15.0,10.0,5.0,19.0,39.0,31.0,34.0,22.0,34.0,21.0,31.0,26.0,29.0,32.0,109.0,228.0,274.0,235.0,419.0,504.0,416.0,419.0,530.0,508.0,516.0,382.0,523.0,489.0,402.0,455.0,501.0,456.0,319.0,493.0,407.0,310.0,312.0,310.0,81.0,40.0,23.0,21.0,22.0,17.0,17.0,18.0,19.0,28.0,16.0,12.0,18.0,10.0,17.0,17.0,29.0,21.0,25.0,14.0,17.0,18.0,67.0,63.0,68.0,57.0,92.0,147.0,63.0,49.0,51.0,29.0,39.0,63.0,36.0,24.0,58.0,44.0,47.0,42.0,69.0,44.0,33.0,30.0
23.0,19.0,18.0,10.0,19.0,16.0,13.0,8.0,11.0,11.0,15.0,15.0,19.0,23.0,13.0,14.0,12.0,15.0,18.0,15.0,10.0,7.0,19.0,16.0,10.0,32.0,11.0,17.0,14.0,20.0,20.0,16.0,21.0,22.0,21.0,17.0,16.0,30.0,61.0,51.0,40.0,25.0,35.0,46.0,19.0,15.0,47.0,39.0,42.0,16.0,14.0,16.0,20.0,45.0,344.0,350.0,359.0,409.0,452.0,469.0,499.0,541.0,512.0,457.0,385.0,227.0,97.0,41.0,35.0,56.0,26.0,48.0,15.0,46.0,41.0,18.0,44.0,31.0,50.0,29.0,75.0,98.0,130.0,26.0,19.0,12.0,6.0,15.0,14.0,15.0,18.0,22.0,19.0,19.0,28.0,24.0,32.0,28.0,30.0,29.0,25.0,26.0,28.0,24.0,35.0,101.0,102.0,173.0,279.0,396.0,340.0,362.0,468.0,388.0,403.0,462.0,471.0,416.0,427.0,502.0,445.0,320.0,297.0,288.0,125.0,42.0,99.0,18.0,21.0,18.0,21.0,14.0,12.0,9.0,14.0,11.0,12.0,23.0,10.0,11.0,10.0,14.0,17.0,11.0,10.0,32.0,146.0,85.0,35.0,46.0,31.0,78.0,30.0,25.0,33.0,66.0,37.0,26.0,38.0,48.0,15.0,28.0,27.0,25.0,25.0,44.0,47.0,47.0,35.0,37.0,21.0,22.0
12.0,9.0,16.0,18.0,24.0,17.0,23.0,19.0,15.0,18.0,14.0,16.0,16.0,23.0,14.0,28.0,17.0,11.0,12.0,9.0,15.0,13.0,10.0,15.0,9.0,11.0,15.0,15.0,6.0,15.0,13.0,9.0,23.0,26.0,21.0,36.0,41.0,30.0,27.0,19.0,17.0,22.0,22.0,8.0,34.0,255.0,328.0,434.0,409.0,440.0,461.0,474.0,529.0,472.0,487.0,510.0,461.0,407.0,394.0,400.0,351.0,351.0,326.0,269.0,198.0,38.0,22.0,19.0,14.0,12.0,21.0,10.0,24.0,23.0,11.0,20.0,12.0,16.0,17.0,32.0,33.0,32.0,47.0,29.0,48.0,29.0,32.0,22.0,17.0,19.0,15.0,13.0,11.0,16.0,18.0,19.0,21.0,14.0,14.0,16.0,15.0,18.0,13.0,27.0,28.0,27.0,34.0,29.0,20.0,27.0,18.0,29.0,32.0,212.0,317.0,333.0,236.0,445.0,446.0,419.0,397.0,465.0,403.0,346.0,440.0,406.0,335.0,468.0,415.0,394.0,347.0,354.0,236.0,116.0,174.0,40.0,41.0,18.0,9.0,13.0,18.0,13.0,15.0,14.0,22.0,19.0,26.0,20.0,26.0,25.0,18.0,10.0,22.0,37.0,141.0,57.0,116.0,34.0,80.0,45.0,67.0,41.0,78.0,53.0,39.0,42.0,43.0,47.0,112.0,182.0,230.0,171.0
34.0,40.0,38.0,41.0,52.0,68.0,45.0,51.0,40.0,67.0,26.0,34.0,35.0,20.0,59.0,165.0,12.0,19.0,17.0,13.0,14.0,10.0,13.0,22.0,13.0,17.0,17.0,13.0,17.0,13.0,10.0,11.0,17.0,9.0,12.0,13.0,14.0,17.0,17.0,16.0,13.0,22.0,24.0,21.0,17.0,29.0,10.0,25.0,18.0,12.0,16.0,21.0,25.0,31.0,24.0,42.0,28.0,24.0,23.0,13.0,18.0,209.0,350.0,439.0,571.0,604.0,618.0,573.0,649.0,657.0,610.0,568.0,554.0,507.0,265.0,239.0,136.0,21.0,17.0,19.0,22.0,16.0,17.0,15.0,17.0,5.0,19.0,14.0,20.0,19.0,23.0,43.0,34.0,37.0,14.0,13.0,11.0,11.0,13.0,17.0,8.0,11.0,10.0,14.0,24.0,27.0,20.0,14.0,23.0,13.0,13.0,16.0,48.0,229.0,400.0,340.0,402.0,481.0,410.0,344.0,406.0,534.0,462.0,319.0,529.0,450.0,323.0,400.0,474.0,421.0,304.0,435.0,366.0,298.0,136.0,246.0,210.0,63.0,22.0,18.0,11.0,18.0,8.0,10.0,10.0,17.0,20.0,15.0,12.0,18.0,15.0,14.0,21.0,32.0,74.0,64.0,29.0,32.0,106.0,32.0,14.0,39.0,36.0,18.0,23.0,20.0,32.0,27.0,25.0,33.0,29.0,34.0
23.0,12.0,19.0,22.0,17.0,26.0,14.0,15.0,22.0,18.0,22.0,22.0,15.0,21.0,17.0,18.0,10.0,9.0,13.0,15.0,16.0,23.0,19.0,7.0,7.0,23.0,20.0,16.0,27.0,35.0,22.0,26.0,25.0,17.0,32.0,39.0,38.0,23.0,21.0,17.0,18.0,21.0,14.0,21.0,26.0,19.0,15.0,19.0,133.0,301.0,366.0,339.0,367.0,339.0,326.0,335.0,359.0,419.0,403.0,397.0,381.0,355.0,349.0,339.0,330.0,304.0,295.0,218.0,45.0,8.0,14.0,8.0,11.0,19.0,19.0,5.0,12.0,19.0,15.0,14.0,10.0,24.0,15.0,16.0,27.0,23.0,27.0,19.0,16.0,23.0,32.0,20.0,23.0,19.0,25.0,25.0,18.0,24.0,29.0,16.0,12.0,18.0,15.0,11.0,15.0,9.0,9.0,21.0,9.0,7.0,8.0,21.0,19.0,14.0,18.0,21.0,28.0,16.0,23.0,17.0,18.0,37.0,84.0,261.0,360.0,391.0,337.0,479.0,455.0,335.0,483.0,555.0,439.0,419.0,566.0,455.0,426.0,540.0,446.0,370.0,431.0,459.0,301.0,245.0,201.0,21.0,15.0,15.0,13.0,17.0,12.0,12.0,11.0,16.0,13.0,12.0,19.0,14.0,9.0,17.0,24.0,69.0,75.0,35.0,91.0,44.0,54.0,55.0,16.0,20.0,50.0,28.0
41.0,29.0,29.0,26.0,30.0,30.0,16.0,18.0,14.0,13.0,31.0,21.0,28.0,40.0,14.0,26.0,63.0,40.0,66.0,15.0,15.0,12.0,14.0,19.0,13.0,17.0,14.0,25.0,19.0,14.0,11.0,15.0,13.0,11.0,15.0,9.0,17.0,18.0,14.0,15.0,17.0,16.0,12.0,15.0,15.0,16.0,16.0,13.0,17.0,9.0,19.0,13.0,8.0,11.0,16.0,19.0,15.0,16.0,15.0,25.0,31.0,28.0,22.0,16.0,18.0,19.0,16.0,20.0,12.0,23.0,29.0,171.0,373.0,360.0,366.0,362.0,358.0,402.0,395.0,372.0,342.0,408.0,361.0,346.0,310.0,273.0,298.0,337.0,336.0,324.0,235.0,57.0,26.0,23.0,26.0,32.0,18.0,29.0,26.0,36.0,28.0,41.0,32.0,32.0,30.0,33.0,35.0,26.0,42.0,32.0,43.0,34.0,17.0,18.0,20.0,24.0,31.0,19.0,17.0,17.0,18.0,12.0,20.0,25.0,38.0,59.0,20.0,14.0,13.0,22.0,87.0,327.0,249.0,428.0,535.0,406.0,452.0,547.0,458.0,351.0,445.0,373.0,401.0,365.0,309.0,396.0,275.0,377.0,378.0,304.0,347.0,261.0,151.0,73.0,22.0,27.0,19.0,17.0,17.0,13.0,27.0,15.0,10.0,15.0,5.0,14.0,11.0,35.0,51.0,37.0,21.0,53.0
14.0,24.0,21.0,22.0,25.0,15.0,15.0,10.0,15.0,13.0,14.0,15.0,8.0,10.0,11.0,11.0,8.0,13.0,5.0,2.0,9.0,14.0,13.0,10.0,6.0,11.0,8.0,8.0,8.0,4.0,15.0,9.0,4.0,9.0,3.0,11.0,6.0,8.0,13.0,15.0,15.0,4.0,10.0,14.0,9.0,8.0,7.0,10.0,17.0,11.0,12.0,14.0,35.0,16.0,21.0,26.0,27.0,18.0,23.0,9.0,16.0,21.0,17.0,97.0,372.0,335.0,224.0,269.0,226.0,310.0,302.0,299.0,316.0,297.0,312.0,283.0,209.0,70.0,25.0,11.0,8.0,12.0,16.0,15.0,13.0,7.0,8.0,19.0,19.0,22.0,17.0,10.0,31.0,31.0,32.0,23.0,14.0,8.0,19.0,11.0,5.0,8.0,8.0,12.0,17.0,24.0,40.0,11.0,16.0,11.0,34.0,192.0,339.0,306.0,403.0,467.0,332.0,463.0,342.0,370.0,324.0,267.0,307.0,237.0,244.0,127.0,298.0,108.0,121.0,99.0,84.0,35.0,47.0,24.0,13.0,59.0,34.0,22.0,26.0,33.0,50.0,20.0,40.0,27.0,110.0,17.0,15.0,9.0,41.0,41.0,24.0,21.0,32.0,15.0,31.0,29.0,27.0,21.0,31.0,26.0,27.0,33.0,23.0,20.0,20.0,33.0,33.0,33.0,14.0,15.0,16.0,15.0
20.0,8.0,20.0,14.0,8.0,10.0,14.0,13.0,13.0,13.0,17.0,20.0,19.0,19.0,21.0,61.0,151.0,91.0,54.0,50.0,41.0,50.0,42.0,41.0,33.0,23.0,18.0,22.0,13.0,21.0,18.0,29.0,34.0,18.0,13.0,18.0,27.0,16.0,69.0,87.0,23.0,21.0,20.0,10.0,12.0,16.0,14.0,12.0,18.0,17.0,12.0,18.0,10.0,6.0,15.0,15.0,21.0,17.0,19.0,34.0,30.0,34.0,27.0,22.0,24.0,32.0,28.0,21.0,18.0,15.0,49.0,304.0,233.0,304.0,231.0,279.0,284.0,263.0,232.0,258.0,270.0,264.0,309.0,375.0,318.0,331.0,122.0,33.0,31.0,25.0,12.0,12.0,12.0,10.0,9.0,11.0,6.0,9.0,11.0,19.0,16.0,16.0,32.0,19.0,24.0,22.0,22.0,27.0,21.0,26.0,22.0,26.0,21.0,21.0,13.0,14.0,22.0,18.0,15.0,21.0,41.0,25.0,17.0,17.0,17.0,16.0,14.0,17.0,9.0,17.0,18.0,17.0,10.0,10.0,17.0,13.0,14.0,14.0,14.0,12.0,25.0,50.0,57.0,36.0,19.0,16.0,17.0,20.0,15.0,54.0,194.0,265.0,256.0,393.0,543.0,491.0,452.0,628.0,487.0,529.0,528.0,567.0,522.0,494.0,626.0,426.0,368.0,509.0,319.0,155.0,136.0,43.0
12.0,11.0,15.0,18.0,10.0,15.0,25.0,13.0,19.0,19.0,20.0,13.0,15.0,23.0,17.0,14.0,20.0,20.0,9.0,12.0,15.0,9.0,21.0,6.0,11.0,14.0,14.0,129.0,9.0,8.0,15.0,2.0,23.0,19.0,15.0,17.0,12.0,23.0,17.0,17.0,15.0,11.0,13.0,15.0,17.0,10.0,6.0,19.0,13.0,8.0,22.0,25.0,20.0,19.0,22.0,21.0,45.0,18.0,8.0,12.0,15.0,22.0,170.0,341.0,404.0,436.0,494.0,490.0,552.0,573.0,537.0,516.0,397.0,231.0,113.0,35.0,15.0,28.0,22.0,11.0,24.0,33.0,27.0,26.0,37.0,48.0,42.0,35.0,18.0,11.0,17.0,12.0,16.0,9.0,9.0,11.0,8.0,24.0,25.0,48.0,55.0,25.0,15.0,23.0,21.0,46.0,85.0,197.0,242.0,362.0,491.0,570.0,427.0,515.0,558.0,532.0,468.0,475.0,509.0,555.0,504.0,471.0,444.0,367.0,363.0,221.0,90.0,38.0,15.0,16.0,10.0,19.0,21.0,18.0,26.0,15.0,25.0,18.0,13.0,23.0,12.0,14.0,18.0,71.0,69.0,59.0,82.0,44.0,69.0,31.0,64.0,42.0,42.0,50.0,55.0,28.0,33.0,21.0,20.0,28.0,30.0,38.0,37.0,31.0,31.0,16.0,11.0,17.0,21.0,20.0,25.0,16.0
15.0,13.0,14.0,10.0,12.0,22.0,13.0,25.0,13.0,15.0,18.0,11.0,17.0,10.0,10.0,16.0,16.0,11.0,16.0,15.0,18.0,17.0,11.0,12.0,9.0,9.0,15.0,14.0,14.0,15.0,12.0,7.0,6.0,17.0,22.0,13.0,20.0,19.0,16.0,15.0,11.0,20.0,17.0,19.0,12.0,23.0,14.0,21.0,14.0,20.0,27.0,23.0,14.0,35.0,23.0,63.0,46.0,23.0,21.0,18.0,19.0,67.0,404.0,408.0,372.0,424.0,455.0,464.0,456.0,425.0,428.0,373.0,271.0,120.0,62.0,88.0,86.0,47.0,30.0,21.0,43.0,42.0,51.0,45.0,30.0,58.0,39.0,54.0,202.0,36.0,18.0,24.0,30.0,21.0,29.0,41.0,35.0,28.0,33.0,30.0,43.0,80.0,58.0,47.0,33.0,25.0,50.0,106.0,224.0,306.0,295.0,454.0,430.0,554.0,515.0,522.0,462.0,581.0,571.0,505.0,461.0,494.0,557.0,477.0,441.0,499.0,362.0,356.0,224.0,52.0,35.0,23.0,13.0,22.0,17.0,16.0,19.0,24.0,18.0,24.0,19.0,24.0,26.0,16.0,78.0,55.0,92.0,113.0,85.0,73.0,61.0,67.0,56.0,29.0,57.0,31.0,37.0,35.0,32.0,53.0,40.0,50.0,29.0,45.0,47.0,35.0,31.0,21.0,19.0,17.0,20.0,21.0
10.0,17.0,13.0,13.0,14.0,16.0,12.0,10.0,14.0,16.0,12.0,15.0,19.0,22.0,11.0,18.0,16.0,11.0,12.0,24.0,13.0,21.0,16.0,20.0,15.0,14.0,14.0,18.0,19.0,18.0,16.0,14.0,13.0,20.0,19.0,13.0,14.0,16.0,17.0,17.0,7.0,11.0,7.0,13.0,11.0,12.0,12.0,18.0,6.0,10.0,10.0,8.0,15.0,13.0,16.0,8.0,13.0,16.0,19.0,9.0,12.0,20.0,27.0,25.0,12.0,20.0,27.0,144.0,412.0,436.0,461.0,455.0,504.0,521.0,515.0,508.0,496.0,473.0,433.0,398.0,308.0,209.0,186.0,141.0,95.0,50.0,62.0,44.0,44.0,48.0,53.0,35.0,49.0,83.0,101.0,113.0,29.0,43.0,30.0,29.0,20.0,11.0,10.0,12.0,11.0,15.0,18.0,19.0,15.0,21.0,19.0,70.0,53.0,24.0,17.0,26.0,28.0,47.0,91.0,137.0,296.0,315.0,398.0,377.0,382.0,500.0,453.0,461.0,451.0,521.0,439.0,434.0,403.0,451.0,374.0,320.0,173.0,240.0,171.0,73.0,38.0,48.0,14.0,20.0,19.0,18.0,13.0,15.0,28.0,27.0,17.0,13.0,11.0,18.0,12.0,17.0,68.0,47.0,50.0,80.0,59.0,54.0,44.0,59.0,46.0,72.0,46.0,53.0,45.0,24.0,44.0,32.0
84.0,43.0,47.0,107.0,30.0,20.0,13.0,15.0,13.0,16.0,17.0,17.0,13.0,17.0,13.0,12.0,13.0,13.0,10.0,9.0,13.0,11.0,17.0,10.0,9.0,13.0,13.0,12.0,9.0,17.0,10.0,11.0,11.0,23.0,39.0,38.0,42.0,26.0,16.0,23.0,19.0,23.0,22.0,16.0,16.0,37.0,270.0,280.0,264.0,342.0,260.0,285.0,302.0,237.0,293.0,326.0,328.0,326.0,382.0,379.0,283.0,66.0,31.0,20.0,23.0,14.0,16.0,14.0,15.0,13.0,14.0,10.0,18.0,14.0,23.0,16.0,35.0,25.0,35.0,24.0,25.0,28.0,27.0,24.0,22.0,31.0,16.0,27.0,26.0,17.0,16.0,20.0,21.0,23.0,21.0,36.0,62.0,46.0,27.0,31.0,40.0,83.0,136.0,58.0,40.0,25.0,20.0,35.0,41.0,63.0,253.0,229.0,289.0,297.0,376.0,471.0,455.0,496.0,578.0,576.0,454.0,650.0,587.0,542.0,436.0,573.0,419.0,276.0,150.0,137.0,25.0,28.0,28.0,14.0,24.0,24.0,19.0,23.0,19.0,11.0,13.0,22.0,32.0,93.0,54.0,101.0,39.0,113.0,51.0,62.0,114.0,35.0,25.0,55.0,53.0,13.0,24.0,37.0,23.0,37.0,50.0,33.0,33.0,30.0,38.0,25.0,25.0,15.0,8.0,20.0,15.0,15.0
15.0,10.0,9.0,11.0,10.0,15.0,15.0,10.0,15.0,14.0,17.0,8.0,11.0,13.0,32.0,46.0,31.0,45.0,28.0,26.0,45.0,34.0,23.0,143.0,77.0,45.0,41.0,22.0,29.0,28.0,29.0,26.0,31.0,33.0,34.0,34.0,41.0,49.0,23.0,22.0,25.0,17.0,11.0,60.0,369.0,345.0,278.0,254.0,308.0,263.0,225.0,284.0,242.0,260.0,239.0,275.0,324.0,331.0,276.0,249.0,48.0,22.0,35.0,30.0,27.0,14.0,11.0,13.0,21.0,11.0,20.0,14.0,20.0,22.0,24.0,25.0,26.0,33.0,20.0,33.0,30.0,51.0,22.0,26.0,11.0,15.0,8.0,11.0,8.0,12.0,4.0,8.0,11.0,8.0,40.0,31.0,30.0,28.0,62.0,181.0,51.0,34.0,58.0,53.0,32.0,43.0,71.0,154.0,318.0,421.0,475.0,458.0,432.0,494.0,585.0,569.0,444.0,574.0,564.0,466.0,453.0,497.0,486.0,433.0,388.0,341.0,349.0,179.0,68.0,47.0,38.0,23.0,21.0,19.0,25.0,16.0,14.0,16.0,14.0,5.0,21.0,29.0,21.0,22.0,23.0,18.0,106.0,60.0,53.0,81.0,38.0,63.0,64.0,22.0,13.0,64.0,43.0,16.0,10.0,33.0,28.0,16.0,27.0,35.0,42.0,29.0,37.0,29.0,21.0,12.0,22.0,17.0
29.0,13.0,14.0,19.0,19.0,15.0,14.0,13.0,10.0,15.0,16.0,18.0,5.0,8.0,17.0,13.0,10.0,30.0,15.0,16.0,17.0,17.0,12.0,10.0,17.0,15.0,10.0,19.0,11.0,13.0,13.0,13.0,15.0,14.0,19.0,14.0,12.0,6.0,19.0,14.0,12.0,13.0,15.0,9.0,13.0,11.0,14.0,20.0,33.0,25.0,37.0,28.0,21.0,22.0,25.0,241.0,273.0,312.0,321.0,281.0,336.0,310.0,296.0,283.0,309.0,296.0,303.0,360.0,353.0,302.0,307.0,266.0,139.0,80.0,62.0,20.0,26.0,29.0,19.0,13.0,26.0,18.0,19.0,27.0,26.0,16.0,23.0,21.0,22.0,30.0,121.0,180.0,117.0,165.0,183.0,146.0,292.0,236.0,105.0,57.0,128.0,63.0,65.0,51.0,45.0,55.0,32.0,35.0,45.0,32.0,51.0,50.0,74.0,71.0,36.0,26.0,22.0,24.0,42.0,37.0,103.0,296.0,463.0,404.0,495.0,371.0,532.0,417.0,532.0,564.0,381.0,534.0,577.0,387.0,454.0,500.0,458.0,410.0,566.0,478.0,477.0,360.0,325.0,73.0,34.0,40.0,22.0,18.0,26.0,32.0,15.0,28.0,22.0,31.0,32.0,25.0,30.0,27.0,23.0,26.0,21.0,55.0,91.0,29.0,51.0,67.0,45.0,24.0,75.0,34.0,25.0,40.0
24.0,13.0,14.0,12.0,10.0,17.0,9.0,12.0,15.0,16.0,10.0,17.0,11.0,18.0,18.0,14.0,14.0,10.0,19.0,19.0,13.0,19.0,11.0,22.0,18.0,25.0,17.0,20.0,28.0,16.0,17.0,20.0,24.0,21.0,25.0,39.0,21.0,33.0,28.0,24.0,13.0,13.0,15.0,21.0,258.0,374.0,491.0,433.0,478.0,421.0,437.0,435.0,434.0,406.0,419.0,424.0,429.0,409.0,405.0,380.0,315.0,218.0,86.0,33.0,25.0,19.0,16.0,19.0,17.0,12.0,16.0,23.0,19.0,21.0,23.0,24.0,39.0,36.0,25.0,45.0,38.0,36.0,48.0,36.0,23.0,21.0,21.0,20.0,24.0,23.0,25.0,19.0,23.0,14.0,21.0,23.0,38.0,36.0,78.0,111.0,27.0,34.0,38.0,29.0,42.0,138.0,321.0,295.0,160.0,421.0,485.0,552.0,512.0,561.0,607.0,604.0,581.0,637.0,731.0,601.0,475.0,464.0,418.0,257.0,200.0,87.0,59.0,74.0,56.0,53.0,46.0,36.0,19.0,21.0,24.0,23.0,19.0,17.0,25.0,16.0,20.0,15.0,13.0,12.0,17.0,12.0,37.0,181.0,131.0,40.0,21.0,40.0,31.0,82.0,57.0,42.0,29.0,50.0,47.0,28.0,31.0,36.0,50.0,67.0,22.0,51.0,31.0,39.0,32.0,23.0,21.0,26.0
27.0,21.0,43.0,28.0,44.0,36.0,34.0,40.0,32.0,40.0,26.0,28.0,30.0,25.0,28.0,23.0,19.0,22.0,16.0,22.0,32.0,23.0,20.0,29.0,26.0,17.0,25.0,13.0,27.0,13.0,23.0,26.0,14.0,14.0,18.0,14.0,11.0,7.0,14.0,15.0,14.0,9.0,8.0,14.0,29.0,20.0,25.0,19.0,27.0,30.0,26.0,25.0,55.0,155.0,118.0,186.0,108.0,66.0,105.0,43.0,152.0,424.0,355.0,285.0,388.0,311.0,349.0,315.0,318.0,367.0,417.0,379.0,335.0,255.0,201.0,61.0,75.0,130.0,48.0,24.0,25.0,13.0,28.0,17.0,35.0,40.0,44.0,82.0,44.0,38.0,33.0,33.0,33.0,19.0,25.0,28.0,24.0,47.0,54.0,57.0,29.0,31.0,190.0,326.0,393.0,498.0,557.0,565.0,616.0,634.0,602.0,660.0,619.0,755.0,803.0,686.0,679.0,677.0,647.0,523.0,419.0,366.0,263.0,137.0,60.0,23.0,19.0,17.0,22.0,23.0,17.0,15.0,22.0,15.0,14.0,28.0,22.0,38.0,35.0,38.0,121.0,233.0,193.0,308.0,135.0,125.0,123.0,95.0,161.0,109.0,30.0,83.0,62.0,29.0,44.0,51.0,33.0,34.0,41.0,43.0,46.0,18.0,36.0,23.0,28.0,27.0,22.0,31.0,28.0,30.0,35.0,37.0
30.0,34.0,21.0,19.0,15.0,13.0,17.0,14.0,15.0,12.0,19.0,12.0,19.0,16.0,6.0,14.0,12.0,6.0,12.0,18.0,23.0,25.0,20.0,29.0,23.0,24.0,16.0,27.0,29.0,27.0,19.0,19.0,15.0,37.0,31.0,35.0,32.0,23.0,27.0,38.0,25.0,9.0,26.0,11.0,51.0,297.0,306.0,354.0,251.0,265.0,259.0,250.0,257.0,252.0,269.0,286.0,305.0,354.0,338.0,375.0,448.0,368.0,228.0,65.0,23.0,23.0,16.0,17.0,19.0,25.0,28.0,28.0,51.0,38.0,36.0,39.0,34.0,55.0,39.0,36.0,45.0,33.0,36.0,37.0,24.0,25.0,25.0,29.0,25.0,18.0,27.0,21.0,18.0,20.0,9.0,18.0,15.0,22.0,23.0,24.0,34.0,23.0,18.0,18.0,35.0,30.0,29.0,182.0,323.0,397.0,472.0,484.0,479.0,602.0,497.0,586.0,534.0,698.0,506.0,571.0,507.0,578.0,526.0,468.0,475.0,559.0,433.0,287.0,187.0,190.0,102.0,30.0,28.0,16.0,17.0,12.0,21.0,11.0,15.0,15.0,14.0,22.0,20.0,18.0,17.0,24.0,18.0,20.0,117.0,66.0,76.0,78.0,54.0,51.0,172.0,65.0,44.0,89.0,42.0,51.0,57.0,27.0,52.0,37.0,15.0,40.0,18.0,45.0,44.0,37.0,40.0,40.0
17.0,21.0,21.0,14.0,18.0,20.0,16.0,21.0,21.0,14.0,19.0,20.0,33.0,27.0,21.0,25.0,21.0,18.0,18.0,16.0,29.0,22.0,22.0,21.0,23.0,28.0,25.0,24.0,31.0,26.0,23.0,28.0,17.0,32.0,14.0,22.0,19.0,25.0,36.0,41.0,70.0,43.0,34.0,39.0,25.0,32.0,26.0,26.0,57.0,295.0,377.0,402.0,351.0,362.0,352.0,353.0,374.0,352.0,385.0,396.0,433.0,457.0,338.0,297.0,192.0,86.0,105.0,48.0,21.0,27.0,29.0,28.0,24.0,18.0,23.0,19.0,20.0,17.0,20.0,39.0,26.0,23.0,32.0,31.0,43.0,37.0,20.0,33.0,13.0,32.0,26.0,26.0,25.0,19.0,9.0,20.0,16.0,11.0,13.0,9.0,30.0,34.0,42.0,80.0,21.0,25.0,18.0,24.0,20.0,74.0,260.0,251.0,118.0,387.0,534.0,432.0,466.0,514.0,415.0,336.0,493.0,414.0,340.0,512.0,379.0,358.0,514.0,475.0,366.0,399.0,267.0,275.0,88.0,168.0,23.0,16.0,15.0,21.0,19.0,9.0,21.0,13.0,12.0,11.0,16.0,18.0,18.0,23.0,19.0,11.0,37.0,129.0,82.0,28.0,50.0,43.0,62.0,22.0,61.0,61.0,18.0,82.0,49.0,27.0,64.0,35.0,39.0,35.0,70.0,46.0,54.0,26.0
14.0,12.0,12.0,14.0,15.0,19.0,8.0,6.0,12.0,9.0,7.0,9.0,5.0,14.0,19.0,11.0,12.0,16.0,5.0,10.0,6.0,17.0,8.0,15.0,18.0,5.0,11.0,17.0,10.0,11.0,14.0,10.0,17.0,21.0,7.0,23.0,12.0,16.0,18.0,23.0,20.0,22.0,37.0,31.0,16.0,17.0,13.0,40.0,346.0,364.0,402.0,417.0,418.0,403.0,455.0,461.0,448.0,496.0,437.0,332.0,162.0,105.0,35.0,23.0,36.0,34.0,26.0,31.0,45.0,46.0,27.0,41.0,58.0,57.0,49.0,35.0,149.0,23.0,14.0,17.0,10.0,14.0,7.0,13.0,15.0,13.0,32.0,23.0,24.0,19.0,13.0,18.0,46.0,102.0,219.0,331.0,437.0,391.0,315.0,505.0,471.0,395.0,432.0,478.0,349.0,403.0,480.0,388.0,291.0,428.0,242.0,65.0,31.0,57.0,25.0,16.0,11.0,13.0,13.0,8.0,16.0,16.0,12.0,14.0,14.0,4.0,14.0,12.0,17.0,12.0,24.0,101.0,61.0,46.0,44.0,53.0,39.0,49.0,54.0,29.0,29.0,57.0,23.0,30.0,37.0,32.0,39.0,27.0,28.0,57.0,30.0,29.0,23.0,33.0,21.0,17.0,33.0,25.0,23.0,27.0,24.0,25.0,25.0,21.0,16.0,16.0,10.0,15.0,17.0,13.0,16.0,14.0
27.0,23.0,31.0,16.0,15.0,16.0,19.0,17.0,15.0,22.0,14.0,17.0,8.0,15.0,13.0,15.0,10.0,16.0,18.0,10.0,18.0,9.0,12.0,8.0,11.0,15.0,12.0,10.0,20.0,12.0,10.0,13.0,10.0,17.0,21.0,39.0,32.0,31.0,32.0,19.0,19.0,18.0,15.0,8.0,21.0,198.0,283.0,298.0,189.0,266.0,152.0,220.0,205.0,187.0,258.0,302.0,314.0,337.0,353.0,335.0,308.0,425.0,391.0,285.0,147.0,22.0,10.0,24.0,20.0,9.0,12.0,28.0,19.0,16.0,15.0,15.0,13.0,14.0,13.0,23.0,26.0,25.0,21.0,17.0,26.0,34.0,24.0,17.0,26.0,23.0,26.0,15.0,13.0,12.0,22.0,29.0,25.0,23.0,23.0,40.0,28.0,45.0,36.0,22.0,33.0,26.0,30.0,25.0,17.0,18.0,17.0,56.0,268.0,369.0,285.0,406.0,499.0,529.0,462.0,572.0,562.0,505.0,417.0,531.0,427.0,371.0,501.0,487.0,438.0,544.0,480.0,303.0,345.0,258.0,237.0,37.0,33.0,28.0,22.0,15.0,11.0,18.0,17.0,16.0,15.0,9.0,25.0,27.0,14.0,16.0,14.0,13.0,116.0,205.0,55.0,70.0,175.0,75.0,63.0,106.0,87.0,68.0,190.0,87.0,174.0,93.0,115.0,67.0,50.0,58.0,77.0,38.0
21.0,18.0,36.0,27.0,46.0,38.0,37.0,41.0,35.0,28.0,34.0,30.0,44.0,67.0,83.0,62.0,15.0,20.0,13.0,15.0,15.0,14.0,20.0,13.0,20.0,8.0,17.0,12.0,14.0,11.0,13.0,11.0,12.0,11.0,15.0,5.0,15.0,9.0,10.0,8.0,9.0,15.0,13.0,20.0,32.0,30.0,23.0,16.0,61.0,262.0,351.0,407.0,479.0,573.0,561.0,526.0,559.0,567.0,588.0,624.0,596.0,471.0,284.0,66.0,26.0,32.0,27.0,21.0,18.0,17.0,22.0,25.0,21.0,20.0,25.0,21.0,46.0,36.0,34.0,39.0,30.0,17.0,21.0,21.0,15.0,19.0,18.0,28.0,23.0,30.0,30.0,77.0,55.0,46.0,36.0,33.0,44.0,163.0,326.0,399.0,416.0,437.0,546.0,489.0,400.0,547.0,432.0,429.0,458.0,537.0,490.0,407.0,570.0,501.0,361.0,433.0,455.0,338.0,158.0,102.0,90.0,41.0,33.0,14.0,16.0,11.0,11.0,13.0,12.0,21.0,14.0,18.0,24.0,21.0,19.0,29.0,135.0,315.0,262.0,246.0,386.0,342.0,211.0,237.0,274.0,271.0,255.0,185.0,314.0,265.0,217.0,204.0,227.0,300.0,224.0,211.0,138.0,202.0,203.0,203.0,53.0,137.0,63.0,43.0,20.0,23.0,15.0,14.0,16.0,13.0,16.0,24.0
23.0,9.0,10.0,8.0,9.0,18.0,10.0,14.0,15.0,17.0,7.0,13.0,15.0,9.0,10.0,22.0,17.0,16.0,13.0,17.0,20.0,20.0,20.0,9.0,16.0,8.0,6.0,12.0,14.0,9.0,10.0,5.0,4.0,15.0,10.0,12.0,10.0,11.0,14.0,24.0,16.0,12.0,13.0,14.0,16.0,11.0,10.0,13.0,18.0,16.0,21.0,32.0,45.0,176.0,106.0,119.0,178.0,61.0,55.0,22.0,127.0,336.0,423.0,439.0,380.0,430.0,478.0,440.0,402.0,433.0,442.0,406.0,417.0,359.0,373.0,311.0,170.0,68.0,123.0,30.0,19.0,16.0,14.0,31.0,24.0,19.0,17.0,20.0,22.0,21.0,20.0,17.0,28.0,24.0,40.0,38.0,36.0,41.0,36.0,42.0,13.0,21.0,25.0,9.0,13.0,16.0,17.0,10.0,21.0,12.0,14.0,19.0,10.0,15.0,25.0,34.0,35.0,13.0,29.0,17.0,16.0,18.0,17.0,23.0,47.0,235.0,191.0,249.0,437.0,434.0,396.0,428.0,481.0,409.0,385.0,512.0,427.0,370.0,486.0,405.0,424.0,429.0,480.0,412.0,426.0,371.0,259.0,151.0,96.0,20.0,17.0,14.0,20.0,21.0,27.0,22.0,16.0,13.0,14.0,17.0,14.0,10.0,16.0,46.0,96.0,43.0,70.0,47.0,53.0,25.0,68.0,24.0
18.0,18.0,18.0,9.0,14.0,15.0,14.0,7.0,16.0,8.0,19.0,13.0,17.0,18.0,19.0,6.0,12.0,10.0,13.0,15.0,23.0,23.0,18.0,23.0,21.0,22.0,23.0,20.0,30.0,28.0,24.0,14.0,15.0,17.0,16.0,27.0,17.0,11.0,11.0,14.0,8.0,12.0,6.0,26.0,16.0,26.0,24.0,15.0,17.0,24.0,19.0,32.0,41.0,34.0,50.0,43.0,37.0,25.0,35.0,16.0,20.0,183.0,378.0,355.0,360.0,473.0,473.0,464.0,479.0,542.0,638.0,562.0,549.0,413.0,212.0,104.0,121.0,54.0,17.0,10.0,21.0,21.0,18.0,16.0,20.0,21.0,21.0,33.0,36.0,35.0,21.0,23.0,23.0,19.0,24.0,14.0,21.0,13.0,14.0,12.0,12.0,17.0,25.0,29.0,35.0,22.0,23.0,36.0,38.0,241.0,295.0,417.0,443.0,445.0,529.0,481.0,462.0,556.0,588.0,599.0,509.0,428.0,558.0,460.0,427.0,470.0,474.0,374.0,199.0,343.0,149.0,49.0,38.0,22.0,11.0,10.0,10.0,9.0,21.0,9.0,14.0,17.0,15.0,14.0,9.0,9.0,8.0,12.0,10.0,23.0,121.0,45.0,62.0,45.0,53.0,27.0,68.0,29.0,23.0,55.0,44.0,20.0,39.0,38.0,15.0,20.0,33.0,39.0,27.0,42.0,46.0,32.0
22.0,18.0,22.0,18.0,26.0,31.0,27.0,29.0,19.0,24.0,19.0,24.0,19.0,15.0,13.0,13.0,18.0,20.0,21.0,21.0,13.0,11.0,16.0,21.0,19.0,21.0,17.0,16.0,21.0,17.0,23.0,22.0,20.0,19.0,21.0,27.0,19.0,19.0,15.0,18.0,21.0,21.0,16.0,17.0,18.0,13.0,26.0,16.0,22.0,34.0,56.0,31.0,26.0,26.0,12.0,28.0,76.0,315.0,308.0,407.0,429.0,476.0,451.0,538.0,566.0,534.0,570.0,587.0,560.0,567.0,527.0,477.0,372.0,186.0,30.0,20.0,23.0,19.0,14.0,21.0,23.0,22.0,16.0,25.0,17.0,17.0,17.0,28.0,23.0,32.0,20.0,25.0,37.0,32.0,35.0,35.0,19.0,27.0,28.0,20.0,33.0,12.0,20.0,16.0,17.0,15.0,14.0,21.0,15.0,17.0,21.0,38.0,38.0,20.0,27.0,29.0,26.0,33.0,59.0,398.0,285.0,393.0,391.0,370.0,494.0,382.0,408.0,520.0,444.0,444.0,434.0,515.0,391.0,468.0,492.0,414.0,180.0,305.0,191.0,42.0,80.0,28.0,13.0,23.0,26.0,20.0,24.0,29.0,23.0,15.0,11.0,13.0,18.0,20.0,19.0,12.0,36.0,105.0,70.0,59.0,60.0,86.0,65.0,51.0,45.0,90.0,34.0,57.0,76.0,22.0,97.0,25.0
28.0,16.0,17.0,18.0,25.0,28.0,22.0,32.0,25.0,15.0,18.0,15.0,15.0,16.0,20.0,24.0,8.0,27.0,14.0,29.0,19.0,22.0,15.0,16.0,17.0,14.0,21.0,26.0,6.0,11.0,20.0,16.0,3.0,32.0,13.0,11.0,14.0,16.0,30.0,26.0,24.0,23.0,19.0,22.0,13.0,17.0,19.0,17.0,14.0,13.0,21.0,19.0,15.0,21.0,54.0,197.0,72.0,70.0,46.0,78.0,87.0,77.0,31.0,53.0,87.0,287.0,413.0,487.0,625.0,564.0,569.0,702.0,592.0,629.0,586.0,423.0,61.0,23.0,37.0,24.0,15.0,25.0,21.0,23.0,23.0,9.0,31.0,23.0,28.0,38.0,37.0,38.0,35.0,35.0,22.0,27.0,14.0,17.0,19.0,21.0,13.0,27.0,19.0,27.0,18.0,38.0,50.0,51.0,14.0,24.0,16.0,28.0,40.0,136.0,337.0,467.0,523.0,630.0,598.0,593.0,553.0,537.0,546.0,613.0,640.0,597.0,644.0,645.0,643.0,640.0,546.0,490.0,364.0,421.0,351.0,207.0,67.0,49.0,17.0,16.0,18.0,16.0,16.0,15.0,23.0,14.0,11.0,4.0,10.0,13.0,12.0,12.0,9.0,43.0,61.0,168.0,84.0,62.0,73.0,50.0,62.0,57.0,30.0,14.0,46.0,36.0,17.0,12.0,35.0,16.0,22.0,26.0
15.0,18.0,15.0,25.0,21.0,16.0,20.0,23.0,19.0,25.0,20.0,21.0,23.0,19.0,20.0,22.0,26.0,8.0,21.0,17.0,18.0,21.0,13.0,16.0,10.0,18.0,19.0,21.0,22.0,24.0,16.0,15.0,20.0,24.0,25.0,16.0,56.0,61.0,34.0,24.0,47.0,23.0,20.0,29.0,18.0,100.0,398.0,443.0,428.0,397.0,337.0,331.0,364.0,378.0,432.0,435.0,437.0,447.0,456.0,450.0,424.0,435.0,390.0,376.0,377.0,399.0,369.0,310.0,226.0,38.0,20.0,26.0,14.0,24.0,21.0,19.0,19.0,33.0,20.0,24.0,14.0,19.0,23.0,18.0,31.0,22.0,23.0,31.0,46.0,29.0,19.0,43.0,37.0,48.0,22.0,16.0,17.0,19.0,17.0,18.0,15.0,15.0,20.0,25.0,30.0,18.0,17.0,19.0,11.0,39.0,16.0,33.0,22.0,19.0,25.0,32.0,25.0,34.0,208.0,285.0,390.0,414.0,442.0,427.0,527.0,538.0,459.0,574.0,523.0,527.0,533.0,583.0,517.0,414.0,608.0,556.0,458.0,575.0,516.0,390.0,263.0,273.0,107.0,31.0,37.0,14.0,11.0,14.0,5.0,6.0,18.0,10.0,11.0,12.0,12.0,19.0,13.0,12.0,11.0,35.0,157.0,108.0,94.0,194.0,149.0,143.0,148.0,124.0,76.0,191.0,95.0,67.0
15.0,19.0,10.0,15.0,21.0,30.0,12.0,14.0,15.0,13.0,17.0,35.0,19.0,17.0,19.0,17.0,14.0,26.0,12.0,23.0,14.0,13.0,14.0,13.0,12.0,15.0,10.0,14.0,13.0,8.0,9.0,12.0,12.0,10.0,15.0,19.0,23.0,26.0,34.0,21.0,19.0,18.0,21.0,14.0,10.0,9.0,15.0,15.0,56.0,287.0,337.0,426.0,453.0,504.0,510.0,536.0,604.0,618.0,613.0,617.0,521.0,362.0,192.0,64.0,71.0,51.0,40.0,41.0,42.0,49.0,40.0,39.0,34.0,30.0,26.0,40.0,34.0,67.0,120.0,41.0,20.0,12.0,7.0,14.0,16.0,17.0,20.0,15.0,17.0,17.0,26.0,18.0,31.0,25.0,23.0,23.0,30.0,15.0,17.0,67.0,245.0,303.0,261.0,508.0,536.0,399.0,400.0,474.0,582.0,542.0,459.0,474.0,500.0,490.0,420.0,415.0,483.0,363.0,425.0,343.0,386.0,230.0,68.0,31.0,23.0,7.0,14.0,13.0,16.0,11.0,16.0,17.0,13.0,20.0,20.0,18.0,20.0,13.0,15.0,19.0,12.0,44.0,154.0,95.0,210.0,194.0,204.0,170.0,220.0,173.0,82.0,249.0,192.0,105.0,81.0,192.0,169.0,217.0,95.0,158.0,132.0,123.0,100.0,75.0,47.0,61.0,46.0,47.0,27.0,23.0,21.0,12.0
10.0,22.0,15.0,12.0,17.0,21.0,13.0,11.0,15.0,16.0,10.0,17.0,10.0,14.0,14.0,16.0,15.0,11.0,18.0,9.0,9.0,15.0,12.0,15.0,20.0,15.0,11.0,19.0,13.0,13.0,17.0,10.0,16.0,19.0,18.0,11.0,8.0,21.0,19.0,9.0,24.0,14.0,23.0,23.0,25.0,24.0,26.0,15.0,17.0,16.0,23.0,15.0,21.0,9.0,22.0,84.0,292.0,451.0,446.0,541.0,515.0,605.0,560.0,541.0,484.0,464.0,417.0,231.0,270.0,151.0,27.0,15.0,16.0,14.0,12.0,13.0,12.0,12.0,8.0,11.0,23.0,30.0,28.0,20.0,56.0,40.0,33.0,22.0,12.0,8.0,15.0,7.0,8.0,8.0,13.0,8.0,9.0,6.0,22.0,26.0,45.0,14.0,29.0,27.0,27.0,25.0,28.0,77.0,257.0,331.0,328.0,440.0,521.0,588.0,601.0,477.0,501.0,468.0,541.0,475.0,479.0,489.0,405.0,558.0,553.0,498.0,467.0,440.0,371.0,286.0,260.0,71.0,100.0,13.0,8.0,19.0,15.0,8.0,12.0,5.0,19.0,10.0,19.0,13.0,11.0,13.0,10.0,20.0,12.0,14.0,56.0,154.0,60.0,38.0,83.0,36.0,111.0,57.0,112.0,49.0,62.0,36.0,65.0,38.0,75.0,43.0,29.0,47.0,78.0,43.0,48.0,30.0
16.0,16.0,19.0,14.0,25.0,23.0,30.0,24.0,39.0,22.0,17.0,14.0,16.0,20.0,15.0,18.0,19.0,24.0,19.0,27.0,11.0,16.0,56.0,31.0,29.0,148.0,36.0,39.0,51.0,32.0,21.0,39.0,92.0,110.0,88.0,58.0,66.0,72.0,36.0,59.0,35.0,72.0,32.0,59.0,54.0,37.0,72.0,82.0,83.0,12.0,91.0,227.0,329.0,336.0,392.0,452.0,442.0,385.0,426.0,581.0,499.0,570.0,508.0,447.0,360.0,208.0,61.0,35.0,34.0,21.0,22.0,21.0,17.0,10.0,9.0,14.0,12.0,15.0,13.0,15.0,20.0,32.0,28.0,26.0,23.0,44.0,26.0,49.0,38.0,29.0,30.0,23.0,20.0,14.0,10.0,13.0,20.0,12.0,6.0,10.0,9.0,5.0,16.0,18.0,22.0,16.0,13.0,12.0,23.0,14.0,33.0,171.0,85.0,301.0,425.0,365.0,418.0,524.0,385.0,361.0,460.0,418.0,355.0,513.0,394.0,301.0,393.0,381.0,267.0,180.0,215.0,148.0,38.0,40.0,15.0,21.0,16.0,14.0,20.0,8.0,17.0,15.0,8.0,6.0,13.0,12.0,3.0,5.0,13.0,45.0,121.0,73.0,51.0,78.0,68.0,57.0,77.0,56.0,48.0,63.0,99.0,59.0,139.0,160.0,56.0,100.0,104.0,47.0,49.0,37.0,39.0,21.0
6.0,16.0,13.0,4.0,12.0,15.0,14.0,10.0,15.0,12.0,10.0,14.0,15.0,3.0,16.0,12.0,15.0,17.0,8.0,16.0,10.0,11.0,7.0,13.0,16.0,19.0,14.0,13.0,10.0,15.0,19.0,14.0,12.0,23.0,15.0,13.0,14.0,19.0,16.0,10.0,9.0,21.0,19.0,17.0,17.0,27.0,36.0,20.0,31.0,25.0,15.0,20.0,27.0,15.0,9.0,18.0,36.0,50.0,44.0,51.0,50.0,18.0,25.0,27.0,24.0,34.0,49.0,342.0,360.0,384.0,336.0,382.0,386.0,372.0,371.0,385.0,363.0,307.0,188.0,126.0,73.0,74.0,74.0,58.0,56.0,61.0,36.0,67.0,46.0,63.0,64.0,42.0,52.0,45.0,58.0,92.0,74.0,130.0,60.0,25.0,22.0,17.0,16.0,22.0,20.0,13.0,27.0,34.0,29.0,33.0,24.0,19.0,28.0,21.0,41.0,84.0,138.0,216.0,276.0,361.0,413.0,497.0,643.0,699.0,622.0,641.0,598.0,607.0,557.0,600.0,674.0,582.0,595.0,618.0,468.0,390.0,346.0,155.0,63.0,32.0,32.0,23.0,19.0,16.0,24.0,9.0,12.0,19.0,13.0,9.0,11.0,17.0,9.0,14.0,4.0,12.0,44.0,101.0,99.0,136.0,80.0,126.0,50.0,66.0,42.0,63.0,47.0,49.0,67.0,24.0,83.0,28.0
23.0,160.0,25.0,13.0,6.0,14.0,10.0,10.0,9.0,14.0,6.0,10.0,8.0,9.0,11.0,7.0,13.0,19.0,14.0,13.0,9.0,9.0,17.0,15.0,11.0,13.0,14.0,12.0,13.0,17.0,9.0,13.0,10.0,15.0,12.0,12.0,20.0,17.0,36.0,28.0,17.0,26.0,30.0,21.0,22.0,21.0,22.0,17.0,60.0,191.0,254.0,313.0,357.0,395.0,387.0,437.0,450.0,466.0,471.0,493.0,537.0,475.0,489.0,417.0,349.0,275.0,232.0,26.0,17.0,12.0,13.0,20.0,13.0,21.0,12.0,13.0,20.0,15.0,21.0,25.0,29.0,16.0,18.0,22.0,34.0,36.0,37.0,36.0,28.0,18.0,13.0,10.0,7.0,18.0,18.0,17.0,14.0,18.0,25.0,24.0,41.0,21.0,21.0,22.0,20.0,18.0,22.0,121.0,246.0,163.0,379.0,434.0,402.0,382.0,326.0,484.0,519.0,415.0,520.0,574.0,561.0,458.0,491.0,504.0,483.0,350.0,490.0,363.0,288.0,135.0,196.0,72.0,37.0,20.0,16.0,13.0,21.0,18.0,14.0,12.0,10.0,6.0,12.0,6.0,18.0,10.0,10.0,17.0,44.0,105.0,66.0,101.0,137.0,74.0,54.0,44.0,73.0,40.0,68.0,42.0,29.0,72.0,42.0,52.0,32.0,36.0,26.0,37.0,33.0,24.0,27.0,21.0
20.0,19.0,18.0,10.0,10.0,15.0,6.0,14.0,13.0,14.0,14.0,17.0,14.0,23.0,14.0,20.0,23.0,16.0,29.0,28.0,19.0,15.0,18.0,9.0,18.0,15.0,14.0,20.0,16.0,17.0,20.0,21.0,22.0,10.0,16.0,17.0,25.0,15.0,12.0,13.0,23.0,25.0,39.0,62.0,38.0,25.0,31.0,28.0,26.0,13.0,20.0,22.0,20.0,19.0,15.0,20.0,14.0,45.0,324.0,301.0,402.0,286.0,381.0,342.0,400.0,426.0,375.0,344.0,393.0,371.0,395.0,355.0,311.0,338.0,325.0,284.0,154.0,156.0,94.0,76.0,48.0,33.0,37.0,33.0,37.0,62.0,35.0,43.0,51.0,36.0,38.0,43.0,78.0,88.0,32.0,28.0,29.0,22.0,38.0,24.0,23.0,21.0,15.0,12.0,13.0,12.0,12.0,13.0,7.0,8.0,8.0,10.0,36.0,30.0,19.0,22.0,17.0,16.0,16.0,17.0,18.0,17.0,43.0,77.0,209.0,231.0,325.0,376.0,392.0,470.0,533.0,477.0,363.0,560.0,515.0,386.0,487.0,511.0,375.0,434.0,472.0,361.0,367.0,343.0,165.0,97.0,65.0,25.0,9.0,16.0,18.0,16.0,20.0,13.0,16.0,19.0,17.0,14.0,12.0,16.0,15.0,13.0,10.0,36.0,56.0,102.0,43.0,91.0,28.0,49.0,39.0,24.0
13.0,13.0,4.0,16.0,18.0,6.0,13.0,4.0,12.0,9.0,6.0,12.0,9.0,6.0,8.0,5.0,5.0,10.0,12.0,11.0,8.0,15.0,12.0,13.0,15.0,4.0,9.0,7.0,12.0,10.0,6.0,8.0,15.0,3.0,12.0,6.0,13.0,7.0,11.0,8.0,14.0,8.0,7.0,7.0,16.0,14.0,13.0,7.0,7.0,1.0,2.0,6.0,4.0,16.0,11.0,6.0,5.0,9.0,24.0,41.0,39.0,29.0,32.0,20.0,20.0,15.0,12.0,20.0,14.0,38.0,238.0,336.0,381.0,365.0,445.0,393.0,465.0,431.0,443.0,422.0,320.0,249.0,158.0,29.0,8.0,12.0,26.0,16.0,9.0,14.0,20.0,21.0,19.0,44.0,33.0,19.0,21.0,7.0,9.0,10.0,2.0,10.0,8.0,14.0,35.0,38.0,19.0,24.0,23.0,18.0,45.0,254.0,303.0,279.0,254.0,369.0,286.0,311.0,368.0,204.0,311.0,330.0,206.0,289.0,284.0,157.0,166.0,87.0,30.0,27.0,20.0,11.0,11.0,15.0,7.0,6.0,7.0,14.0,7.0,12.0,15.0,8.0,16.0,72.0,31.0,77.0,34.0,46.0,62.0,20.0,26.0,22.0,13.0,34.0,29.0,14.0,9.0,27.0,20.0,29.0,34.0,37.0,32.0,15.0,15.0,18.0,12.0,11.0,20.0,14.0,11.0,29.0
15.0,8.0,12.0,13.0,9.0,10.0,7.0,12.0,12.0,10.0,9.0,9.0,4.0,11.0,12.0,14.0,14.0,7.0,14.0,7.0,13.0,14.0,15.0,12.0,14.0,15.0,151.0,33.0,22.0,25.0,42.0,12.0,16.0,25.0,38.0,24.0,35.0,41.0,41.0,30.0,35.0,19.0,18.0,24.0,23.0,26.0,24.0,18.0,245.0,323.0,326.0,374.0,365.0,459.0,386.0,431.0,414.0,399.0,443.0,318.0,340.0,418.0,417.0,320.0,223.0,57.0,29.0,24.0,20.0,18.0,18.0,12.0,15.0,16.0,17.0,14.0,15.0,17.0,18.0,21.0,27.0,23.0,33.0,36.0,27.0,18.0,18.0,9.0,11.0,8.0,17.0,13.0,6.0,15.0,4.0,4.0,21.0,20.0,33.0,29.0,16.0,20.0,19.0,5.0,16.0,44.0,98.0,236.0,325.0,330.0,362.0,444.0,466.0,428.0,449.0,471.0,531.0,485.0,413.0,490.0,522.0,435.0,430.0,330.0,380.0,300.0,140.0,68.0,69.0,32.0,15.0,11.0,14.0,15.0,11.0,9.0,10.0,14.0,12.0,10.0,16.0,13.0,6.0,10.0,11.0,10.0,18.0,44.0,52.0,70.0,21.0,46.0,23.0,40.0,33.0,18.0,29.0,28.0,14.0,39.0,22.0,20.0,37.0,32.0,26.0,34.0,33.0,13.0,17.0,12.0,14.0,11.0
128.0,28.0,15.0,8.0,14.0,10.0,9.0,8.0,13.0,13.0,14.0,5.0,10.0,7.0,9.0,12.0,15.0,10.0,10.0,13.0,10.0,17.0,12.0,9.0,17.0,3.0,14.0,11.0,17.0,7.0,11.0,15.0,14.0,13.0,17.0,12.0,7.0,21.0,12.0,30.0,44.0,37.0,29.0,19.0,23.0,11.0,9.0,14.0,23.0,15.0,50.0,229.0,275.0,336.0,394.0,415.0,437.0,444.0,498.0,534.0,495.0,537.0,563.0,541.0,553.0,493.0,402.0,226.0,44.0,25.0,22.0,17.0,16.0,10.0,15.0,17.0,10.0,13.0,15.0,16.0,17.0,6.0,18.0,17.0,37.0,33.0,24.0,22.0,22.0,34.0,23.0,24.0,21.0,14.0,5.0,6.0,20.0,11.0,16.0,19.0,10.0,10.0,9.0,15.0,41.0,51.0,17.0,19.0,22.0,16.0,23.0,14.0,273.0,247.0,413.0,540.0,448.0,384.0,432.0,539.0,517.0,450.0,489.0,550.0,509.0,457.0,431.0,466.0,524.0,438.0,404.0,432.0,392.0,270.0,116.0,156.0,56.0,17.0,12.0,12.0,20.0,17.0,18.0,12.0,19.0,4.0,11.0,8.0,13.0,14.0,11.0,13.0,14.0,15.0,16.0,20.0,46.0,113.0,37.0,52.0,43.0,35.0,27.0,52.0,30.0,46.0,43.0,34.0,38.0,22.0,33.0,46.0
30.0,22.0,20.0,23.0,20.0,29.0,16.0,13.0,24.0,10.0,22.0,13.0,33.0,29.0,32.0,52.0,119.0,23.0,10.0,12.0,20.0,10.0,16.0,14.0,20.0,13.0,8.0,15.0,15.0,9.0,12.0,3.0,15.0,14.0,20.0,12.0,15.0,11.0,9.0,15.0,16.0,29.0,38.0,33.0,38.0,21.0,14.0,16.0,14.0,17.0,20.0,28.0,15.0,9.0,5.0,12.0,30.0,172.0,276.0,327.0,353.0,377.0,415.0,495.0,392.0,517.0,489.0,479.0,524.0,467.0,509.0,381.0,280.0,98.0,52.0,26.0,29.0,22.0,19.0,15.0,11.0,7.0,11.0,15.0,15.0,19.0,11.0,13.0,10.0,27.0,23.0,42.0,14.0,29.0,20.0,36.0,21.0,10.0,20.0,15.0,14.0,13.0,9.0,17.0,7.0,12.0,15.0,14.0,14.0,13.0,8.0,26.0,35.0,40.0,17.0,17.0,17.0,12.0,14.0,21.0,63.0,173.0,315.0,299.0,318.0,396.0,475.0,471.0,489.0,482.0,566.0,513.0,424.0,548.0,499.0,436.0,408.0,539.0,451.0,358.0,418.0,407.0,325.0,225.0,78.0,159.0,43.0,16.0,11.0,17.0,16.0,7.0,9.0,11.0,14.0,14.0,20.0,19.0,16.0,9.0,17.0,12.0,16.0,37.0,98.0,64.0,73.0,69.0,50.0,43.0,68.0,47.0
13.0,11.0,15.0,14.0,15.0,9.0,13.0,10.0,11.0,14.0,15.0,10.0,14.0,13.0,12.0,11.0,6.0,9.0,14.0,6.0,8.0,11.0,13.0,7.0,13.0,5.0,15.0,4.0,9.0,10.0,9.0,10.0,9.0,2.0,10.0,8.0,11.0,16.0,10.0,7.0,7.0,11.0,10.0,8.0,5.0,17.0,16.0,17.0,18.0,24.0,36.0,31.0,37.0,23.0,23.0,10.0,8.0,15.0,15.0,8.0,15.0,14.0,139.0,318.0,379.0,389.0,422.0,425.0,414.0,531.0,484.0,558.0,550.0,569.0,524.0,547.0,523.0,436.0,354.0,202.0,222.0,89.0,19.0,26.0,22.0,18.0,21.0,15.0,16.0,13.0,9.0,14.0,19.0,17.0,19.0,28.0,26.0,34.0,28.0,29.0,26.0,18.0,15.0,14.0,10.0,18.0,14.0,27.0,12.0,23.0,19.0,14.0,13.0,22.0,44.0,26.0,76.0,39.0,33.0,33.0,38.0,42.0,231.0,393.0,488.0,410.0,365.0,537.0,445.0,446.0,455.0,560.0,515.0,483.0,486.0,503.0,548.0,572.0,473.0,473.0,431.0,423.0,360.0,260.0,138.0,267.0,28.0,21.0,25.0,18.0,15.0,13.0,25.0,18.0,21.0,9.0,15.0,15.0,9.0,9.0,7.0,16.0,80.0,66.0,72.0,38.0,43.0,47.0,46.0,26.0,51.0,32.0
17.0,11.0,9.0,11.0,15.0,21.0,57.0,56.0,37.0,46.0,13.0,15.0,13.0,18.0,42.0,13.0,37.0,33.0,19.0,21.0,21.0,18.0,14.0,23.0,28.0,38.0,22.0,22.0,17.0,27.0,16.0,27.0,103.0,22.0,5.0,22.0,5.0,17.0,11.0,15.0,18.0,5.0,8.0,10.0,9.0,8.0,7.0,17.0,14.0,30.0,25.0,22.0,20.0,22.0,14.0,12.0,14.0,21.0,12.0,19.0,83.0,196.0,315.0,441.0,466.0,481.0,579.0,461.0,595.0,576.0,449.0,370.0,102.0,24.0,35.0,22.0,24.0,16.0,9.0,12.0,13.0,23.0,11.0,15.0,16.0,17.0,32.0,29.0,31.0,23.0,33.0,34.0,15.0,12.0,13.0,14.0,20.0,14.0,19.0,17.0,11.0,6.0,22.0,25.0,26.0,19.0,34.0,20.0,14.0,20.0,158.0,132.0,327.0,459.0,399.0,440.0,550.0,467.0,407.0,483.0,482.0,412.0,413.0,518.0,434.0,384.0,552.0,423.0,345.0,362.0,315.0,231.0,93.0,182.0,28.0,18.0,17.0,16.0,22.0,17.0,14.0,13.0,18.0,9.0,15.0,19.0,15.0,10.0,14.0,24.0,93.0,68.0,23.0,39.0,29.0,41.0,16.0,27.0,28.0,29.0,49.0,21.0,39.0,35.0,33.0,21.0,27.0,47.0,25.0,28.0,37.0,18.0
10.0,14.0,7.0,13.0,17.0,10.0,17.0,12.0,15.0,17.0,12.0,8.0,14.0,12.0,18.0,8.0,13.0,17.0,16.0,9.0,12.0,15.0,21.0,13.0,13.0,16.0,10.0,7.0,12.0,15.0,8.0,7.0,9.0,14.0,12.0,14.0,9.0,8.0,8.0,24.0,12.0,12.0,15.0,12.0,17.0,9.0,12.0,6.0,14.0,14.0,12.0,25.0,20.0,29.0,23.0,24.0,11.0,16.0,28.0,14.0,18.0,23.0,20.0,21.0,27.0,159.0,226.0,378.0,425.0,498.0,508.0,466.0,394.0,461.0,418.0,491.0,420.0,405.0,206.0,123.0,43.0,36.0,20.0,22.0,16.0,35.0,36.0,24.0,16.0,23.0,20.0,26.0,26.0,25.0,35.0,43.0,74.0,142.0,32.0,36.0,21.0,32.0,18.0,23.0,14.0,30.0,19.0,12.0,14.0,11.0,12.0,13.0,14.0,13.0,14.0,6.0,18.0,15.0,5.0,41.0,22.0,41.0,17.0,14.0,27.0,17.0,21.0,20.0,27.0,98.0,149.0,130.0,248.0,240.0,193.0,330.0,396.0,338.0,261.0,456.0,383.0,321.0,372.0,423.0,327.0,229.0,362.0,324.0,151.0,103.0,58.0,23.0,29.0,27.0,14.0,15.0,17.0,19.0,19.0,15.0,18.0,12.0,10.0,16.0,17.0,13.0,9.0,34.0,79.0,193.0,33.0,58.0
32.0,121.0,28.0,18.0,30.0,30.0,21.0,23.0,35.0,25.0,16.0,27.0,31.0,20.0,21.0,42.0,34.0,30.0,27.0,38.0,41.0,41.0,33.0,24.0,36.0,18.0,35.0,33.0,31.0,54.0,10.0,188.0,22.0,16.0,12.0,18.0,19.0,11.0,9.0,5.0,9.0,13.0,12.0,15.0,11.0,10.0,15.0,12.0,15.0,6.0,16.0,15.0,22.0,20.0,21.0,17.0,22.0,11.0,11.0,6.0,13.0,15.0,28.0,131.0,263.0,285.0,172.0,342.0,327.0,373.0,304.0,223.0,347.0,284.0,206.0,35.0,18.0,12.0,6.0,11.0,14.0,16.0,13.0,9.0,13.0,18.0,13.0,21.0,23.0,31.0,36.0,13.0,16.0,19.0,12.0,12.0,9.0,14.0,12.0,11.0,10.0,11.0,31.0,23.0,14.0,15.0,11.0,13.0,9.0,36.0,242.0,376.0,298.0,344.0,374.0,308.0,356.0,393.0,294.0,301.0,361.0,294.0,430.0,407.0,343.0,321.0,349.0,234.0,160.0,208.0,166.0,27.0,42.0,20.0,16.0,16.0,11.0,15.0,14.0,10.0,10.0,11.0,8.0,10.0,13.0,16.0,13.0,8.0,28.0,80.0,29.0,28.0,93.0,37.0,27.0,42.0,18.0,48.0,34.0,13.0,40.0,28.0,29.0,29.0,20.0,37.0,23.0,28.0,20.0,13.0,18.0,10.0
12.0,15.0,17.0,9.0,15.0,21.0,21.0,13.0,24.0,21.0,32.0,26.0,26.0,38.0,22.0,32.0,29.0,32.0,34.0,17.0,19.0,21.0,14.0,16.0,18.0,16.0,17.0,24.0,21.0,21.0,23.0,20.0,16.0,23.0,13.0,24.0,35.0,48.0,46.0,57.0,27.0,25.0,17.0,17.0,22.0,11.0,14.0,17.0,133.0,249.0,323.0,492.0,477.0,564.0,544.0,464.0,606.0,459.0,627.0,612.0,514.0,611.0,503.0,478.0,567.0,528.0,451.0,402.0,283.0,181.0,133.0,47.0,33.0,35.0,34.0,22.0,25.0,40.0,25.0,20.0,18.0,20.0,14.0,19.0,14.0,31.0,37.0,30.0,29.0,36.0,20.0,27.0,25.0,18.0,20.0,22.0,20.0,13.0,21.0,15.0,23.0,20.0,18.0,12.0,15.0,9.0,16.0,12.0,30.0,22.0,29.0,21.0,17.0,16.0,21.0,21.0,18.0,25.0,159.0,328.0,292.0,363.0,427.0,471.0,387.0,368.0,514.0,463.0,404.0,476.0,537.0,456.0,413.0,561.0,433.0,344.0,363.0,380.0,318.0,180.0,58.0,83.0,23.0,18.0,15.0,19.0,10.0,9.0,7.0,11.0,9.0,6.0,12.0,17.0,11.0,12.0,23.0,14.0,21.0,51.0,109.0,48.0,39.0,61.0,57.0,18.0,76.0,24.0,29.0,44.0,20.0,45.0
17.0,10.0,16.0,12.0,15.0,10.0,7.0,14.0,14.0,6.0,10.0,11.0,16.0,12.0,21.0,15.0,14.0,8.0,9.0,17.0,12.0,8.0,16.0,12.0,12.0,15.0,11.0,16.0,9.0,12.0,18.0,9.0,13.0,7.0,6.0,15.0,10.0,14.0,13.0,8.0,9.0,8.0,8.0,14.0,10.0,18.0,6.0,9.0,10.0,10.0,19.0,18.0,13.0,16.0,19.0,12.0,6.0,12.0,117.0,256.0,267.0,346.0,320.0,412.0,367.0,395.0,388.0,317.0,295.0,204.0,77.0,82.0,40.0,35.0,16.0,14.0,16.0,18.0,26.0,35.0,16.0,15.0,24.0,43.0,28.0,31.0,46.0,36.0,28.0,17.0,58.0,72.0,20.0,12.0,10.0,17.0,13.0,22.0,19.0,30.0,14.0,17.0,18.0,10.0,12.0,78.0,228.0,273.0,410.0,353.0,281.0,268.0,381.0,341.0,339.0,432.0,390.0,306.0,381.0,413.0,298.0,378.0,315.0,269.0,283.0,195.0,59.0,32.0,21.0,14.0,14.0,17.0,8.0,22.0,21.0,17.0,14.0,22.0,18.0,17.0,15.0,11.0,11.0,19.0,45.0,77.0,45.0,58.0,50.0,38.0,45.0,39.0,36.0,29.0,27.0,21.0,40.0,17.0,24.0,44.0,37.0,43.0,33.0,56.0,49.0,33.0,17.0,20.0,18.0,16.0,24.0,18.0
13.0,9.0,15.0,17.0,16.0,13.0,11.0,16.0,9.0,15.0,16.0,13.0,12.0,6.0,14.0,17.0,10.0,12.0,18.0,36.0,16.0,15.0,24.0,10.0,16.0,20.0,23.0,16.0,19.0,6.0,19.0,19.0,24.0,19.0,20.0,21.0,11.0,13.0,16.0,20.0,11.0,11.0,21.0,12.0,17.0,23.0,32.0,27.0,34.0,22.0,29.0,13.0,32.0,27.0,21.0,27.0,28.0,40.0,105.0,287.0,355.0,291.0,306.0,443.0,467.0,508.0,518.0,393.0,540.0,567.0,509.0,477.0,379.0,403.0,424.0,291.0,172.0,37.0,42.0,84.0,68.0,50.0,41.0,20.0,62.0,48.0,55.0,57.0,60.0,90.0,60.0,198.0,43.0,23.0,12.0,22.0,22.0,23.0,17.0,12.0,18.0,22.0,22.0,18.0,18.0,26.0,25.0,27.0,25.0,51.0,18.0,26.0,27.0,20.0,33.0,97.0,254.0,329.0,189.0,392.0,404.0,274.0,441.0,475.0,361.0,376.0,466.0,360.0,256.0,368.0,319.0,174.0,287.0,131.0,41.0,19.0,23.0,18.0,15.0,25.0,35.0,11.0,24.0,16.0,19.0,22.0,10.0,19.0,15.0,23.0,17.0,24.0,38.0,90.0,41.0,45.0,35.0,57.0,26.0,53.0,32.0,45.0,33.0,34.0,36.0,40.0,31.0,43.0,22.0,40.0,45.0,30.0
25.0,19.0,50.0,53.0,61.0,78.0,26.0,25.0,28.0,11.0,19.0,37.0,22.0,26.0,17.0,15.0,23.0,11.0,13.0,13.0,13.0,19.0,13.0,18.0,9.0,20.0,6.0,14.0,10.0,11.0,7.0,16.0,15.0,10.0,27.0,14.0,19.0,15.0,25.0,18.0,20.0,18.0,21.0,16.0,18.0,19.0,20.0,15.0,12.0,13.0,17.0,18.0,76.0,89.0,42.0,45.0,42.0,19.0,23.0,21.0,13.0,27.0,78.0,177.0,291.0,355.0,506.0,448.0,558.0,489.0,469.0,492.0,406.0,504.0,518.0,388.0,365.0,206.0,231.0,50.0,17.0,15.0,13.0,12.0,15.0,15.0,8.0,18.0,15.0,22.0,20.0,15.0,12.0,19.0,22.0,24.0,12.0,9.0,7.0,10.0,6.0,10.0,6.0,8.0,12.0,18.0,19.0,12.0,12.0,112.0,195.0,183.0,324.0,291.0,352.0,330.0,191.0,277.0,321.0,245.0,168.0,193.0,248.0,106.0,99.0,63.0,85.0,60.0,40.0,56.0,44.0,18.0,13.0,16.0,18.0,10.0,14.0,20.0,17.0,14.0,9.0,21.0,17.0,17.0,29.0,18.0,37.0,119.0,32.0,30.0,26.0,41.0,36.0,40.0,22.0,19.0,33.0,32.0,32.0,22.0,38.0,38.0,43.0,22.0,31.0,35.0,40.0,22.0,18.0,18.0,19.0,26.0
27.0,16.0,7.0,22.0,17.0,10.0,12.0,30.0,13.0,18.0,57.0,50.0,32.0,158.0,165.0,49.0,23.0,20.0,17.0,25.0,41.0,123.0,86.0,116.0,30.0,18.0,42.0,34.0,43.0,22.0,19.0,32.0,25.0,33.0,47.0,33.0,39.0,26.0,32.0,27.0,40.0,88.0,43.0,44.0,36.0,25.0,23.0,28.0,26.0,27.0,29.0,47.0,255.0,303.0,370.0,405.0,417.0,417.0,444.0,524.0,482.0,372.0,417.0,345.0,434.0,366.0,487.0,390.0,271.0,95.0,49.0,77.0,85.0,87.0,65.0,48.0,154.0,31.0,41.0,36.0,37.0,26.0,44.0,18.0,37.0,26.0,22.0,28.0,31.0,40.0,38.0,34.0,17.0,27.0,21.0,27.0,28.0,17.0,11.0,11.0,19.0,20.0,25.0,27.0,28.0,31.0,26.0,23.0,14.0,20.0,18.0,23.0,50.0,112.0,238.0,335.0,339.0,370.0,492.0,353.0,355.0,447.0,452.0,361.0,453.0,450.0,371.0,310.0,414.0,315.0,283.0,347.0,312.0,142.0,52.0,91.0,29.0,20.0,23.0,16.0,17.0,12.0,7.0,19.0,17.0,27.0,18.0,14.0,24.0,22.0,21.0,23.0,14.0,45.0,124.0,51.0,83.0,98.0,60.0,69.0,82.0,50.0,44.0,96.0,70.0,35.0,131.0,84.0,108.0,63.0,61.0,38.0
77.0,88.0,12.0,12.0,21.0,15.0,19.0,23.0,18.0,15.0,14.0,15.0,11.0,6.0,12.0,25.0,9.0,24.0,13.0,8.0,8.0,20.0,8.0,21.0,21.0,10.0,13.0,15.0,10.0,14.0,10.0,7.0,9.0,8.0,5.0,8.0,16.0,10.0,10.0,19.0,5.0,21.0,21.0,18.0,29.0,19.0,25.0,14.0,20.0,74.0,213.0,343.0,441.0,468.0,357.0,434.0,454.0,526.0,464.0,492.0,382.0,395.0,209.0,73.0,21.0,24.0,18.0,10.0,11.0,18.0,11.0,19.0,22.0,16.0,22.0,27.0,43.0,31.0,26.0,39.0,12.0,16.0,17.0,12.0,9.0,12.0,16.0,23.0,36.0,33.0,21.0,13.0,23.0,137.0,338.0,547.0,418.0,420.0,591.0,520.0,550.0,542.0,530.0,469.0,512.0,525.0,539.0,419.0,609.0,538.0,421.0,499.0,418.0,327.0,198.0,228.0,64.0,20.0,31.0,14.0,17.0,15.0,17.0,21.0,19.0,14.0,8.0,10.0,25.0,15.0,16.0,73.0,64.0,119.0,82.0,74.0,93.0,50.0,60.0,74.0,61.0,51.0,56.0,64.0,36.0,59.0,59.0,46.0,27.0,40.0,43.0,53.0,41.0,35.0,27.0,20.0,22.0,17.0,14.0,17.0,13.0,15.0,18.0,24.0,18.0,16.0,17.0,15.0,17.0,17.0,26.0,27.0
16.0,20.0,15.0,10.0,15.0,14.0,18.0,27.0,19.0,17.0,24.0,32.0,28.0,28.0,18.0,35.0,25.0,29.0,32.0,28.0,24.0,35.0,27.0,34.0,29.0,27.0,30.0,21.0,20.0,17.0,27.0,22.0,30.0,24.0,26.0,21.0,29.0,32.0,18.0,24.0,23.0,16.0,21.0,29.0,11.0,23.0,156.0,339.0,240.0,338.0,587.0,526.0,566.0,613.0,639.0,551.0,560.0,566.0,630.0,490.0,622.0,491.0,378.0,219.0,170.0,101.0,23.0,18.0,18.0,15.0,20.0,11.0,22.0,13.0,15.0,23.0,22.0,18.0,20.0,23.0,34.0,15.0,23.0,22.0,30.0,50.0,21.0,15.0,17.0,15.0,18.0,15.0,17.0,12.0,13.0,19.0,19.0,18.0,19.0,16.0,25.0,33.0,22.0,13.0,21.0,23.0,14.0,29.0,189.0,229.0,297.0,470.0,429.0,382.0,525.0,551.0,411.0,410.0,474.0,384.0,347.0,496.0,405.0,368.0,519.0,439.0,407.0,506.0,428.0,242.0,251.0,32.0,29.0,20.0,14.0,14.0,10.0,13.0,20.0,21.0,19.0,19.0,31.0,21.0,19.0,29.0,126.0,80.0,101.0,113.0,46.0,70.0,51.0,68.0,67.0,51.0,63.0,67.0,75.0,44.0,54.0,62.0,52.0,74.0,37.0,31.0,47.0,35.0,14.0,51.0,15.0,19.0
14.0,22.0,12.0,12.0,18.0,19.0,12.0,13.0,8.0,16.0,16.0,12.0,17.0,15.0,21.0,11.0,13.0,20.0,17.0,15.0,26.0,17.0,19.0,11.0,18.0,30.0,17.0,19.0,14.0,8.0,18.0,20.0,26.0,14.0,13.0,22.0,14.0,10.0,18.0,42.0,27.0,41.0,21.0,17.0,18.0,14.0,31.0,281.0,290.0,395.0,415.0,440.0,457.0,534.0,619.0,571.0,649.0,659.0,638.0,450.0,339.0,104.0,155.0,74.0,60.0,51.0,33.0,53.0,36.0,43.0,61.0,50.0,38.0,58.0,29.0,27.0,47.0,142.0,120.0,21.0,13.0,14.0,17.0,21.0,10.0,20.0,27.0,13.0,21.0,33.0,15.0,24.0,18.0,31.0,154.0,430.0,423.0,392.0,305.0,494.0,458.0,432.0,447.0,422.0,427.0,436.0,411.0,445.0,400.0,370.0,391.0,436.0,271.0,298.0,268.0,37.0,36.0,21.0,25.0,25.0,14.0,26.0,20.0,16.0,14.0,13.0,17.0,18.0,15.0,23.0,5.0,14.0,14.0,49.0,116.0,83.0,54.0,131.0,50.0,54.0,43.0,51.0,17.0,34.0,28.0,24.0,39.0,33.0,34.0,52.0,24.0,31.0,26.0,22.0,13.0,17.0,10.0,12.0,14.0,16.0,9.0,15.0,12.0,10.0,19.0,12.0,16.0,21.0,15.0,8.0,19.0,8.0
12.0,16.0,12.0,24.0,16.0,24.0,17.0,31.0,22.0,26.0,13.0,25.0,16.0,16.0,22.0,20.0,15.0,12.0,14.0,16.0,13.0,12.0,15.0,22.0,11.0,20.0,23.0,22.0,12.0,14.0,13.0,10.0,16.0,7.0,16.0,25.0,9.0,21.0,15.0,19.0,15.0,10.0,25.0,25.0,25.0,41.0,31.0,41.0,17.0,24.0,14.0,17.0,35.0,121.0,278.0,388.0,498.0,475.0,612.0,530.0,591.0,615.0,530.0,555.0,637.0,501.0,477.0,444.0,437.0,445.0,387.0,347.0,197.0,19.0,18.0,15.0,19.0,11.0,16.0,14.0,17.0,14.0,14.0,24.0,17.0,26.0,20.0,20.0,33.0,21.0,19.0,22.0,17.0,33.0,31.0,34.0,32.0,8.0,19.0,16.0,15.0,20.0,24.0,23.0,11.0,23.0,15.0,36.0,26.0,25.0,18.0,21.0,21.0,40.0,178.0,374.0,328.0,321.0,515.0,426.0,465.0,504.0,558.0,495.0,376.0,626.0,488.0,437.0,516.0,517.0,426.0,481.0,552.0,388.0,281.0,432.0,222.0,77.0,111.0,43.0,14.0,18.0,13.0,15.0,11.0,19.0,12.0,12.0,12.0,15.0,20.0,11.0,14.0,13.0,19.0,52.0,63.0,74.0,42.0,86.0,23.0,72.0,39.0,26.0,50.0,27.0,19.0,61.0,27.0,60.0,34.0,32.0
8.0,40.0,31.0,25.0,22.0,13.0,32.0,22.0,30.0,12.0,21.0,14.0,28.0,21.0,23.0,19.0,19.0,24.0,17.0,17.0,13.0,16.0,29.0,14.0,13.0,19.0,16.0,13.0,11.0,7.0,10.0,14.0,12.0,15.0,9.0,9.0,13.0,18.0,10.0,17.0,17.0,8.0,10.0,16.0,13.0,15.0,20.0,19.0,32.0,40.0,34.0,32.0,50.0,35.0,34.0,23.0,20.0,15.0,13.0,20.0,14.0,6.0,22.0,19.0,23.0,23.0,21.0,16.0,13.0,15.0,13.0,25.0,16.0,21.0,37.0,28.0,18.0,26.0,32.0,34.0,29.0,35.0,36.0,69.0,75.0,71.0,111.0,84.0,29.0,46.0,25.0,172.0,246.0,373.0,446.0,533.0,632.0,624.0,639.0,634.0,704.0,687.0,664.0,613.0,364.0,321.0,198.0,78.0,51.0,33.0,27.0,38.0,23.0,25.0,29.0,32.0,26.0,26.0,23.0,35.0,32.0,18.0,19.0,24.0,36.0,37.0,35.0,33.0,48.0,36.0,23.0,42.0,31.0,30.0,26.0,21.0,103.0,363.0,469.0,489.0,514.0,439.0,553.0,499.0,520.0,543.0,480.0,428.0,396.0,464.0,450.0,410.0,495.0,474.0,244.0,230.0,150.0,58.0,55.0,49.0,21.0,16.0,18.0,19.0,14.0,11.0,21.0,11.0,30.0,14.0,25.0,20.0
35.0,34.0,31.0,21.0,32.0,34.0,31.0,23.0,19.0,14.0,22.0,23.0,22.0,30.0,22.0,20.0,35.0,118.0,65.0,60.0,24.0,31.0,29.0,25.0,44.0,35.0,47.0,40.0,29.0,39.0,39.0,23.0,29.0,32.0,23.0,23.0,24.0,37.0,28.0,38.0,22.0,23.0,31.0,13.0,49.0,38.0,30.0,23.0,27.0,144.0,24.0,15.0,24.0,14.0,33.0,26.0,32.0,34.0,40.0,29.0,36.0,29.0,29.0,33.0,24.0,19.0,26.0,23.0,16.0,21.0,21.0,17.0,12.0,21.0,27.0,20.0,30.0,33.0,17.0,20.0,22.0,29.0,25.0,41.0,29.0,21.0,33.0,32.0,29.0,27.0,16.0,19.0,21.0,26.0,18.0,161.0,301.0,415.0,407.0,390.0,461.0,627.0,584.0,517.0,482.0,630.0,540.0,621.0,509.0,445.0,399.0,282.0,75.0,41.0,24.0,25.0,27.0,13.0,18.0,18.0,22.0,16.0,18.0,21.0,25.0,18.0,22.0,27.0,23.0,31.0,29.0,29.0,34.0,25.0,16.0,24.0,28.0,17.0,22.0,17.0,25.0,22.0,26.0,21.0,28.0,41.0,37.0,29.0,29.0,21.0,31.0,242.0,424.0,317.0,413.0,461.0,362.0,438.0,472.0,316.0,268.0,462.0,384.0,279.0,444.0,360.0,367.0,434.0,431.0,355.0,314.0,327.0
23.0,18.0,15.0,19.0,15.0,9.0,13.0,11.0,19.0,5.0,12.0,21.0,17.0,27.0,22.0,23.0,31.0,8.0,7.0,16.0,5.0,12.0,14.0,12.0,9.0,16.0,13.0,12.0,19.0,12.0,23.0,15.0,17.0,16.0,14.0,14.0,14.0,9.0,12.0,16.0,10.0,8.0,20.0,22.0,30.0,43.0,43.0,39.0,13.0,32.0,15.0,16.0,10.0,23.0,204.0,378.0,469.0,449.0,482.0,532.0,557.0,610.0,555.0,639.0,552.0,381.0,231.0,80.0,78.0,66.0,47.0,60.0,86.0,118.0,98.0,70.0,86.0,78.0,68.0,185.0,182.0,55.0,48.0,35.0,84.0,57.0,48.0,49.0,32.0,32.0,39.0,44.0,33.0,37.0,45.0,44.0,51.0,69.0,30.0,63.0,51.0,59.0,195.0,151.0,292.0,477.0,423.0,437.0,462.0,591.0,597.0,519.0,467.0,493.0,535.0,491.0,510.0,562.0,523.0,444.0,491.0,284.0,119.0,42.0,48.0,19.0,40.0,30.0,22.0,23.0,18.0,27.0,22.0,16.0,19.0,23.0,12.0,16.0,18.0,20.0,25.0,32.0,87.0,54.0,55.0,74.0,36.0,72.0,64.0,44.0,43.0,67.0,56.0,56.0,71.0,47.0,77.0,71.0,74.0,49.0,47.0,36.0,30.0,36.0,24.0,19.0,20.0,20.0,22.0,15.0,27.0,25.0
51.0,45.0,29.0,25.0,20.0,42.0,33.0,26.0,22.0,17.0,20.0,26.0,52.0,39.0,21.0,43.0,55.0,26.0,40.0,35.0,38.0,28.0,35.0,57.0,31.0,34.0,21.0,17.0,25.0,12.0,20.0,19.0,23.0,13.0,26.0,18.0,7.0,17.0,9.0,10.0,14.0,17.0,26.0,22.0,24.0,28.0,11.0,25.0,19.0,15.0,15.0,18.0,12.0,22.0,36.0,39.0,21.0,30.0,23.0,17.0,54.0,278.0,344.0,401.0,493.0,536.0,558.0,670.0,610.0,658.0,745.0,701.0,649.0,662.0,506.0,522.0,433.0,180.0,100.0,68.0,64.0,68.0,47.0,55.0,23.0,41.0,26.0,39.0,75.0,49.0,51.0,56.0,78.0,97.0,77.0,42.0,40.0,31.0,12.0,26.0,24.0,23.0,12.0,21.0,14.0,11.0,32.0,45.0,41.0,24.0,20.0,18.0,45.0,190.0,361.0,335.0,363.0,506.0,443.0,302.0,571.0,549.0,474.0,480.0,515.0,468.0,413.0,533.0,427.0,380.0,403.0,340.0,209.0,89.0,104.0,54.0,44.0,44.0,35.0,29.0,20.0,19.0,34.0,26.0,25.0,32.0,22.0,22.0,15.0,23.0,28.0,21.0,16.0,50.0,70.0,165.0,84.0,56.0,93.0,69.0,47.0,58.0,55.0,69.0,68.0,44.0,63.0,39.0,42.0,58.0,59.0,39.0
21.0,30.0,29.0,25.0,20.0,26.0,25.0,23.0,27.0,18.0,27.0,25.0,25.0,28.0,37.0,37.0,45.0,122.0,169.0,181.0,58.0,198.0,198.0,125.0,82.0,106.0,113.0,81.0,100.0,42.0,61.0,65.0,40.0,37.0,43.0,45.0,72.0,60.0,47.0,35.0,33.0,32.0,23.0,21.0,23.0,53.0,318.0,367.0,442.0,433.0,442.0,453.0,561.0,545.0,607.0,589.0,584.0,591.0,479.0,421.0,289.0,69.0,44.0,54.0,46.0,41.0,35.0,29.0,21.0,23.0,27.0,19.0,34.0,29.0,26.0,34.0,36.0,52.0,47.0,33.0,29.0,41.0,23.0,27.0,18.0,10.0,12.0,11.0,9.0,15.0,10.0,19.0,39.0,43.0,36.0,32.0,35.0,39.0,38.0,31.0,73.0,81.0,284.0,325.0,378.0,387.0,284.0,475.0,477.0,459.0,413.0,537.0,519.0,386.0,533.0,475.0,448.0,510.0,497.0,470.0,407.0,517.0,305.0,71.0,176.0,38.0,29.0,25.0,24.0,18.0,18.0,23.0,13.0,26.0,13.0,26.0,26.0,22.0,27.0,15.0,28.0,27.0,30.0,82.0,192.0,77.0,69.0,161.0,50.0,113.0,93.0,72.0,133.0,97.0,59.0,83.0,73.0,58.0,98.0,130.0,194.0,56.0,212.0,74.0,49.0,28.0,40.0,27.0,33.0,38.0,26.0,25.0
13.0,10.0,15.0,17.0,14.0,14.0,19.0,25.0,13.0,19.0,25.0,30.0,30.0,18.0,82.0,14.0,35.0,19.0,62.0,28.0,18.0,31.0,18.0,46.0,28.0,39.0,14.0,34.0,19.0,28.0,32.0,26.0,20.0,34.0,41.0,29.0,9.0,31.0,37.0,44.0,60.0,85.0,38.0,16.0,37.0,17.0,31.0,77.0,238.0,375.0,497.0,521.0,516.0,505.0,549.0,572.0,551.0,555.0,589.0,553.0,511.0,496.0,374.0,331.0,212.0,115.0,30.0,17.0,25.0,15.0,12.0,26.0,31.0,35.0,31.0,17.0,25.0,28.0,39.0,45.0,16.0,51.0,41.0,50.0,27.0,16.0,50.0,38.0,29.0,26.0,18.0,22.0,33.0,30.0,27.0,33.0,36.0,55.0,27.0,27.0,32.0,40.0,28.0,18.0,32.0,50.0,306.0,387.0,230.0,397.0,474.0,523.0,389.0,677.0,537.0,543.0,593.0,565.0,521.0,600.0,635.0,553.0,427.0,637.0,507.0,404.0,255.0,169.0,78.0,36.0,57.0,22.0,15.0,17.0,16.0,19.0,33.0,25.0,30.0,22.0,22.0,23.0,20.0,20.0,19.0,10.0,18.0,75.0,164.0,116.0,238.0,185.0,69.0,136.0,120.0,84.0,84.0,189.0,120.0,119.0,149.0,100.0,222.0,151.0,124.0,248.0,213.0,149.0,148.0,87.0,52.0,40.0
22.0,16.0,23.0,31.0,19.0,17.0,14.0,22.0,12.0,23.0,19.0,34.0,28.0,15.0,27.0,45.0,26.0,25.0,27.0,19.0,30.0,30.0,41.0,20.0,51.0,22.0,43.0,18.0,19.0,28.0,37.0,21.0,20.0,22.0,20.0,37.0,50.0,109.0,59.0,57.0,29.0,38.0,43.0,46.0,42.0,25.0,15.0,265.0,414.0,525.0,564.0,638.0,552.0,685.0,634.0,657.0,572.0,593.0,568.0,571.0,526.0,454.0,294.0,290.0,223.0,125.0,37.0,27.0,15.0,17.0,17.0,18.0,11.0,15.0,17.0,22.0,35.0,29.0,28.0,27.0,15.0,24.0,29.0,31.0,34.0,33.0,27.0,30.0,20.0,14.0,19.0,18.0,14.0,15.0,12.0,7.0,9.0,7.0,35.0,23.0,72.0,54.0,37.0,26.0,16.0,59.0,175.0,242.0,449.0,532.0,538.0,503.0,606.0,623.0,547.0,564.0,721.0,590.0,556.0,535.0,697.0,593.0,487.0,544.0,390.0,253.0,71.0,191.0,25.0,18.0,19.0,18.0,23.0,17.0,23.0,17.0,19.0,20.0,16.0,20.0,15.0,14.0,17.0,22.0,30.0,92.0,199.0,202.0,108.0,214.0,127.0,93.0,272.0,204.0,130.0,225.0,158.0,134.0,267.0,235.0,147.0,337.0,249.0,101.0,230.0,144.0,100.0,111.0,83.0,60.0,44.0,82.0
49.0,49.0,28.0,53.0,150.0,26.0,12.0,17.0,14.0,20.0,17.0,15.0,25.0,27.0,32.0,19.0,30.0,20.0,20.0,11.0,11.0,18.0,17.0,8.0,14.0,11.0,15.0,19.0,22.0,24.0,21.0,23.0,22.0,16.0,20.0,13.0,15.0,27.0,25.0,43.0,69.0,31.0,39.0,40.0,19.0,17.0,15.0,40.0,113.0,310.0,401.0,395.0,526.0,451.0,463.0,486.0,463.0,497.0,520.0,457.0,450.0,374.0,223.0,54.0,28.0,16.0,11.0,13.0,25.0,13.0,22.0,22.0,21.0,24.0,16.0,23.0,18.0,23.0,38.0,37.0,64.0,30.0,41.0,26.0,19.0,15.0,15.0,18.0,14.0,11.0,19.0,12.0,15.0,19.0,51.0,40.0,36.0,27.0,15.0,34.0,265.0,428.0,519.0,523.0,519.0,658.0,561.0,582.0,528.0,710.0,566.0,563.0,519.0,648.0,562.0,549.0,523.0,650.0,499.0,435.0,303.0,272.0,153.0,28.0,45.0,19.0,19.0,25.0,23.0,22.0,21.0,21.0,21.0,20.0,23.0,25.0,21.0,30.0,27.0,47.0,97.0,254.0,267.0,190.0,202.0,304.0,279.0,227.0,375.0,278.0,251.0,332.0,194.0,272.0,139.0,240.0,267.0,54.0,71.0,68.0,46.0,38.0,26.0,32.0,33.0,26.0,26.0,23.0,18.0,18.0,24.0,28.0
16.0,15.0,17.0,20.0,11.0,18.0,16.0,21.0,20.0,19.0,14.0,23.0,32.0,27.0,24.0,20.0,21.0,20.0,18.0,16.0,10.0,15.0,19.0,14.0,9.0,18.0,14.0,15.0,15.0,16.0,14.0,16.0,16.0,21.0,18.0,14.0,19.0,16.0,17.0,19.0,18.0,20.0,8.0,23.0,18.0,16.0,23.0,26.0,46.0,69.0,28.0,25.0,19.0,25.0,15.0,17.0,17.0,92.0,284.0,400.0,446.0,626.0,559.0,597.0,639.0,624.0,667.0,570.0,710.0,664.0,562.0,412.0,199.0,90.0,68.0,98.0,103.0,80.0,71.0,39.0,59.0,73.0,45.0,54.0,116.0,125.0,19.0,12.0,10.0,21.0,32.0,26.0,33.0,22.0,23.0,23.0,25.0,53.0,27.0,25.0,36.0,20.0,26.0,27.0,25.0,29.0,15.0,32.0,25.0,29.0,31.0,30.0,36.0,26.0,38.0,56.0,49.0,43.0,46.0,43.0,26.0,44.0,61.0,157.0,320.0,308.0,443.0,416.0,499.0,516.0,520.0,655.0,611.0,543.0,571.0,566.0,619.0,515.0,563.0,545.0,623.0,490.0,391.0,242.0,288.0,213.0,48.0,41.0,31.0,31.0,26.0,28.0,25.0,27.0,16.0,25.0,14.0,26.0,15.0,10.0,20.0,22.0,14.0,22.0,85.0,109.0,68.0,109.0,190.0,96.0,71.0,81.0
15.0,13.0,13.0,16.0,17.0,10.0,13.0,11.0,16.0,17.0,16.0,15.0,15.0,20.0,8.0,11.0,14.0,19.0,23.0,19.0,14.0,20.0,13.0,18.0,16.0,20.0,20.0,14.0,21.0,14.0,21.0,19.0,17.0,25.0,21.0,17.0,22.0,20.0,18.0,29.0,20.0,21.0,25.0,23.0,19.0,36.0,21.0,17.0,31.0,17.0,17.0,21.0,27.0,29.0,46.0,33.0,34.0,30.0,29.0,21.0,39.0,316.0,394.0,593.0,570.0,674.0,716.0,751.0,758.0,699.0,809.0,663.0,636.0,345.0,287.0,122.0,115.0,94.0,49.0,55.0,30.0,32.0,48.0,39.0,41.0,76.0,65.0,77.0,66.0,100.0,54.0,47.0,42.0,23.0,16.0,17.0,21.0,16.0,17.0,15.0,28.0,38.0,46.0,32.0,29.0,24.0,34.0,98.0,249.0,405.0,464.0,458.0,405.0,542.0,569.0,521.0,432.0,534.0,586.0,503.0,519.0,471.0,542.0,542.0,414.0,313.0,243.0,245.0,76.0,39.0,19.0,22.0,15.0,22.0,32.0,12.0,13.0,16.0,14.0,22.0,18.0,14.0,17.0,13.0,23.0,140.0,67.0,199.0,182.0,107.0,221.0,223.0,93.0,141.0,79.0,60.0,90.0,49.0,105.0,73.0,49.0,62.0,49.0,48.0,54.0,58.0,35.0,44.0,44.0,31.0,41.0,22.0
21.0,19.0,22.0,29.0,23.0,19.0,29.0,15.0,13.0,20.0,28.0,24.0,20.0,16.0,25.0,22.0,16.0,11.0,20.0,17.0,17.0,13.0,17.0,15.0,29.0,20.0,24.0,29.0,19.0,24.0,20.0,16.0,27.0,16.0,21.0,32.0,22.0,25.0,17.0,21.0,13.0,20.0,27.0,31.0,204.0,249.0,425.0,472.0,519.0,601.0,601.0,456.0,655.0,556.0,640.0,592.0,465.0,430.0,244.0,340.0,74.0,21.0,18.0,23.0,11.0,18.0,13.0,18.0,31.0,20.0,13.0,11.0,22.0,26.0,25.0,15.0,28.0,27.0,26.0,12.0,15.0,15.0,15.0,8.0,20.0,17.0,15.0,15.0,16.0,13.0,38.0,36.0,30.0,27.0,32.0,27.0,17.0,88.0,333.0,387.0,235.0,525.0,526.0,363.0,542.0,543.0,442.0,439.0,516.0,531.0,460.0,452.0,507.0,481.0,415.0,495.0,429.0,306.0,232.0,313.0,204.0,55.0,56.0,16.0,22.0,26.0,8.0,7.0,18.0,10.0,16.0,15.0,21.0,16.0,9.0,13.0,22.0,8.0,14.0,14.0,19.0,100.0,87.0,64.0,53.0,132.0,57.0,50.0,66.0,85.0,39.0,53.0,51.0,32.0,52.0,41.0,48.0,79.0,273.0,60.0,30.0,44.0,37.0,127.0,124.0,192.0,52.0,136.0,237.0,332.0,133.0,212.0
16.0,28.0,24.0,21.0,33.0,37.0,22.0,17.0,23.0,28.0,24.0,36.0,35.0,24.0,24.0,28.0,26.0,42.0,62.0,34.0,24.0,39.0,175.0,125.0,77.0,49.0,52.0,41.0,49.0,84.0,50.0,72.0,73.0,110.0,67.0,78.0,50.0,79.0,272.0,403.0,399.0,478.0,530.0,516.0,449.0,417.0,526.0,456.0,399.0,433.0,560.0,436.0,370.0,250.0,82.0,62.0,37.0,35.0,43.0,36.0,29.0,29.0,51.0,27.0,35.0,28.0,21.0,32.0,29.0,26.0,24.0,37.0,31.0,29.0,56.0,74.0,56.0,22.0,20.0,15.0,17.0,16.0,16.0,15.0,5.0,19.0,9.0,44.0,22.0,43.0,30.0,39.0,30.0,26.0,24.0,68.0,206.0,353.0,375.0,339.0,468.0,503.0,537.0,533.0,542.0,546.0,475.0,531.0,552.0,551.0,396.0,695.0,561.0,471.0,575.0,607.0,371.0,153.0,283.0,211.0,45.0,35.0,16.0,12.0,23.0,20.0,17.0,13.0,17.0,28.0,26.0,21.0,27.0,22.0,18.0,65.0,82.0,74.0,112.0,70.0,87.0,88.0,66.0,60.0,50.0,64.0,48.0,109.0,46.0,56.0,53.0,32.0,34.0,38.0,35.0,38.0,29.0,30.0,26.0,36.0,24.0,31.0,29.0,25.0,17.0,20.0,20.0,20.0,33.0,24.0,14.0,23.0
24.0,18.0,26.0,27.0,9.0,16.0,25.0,21.0,16.0,27.0,17.0,24.0,19.0,28.0,27.0,31.0,24.0,21.0,26.0,21.0,39.0,24.0,23.0,26.0,24.0,24.0,27.0,20.0,22.0,18.0,21.0,20.0,33.0,21.0,25.0,29.0,41.0,98.0,72.0,61.0,57.0,41.0,15.0,44.0,29.0,179.0,406.0,373.0,369.0,411.0,298.0,333.0,296.0,316.0,334.0,334.0,413.0,387.0,294.0,318.0,282.0,29.0,35.0,24.0,23.0,29.0,16.0,17.0,33.0,22.0,27.0,26.0,22.0,17.0,17.0,29.0,22.0,34.0,27.0,46.0,42.0,28.0,25.0,25.0,32.0,24.0,41.0,25.0,27.0,21.0,17.0,19.0,22.0,23.0,44.0,35.0,25.0,27.0,26.0,22.0,249.0,393.0,176.0,533.0,540.0,471.0,494.0,601.0,535.0,486.0,668.0,535.0,414.0,537.0,560.0,493.0,332.0,607.0,491.0,401.0,517.0,459.0,261.0,145.0,98.0,26.0,21.0,15.0,22.0,24.0,25.0,19.0,14.0,17.0,21.0,17.0,14.0,13.0,10.0,37.0,55.0,91.0,28.0,142.0,43.0,53.0,42.0,20.0,34.0,42.0,22.0,19.0,41.0,25.0,23.0,33.0,23.0,31.0,38.0,34.0,44.0,21.0,35.0,10.0,25.0,12.0,11.0,15.0,8.0,13.0,11.0,14.0
52.0,24.0,26.0,16.0,16.0,14.0,26.0,28.0,37.0,55.0,57.0,59.0,71.0,32.0,35.0,29.0,35.0,43.0,39.0,35.0,17.0,35.0,24.0,31.0,39.0,165.0,22.0,16.0,14.0,12.0,14.0,21.0,10.0,11.0,12.0,19.0,15.0,23.0,17.0,17.0,36.0,26.0,28.0,20.0,23.0,30.0,17.0,16.0,30.0,19.0,24.0,22.0,25.0,44.0,37.0,29.0,27.0,26.0,19.0,24.0,122.0,296.0,441.0,470.0,550.0,636.0,561.0,649.0,623.0,613.0,608.0,416.0,191.0,268.0,44.0,51.0,26.0,44.0,33.0,30.0,19.0,30.0,19.0,22.0,21.0,28.0,31.0,31.0,30.0,24.0,25.0,16.0,16.0,30.0,15.0,17.0,15.0,28.0,25.0,23.0,30.0,30.0,33.0,33.0,30.0,38.0,210.0,482.0,493.0,440.0,575.0,505.0,458.0,504.0,507.0,539.0,457.0,410.0,562.0,423.0,415.0,464.0,553.0,547.0,451.0,428.0,461.0,235.0,86.0,231.0,126.0,59.0,30.0,57.0,29.0,43.0,20.0,19.0,18.0,24.0,23.0,33.0,28.0,40.0,21.0,34.0,48.0,127.0,130.0,108.0,128.0,214.0,132.0,87.0,59.0,68.0,50.0,57.0,44.0,69.0,28.0,58.0,43.0,42.0,31.0,44.0,30.0,33.0,32.0,13.0,17.0,25.0
10.0,11.0,13.0,11.0,12.0,9.0,12.0,16.0,12.0,20.0,23.0,14.0,21.0,6.0,17.0,3.0,18.0,15.0,8.0,14.0,11.0,1.0,15.0,7.0,10.0,6.0,9.0,13.0,11.0,10.0,14.0,18.0,11.0,18.0,24.0,43.0,34.0,41.0,19.0,18.0,18.0,17.0,25.0,200.0,285.0,371.0,422.0,432.0,420.0,457.0,398.0,394.0,418.0,431.0,390.0,324.0,254.0,182.0,115.0,42.0,33.0,25.0,35.0,13.0,53.0,32.0,46.0,17.0,38.0,45.0,33.0,71.0,103.0,48.0,128.0,40.0,31.0,12.0,21.0,16.0,14.0,27.0,16.0,30.0,22.0,20.0,24.0,14.0,21.0,29.0,24.0,25.0,31.0,36.0,74.0,143.0,269.0,398.0,326.0,390.0,456.0,538.0,468.0,409.0,467.0,433.0,501.0,411.0,527.0,496.0,466.0,379.0,402.0,447.0,334.0,211.0,208.0,51.0,34.0,37.0,18.0,27.0,16.0,16.0,20.0,22.0,13.0,16.0,17.0,13.0,22.0,30.0,15.0,25.0,21.0,49.0,104.0,94.0,57.0,132.0,132.0,59.0,78.0,72.0,77.0,75.0,42.0,68.0,56.0,47.0,65.0,66.0,19.0,45.0,7.0,24.0,15.0,12.0,14.0,20.0,13.0,4.0,22.0,16.0,20.0,17.0,10.0,9.0,19.0,19.0,21.0,15.0
15.0,10.0,17.0,10.0,7.0,15.0,18.0,9.0,18.0,19.0,11.0,15.0,17.0,17.0,10.0,15.0,10.0,10.0,9.0,6.0,10.0,13.0,10.0,7.0,8.0,16.0,14.0,9.0,13.0,6.0,10.0,6.0,7.0,10.0,10.0,33.0,27.0,30.0,36.0,20.0,17.0,16.0,17.0,9.0,23.0,225.0,310.0,390.0,409.0,500.0,465.0,497.0,533.0,472.0,510.0,481.0,484.0,322.0,234.0,92.0,68.0,45.0,30.0,30.0,23.0,17.0,30.0,21.0,54.0,21.0,24.0,19.0,17.0,50.0,120.0,35.0,25.0,18.0,12.0,18.0,18.0,16.0,11.0,18.0,7.0,10.0,6.0,6.0,16.0,19.0,11.0,29.0,16.0,22.0,18.0,12.0,21.0,68.0,221.0,235.0,282.0,228.0,262.0,383.0,392.0,418.0,457.0,443.0,422.0,374.0,512.0,439.0,348.0,325.0,391.0,281.0,107.0,163.0,146.0,116.0,52.0,81.0,37.0,27.0,15.0,19.0,13.0,9.0,16.0,11.0,15.0,16.0,16.0,14.0,4.0,12.0,6.0,14.0,14.0,50.0,66.0,71.0,49.0,53.0,72.0,34.0,44.0,38.0,32.0,40.0,33.0,69.0,31.0,50.0,59.0,22.0,52.0,33.0,31.0,47.0,42.0,42.0,21.0,33.0,32.0,34.0,29.0,34.0,25.0,27.0,17.0,23.0
83.0,20.0,27.0,26.0,14.0,26.0,20.0,9.0,7.0,18.0,18.0,15.0,23.0,19.0,15.0,16.0,20.0,10.0,17.0,16.0,15.0,16.0,16.0,16.0,13.0,12.0,24.0,18.0,196.0,36.0,17.0,30.0,52.0,25.0,31.0,27.0,33.0,41.0,37.0,26.0,27.0,25.0,24.0,26.0,34.0,27.0,25.0,39.0,19.0,31.0,37.0,24.0,26.0,25.0,27.0,86.0,42.0,17.0,9.0,13.0,12.0,14.0,13.0,17.0,19.0,9.0,23.0,21.0,24.0,89.0,42.0,48.0,21.0,13.0,22.0,93.0,193.0,240.0,239.0,279.0,315.0,316.0,287.0,255.0,266.0,288.0,320.0,222.0,125.0,79.0,36.0,23.0,17.0,19.0,26.0,14.0,15.0,18.0,18.0,16.0,15.0,14.0,22.0,30.0,34.0,26.0,27.0,14.0,12.0,17.0,19.0,24.0,19.0,23.0,18.0,15.0,16.0,20.0,21.0,21.0,12.0,13.0,12.0,16.0,81.0,220.0,332.0,374.0,461.0,417.0,424.0,384.0,367.0,449.0,442.0,391.0,445.0,435.0,360.0,458.0,463.0,344.0,282.0,344.0,142.0,74.0,40.0,38.0,16.0,22.0,20.0,18.0,23.0,20.0,38.0,31.0,20.0,19.0,17.0,14.0,11.0,17.0,19.0,12.0,42.0,109.0,216.0,51.0,51.0,56.0,42.0,72.0
15.0,14.0,24.0,20.0,13.0,26.0,34.0,87.0,26.0,26.0,12.0,35.0,22.0,25.0,34.0,28.0,33.0,16.0,31.0,38.0,55.0,18.0,25.0,26.0,27.0,36.0,30.0,21.0,32.0,13.0,37.0,33.0,17.0,26.0,23.0,24.0,21.0,65.0,114.0,28.0,34.0,19.0,15.0,12.0,23.0,38.0,23.0,24.0,19.0,22.0,18.0,29.0,23.0,27.0,22.0,23.0,22.0,28.0,31.0,34.0,18.0,50.0,65.0,61.0,34.0,47.0,45.0,187.0,80.0,53.0,40.0,57.0,86.0,49.0,43.0,44.0,26.0,17.0,29.0,59.0,120.0,397.0,318.0,333.0,351.0,410.0,395.0,388.0,408.0,431.0,361.0,352.0,372.0,351.0,311.0,239.0,82.0,41.0,27.0,19.0,21.0,13.0,16.0,18.0,12.0,11.0,14.0,11.0,17.0,19.0,8.0,20.0,14.0,11.0,25.0,19.0,17.0,18.0,21.0,12.0,5.0,8.0,14.0,13.0,14.0,23.0,18.0,12.0,16.0,12.0,29.0,33.0,34.0,35.0,30.0,32.0,36.0,22.0,33.0,21.0,40.0,205.0,207.0,308.0,442.0,439.0,526.0,527.0,528.0,496.0,465.0,479.0,410.0,399.0,434.0,391.0,418.0,498.0,506.0,394.0,345.0,359.0,209.0,22.0,40.0,23.0,14.0,18.0,17.0,17.0,14.0,12.0
27.0,30.0,22.0,21.0,17.0,10.0,16.0,9.0,18.0,8.0,16.0,6.0,14.0,9.0,8.0,6.0,12.0,18.0,12.0,13.0,8.0,7.0,12.0,13.0,10.0,18.0,16.0,15.0,9.0,18.0,12.0,18.0,16.0,11.0,20.0,17.0,20.0,19.0,11.0,15.0,20.0,21.0,20.0,24.0,18.0,16.0,14.0,20.0,17.0,23.0,14.0,22.0,15.0,25.0,24.0,24.0,39.0,27.0,39.0,31.0,35.0,28.0,34.0,25.0,20.0,19.0,27.0,22.0,26.0,58.0,247.0,321.0,325.0,363.0,522.0,471.0,562.0,623.0,529.0,525.0,532.0,476.0,414.0,251.0,161.0,115.0,89.0,89.0,90.0,55.0,60.0,61.0,32.0,35.0,28.0,111.0,182.0,20.0,26.0,21.0,25.0,9.0,10.0,13.0,6.0,28.0,14.0,14.0,12.0,18.0,17.0,14.0,16.0,13.0,14.0,15.0,37.0,107.0,370.0,394.0,428.0,339.0,443.0,316.0,404.0,324.0,344.0,224.0,308.0,256.0,231.0,306.0,309.0,223.0,191.0,208.0,165.0,56.0,75.0,26.0,23.0,8.0,9.0,11.0,11.0,13.0,13.0,7.0,13.0,22.0,16.0,27.0,18.0,19.0,24.0,18.0,17.0,20.0,28.0,61.0,60.0,19.0,37.0,41.0,13.0,24.0,37.0,23.0,21.0,27.0,41.0,56.0
16.0,30.0,12.0,18.0,15.0,16.0,21.0,17.0,26.0,27.0,14.0,20.0,32.0,70.0,108.0,19.0,10.0,13.0,16.0,13.0,9.0,4.0,13.0,7.0,8.0,10.0,9.0,6.0,8.0,14.0,11.0,9.0,7.0,11.0,14.0,12.0,3.0,15.0,11.0,11.0,18.0,13.0,25.0,31.0,19.0,15.0,20.0,13.0,15.0,12.0,15.0,87.0,130.0,273.0,213.0,235.0,204.0,236.0,208.0,154.0,184.0,205.0,211.0,251.0,297.0,175.0,243.0,131.0,54.0,18.0,14.0,17.0,12.0,7.0,15.0,14.0,19.0,14.0,8.0,16.0,13.0,14.0,14.0,9.0,17.0,17.0,15.0,19.0,21.0,24.0,18.0,15.0,19.0,24.0,17.0,17.0,20.0,20.0,11.0,19.0,13.0,15.0,15.0,10.0,15.0,14.0,17.0,15.0,15.0,18.0,15.0,27.0,16.0,30.0,33.0,17.0,19.0,20.0,22.0,30.0,15.0,23.0,61.0,202.0,114.0,355.0,387.0,388.0,416.0,379.0,296.0,375.0,412.0,279.0,387.0,337.0,282.0,369.0,384.0,377.0,440.0,398.0,325.0,304.0,236.0,173.0,165.0,146.0,19.0,21.0,32.0,29.0,27.0,27.0,23.0,27.0,62.0,82.0,80.0,254.0,132.0,237.0,90.0,37.0,27.0,34.0,25.0,22.0,20.0,20.0,40.0,33.0
26.0,17.0,29.0,17.0,21.0,10.0,25.0,27.0,29.0,18.0,13.0,17.0,21.0,9.0,18.0,20.0,11.0,21.0,33.0,79.0,64.0,73.0,66.0,56.0,62.0,63.0,61.0,61.0,53.0,68.0,43.0,32.0,49.0,43.0,37.0,14.0,22.0,31.0,17.0,19.0,18.0,13.0,24.0,21.0,19.0,25.0,52.0,112.0,18.0,15.0,15.0,15.0,16.0,11.0,16.0,22.0,32.0,37.0,33.0,15.0,20.0,32.0,86.0,118.0,251.0,323.0,411.0,391.0,241.0,375.0,354.0,345.0,341.0,106.0,31.0,42.0,16.0,9.0,13.0,15.0,14.0,12.0,27.0,17.0,21.0,20.0,25.0,23.0,21.0,25.0,31.0,26.0,24.0,21.0,20.0,18.0,6.0,12.0,11.0,12.0,14.0,11.0,11.0,21.0,17.0,20.0,39.0,12.0,21.0,29.0,13.0,16.0,27.0,31.0,77.0,218.0,291.0,297.0,309.0,457.0,348.0,338.0,356.0,430.0,364.0,393.0,376.0,380.0,350.0,375.0,402.0,267.0,374.0,293.0,44.0,95.0,24.0,12.0,19.0,19.0,17.0,15.0,8.0,17.0,18.0,11.0,12.0,15.0,21.0,11.0,17.0,13.0,36.0,37.0,12.0,39.0,28.0,20.0,29.0,29.0,35.0,24.0,13.0,31.0,16.0,33.0,17.0,26.0,22.0,21.0,25.0,27.0
15.0,6.0,14.0,15.0,11.0,14.0,8.0,11.0,17.0,10.0,11.0,12.0,9.0,15.0,7.0,18.0,10.0,7.0,21.0,13.0,12.0,5.0,9.0,12.0,7.0,18.0,10.0,13.0,1.0,14.0,6.0,11.0,15.0,12.0,14.0,14.0,15.0,13.0,12.0,14.0,20.0,15.0,18.0,15.0,7.0,8.0,10.0,14.0,15.0,31.0,21.0,24.0,28.0,15.0,14.0,18.0,10.0,16.0,210.0,407.0,381.0,283.0,382.0,258.0,280.0,253.0,212.0,213.0,227.0,212.0,219.0,246.0,268.0,229.0,202.0,128.0,74.0,48.0,19.0,18.0,16.0,10.0,18.0,18.0,39.0,129.0,15.0,9.0,18.0,17.0,10.0,17.0,15.0,11.0,25.0,13.0,30.0,16.0,16.0,15.0,15.0,7.0,23.0,20.0,15.0,11.0,13.0,16.0,19.0,16.0,10.0,14.0,18.0,33.0,27.0,23.0,20.0,20.0,11.0,17.0,12.0,15.0,52.0,184.0,250.0,168.0,382.0,386.0,365.0,412.0,297.0,263.0,368.0,273.0,279.0,332.0,279.0,256.0,326.0,243.0,351.0,335.0,296.0,251.0,147.0,55.0,24.0,20.0,20.0,24.0,13.0,25.0,24.0,13.0,21.0,10.0,15.0,12.0,11.0,10.0,16.0,36.0,62.0,41.0,33.0,37.0,19.0,37.0,15.0,21.0,46.0,20.0
110.0,20.0,42.0,17.0,24.0,11.0,17.0,18.0,17.0,8.0,26.0,22.0,21.0,15.0,17.0,22.0,29.0,15.0,26.0,32.0,20.0,20.0,18.0,16.0,19.0,21.0,21.0,12.0,19.0,20.0,16.0,20.0,18.0,24.0,14.0,27.0,22.0,21.0,17.0,16.0,34.0,16.0,12.0,28.0,31.0,34.0,63.0,29.0,28.0,26.0,22.0,24.0,43.0,142.0,205.0,329.0,402.0,382.0,417.0,455.0,405.0,474.0,351.0,255.0,58.0,38.0,24.0,20.0,14.0,24.0,25.0,16.0,19.0,11.0,19.0,23.0,32.0,25.0,18.0,24.0,16.0,11.0,10.0,10.0,8.0,16.0,11.0,2.0,17.0,5.0,16.0,16.0,42.0,40.0,29.0,21.0,19.0,24.0,92.0,287.0,377.0,441.0,531.0,426.0,508.0,494.0,487.0,503.0,576.0,646.0,604.0,524.0,574.0,585.0,453.0,365.0,468.0,300.0,227.0,89.0,155.0,65.0,23.0,24.0,22.0,18.0,18.0,15.0,10.0,10.0,13.0,22.0,24.0,28.0,19.0,25.0,18.0,28.0,22.0,81.0,35.0,31.0,48.0,28.0,26.0,37.0,28.0,18.0,24.0,21.0,36.0,25.0,37.0,36.0,29.0,34.0,18.0,17.0,9.0,12.0,22.0,15.0,13.0,10.0,17.0,11.0,17.0,12.0,15.0,15.0,14.0,17.0
19.0,20.0,20.0,30.0,22.0,27.0,26.0,17.0,37.0,35.0,79.0,65.0,101.0,23.0,16.0,11.0,5.0,15.0,12.0,14.0,15.0,17.0,20.0,21.0,14.0,10.0,17.0,14.0,12.0,13.0,14.0,12.0,17.0,9.0,14.0,15.0,15.0,16.0,15.0,15.0,20.0,18.0,23.0,36.0,19.0,19.0,17.0,19.0,13.0,15.0,21.0,76.0,179.0,315.0,367.0,326.0,422.0,447.0,438.0,406.0,381.0,497.0,382.0,294.0,37.0,26.0,29.0,16.0,20.0,18.0,11.0,11.0,23.0,18.0,15.0,12.0,10.0,18.0,18.0,20.0,21.0,23.0,23.0,25.0,20.0,12.0,14.0,16.0,17.0,18.0,11.0,13.0,19.0,19.0,25.0,16.0,12.0,13.0,33.0,161.0,256.0,272.0,273.0,406.0,360.0,421.0,539.0,489.0,394.0,410.0,479.0,409.0,446.0,497.0,444.0,371.0,325.0,321.0,208.0,86.0,181.0,26.0,23.0,16.0,16.0,18.0,22.0,14.0,10.0,13.0,11.0,10.0,4.0,6.0,14.0,7.0,16.0,8.0,13.0,9.0,38.0,76.0,55.0,31.0,54.0,28.0,37.0,31.0,45.0,27.0,49.0,75.0,31.0,32.0,23.0,13.0,28.0,35.0,21.0,37.0,29.0,34.0,11.0,16.0,19.0,22.0,20.0,16.0,24.0,33.0,40.0,30.0
14.0,15.0,9.0,7.0,9.0,8.0,14.0,17.0,11.0,18.0,13.0,11.0,14.0,5.0,5.0,17.0,14.0,7.0,14.0,5.0,14.0,7.0,10.0,7.0,14.0,12.0,8.0,6.0,6.0,14.0,10.0,12.0,12.0,13.0,19.0,7.0,13.0,24.0,26.0,21.0,19.0,18.0,20.0,26.0,11.0,22.0,32.0,204.0,276.0,261.0,290.0,448.0,409.0,452.0,424.0,452.0,416.0,425.0,389.0,382.0,356.0,318.0,234.0,102.0,50.0,68.0,35.0,20.0,16.0,21.0,19.0,12.0,18.0,24.0,22.0,18.0,23.0,19.0,17.0,24.0,24.0,20.0,18.0,22.0,20.0,19.0,30.0,32.0,27.0,25.0,20.0,27.0,21.0,29.0,23.0,22.0,21.0,19.0,36.0,31.0,23.0,36.0,25.0,22.0,16.0,18.0,18.0,14.0,24.0,18.0,17.0,214.0,384.0,292.0,484.0,361.0,308.0,418.0,340.0,318.0,429.0,357.0,277.0,432.0,307.0,330.0,351.0,254.0,372.0,315.0,207.0,158.0,86.0,87.0,48.0,36.0,24.0,23.0,34.0,19.0,45.0,78.0,17.0,12.0,14.0,14.0,13.0,16.0,48.0,68.0,29.0,38.0,25.0,53.0,17.0,37.0,21.0,22.0,40.0,21.0,37.0,21.0,15.0,30.0,33.0,24.0,19.0,30.0,18.0,27.0,14.0,13.0
43.0,23.0,39.0,42.0,142.0,12.0,11.0,19.0,7.0,13.0,12.0,13.0,7.0,7.0,12.0,8.0,7.0,9.0,9.0,19.0,14.0,3.0,12.0,13.0,10.0,14.0,6.0,15.0,12.0,10.0,27.0,18.0,17.0,16.0,11.0,11.0,15.0,13.0,12.0,15.0,24.0,14.0,5.0,12.0,18.0,5.0,9.0,15.0,15.0,7.0,11.0,4.0,14.0,14.0,15.0,6.0,14.0,12.0,8.0,10.0,12.0,10.0,9.0,7.0,15.0,9.0,17.0,18.0,33.0,20.0,12.0,15.0,11.0,7.0,21.0,15.0,147.0,211.0,246.0,263.0,328.0,393.0,390.0,392.0,421.0,375.0,290.0,157.0,108.0,36.0,27.0,20.0,14.0,12.0,18.0,15.0,16.0,13.0,21.0,14.0,23.0,29.0,13.0,26.0,13.0,14.0,12.0,14.0,9.0,8.0,12.0,10.0,13.0,5.0,12.0,11.0,21.0,23.0,17.0,21.0,12.0,17.0,97.0,240.0,132.0,401.0,407.0,361.0,427.0,379.0,334.0,451.0,360.0,314.0,413.0,367.0,350.0,430.0,382.0,295.0,351.0,266.0,145.0,133.0,76.0,42.0,61.0,135.0,21.0,16.0,14.0,9.0,11.0,9.0,9.0,12.0,12.0,14.0,11.0,15.0,42.0,47.0,42.0,20.0,27.0,34.0,36.0,21.0,12.0,6.0,14.0,18.0
