68.0,44.0,59.0,30.0,46.0,55.0,86.0,73.0,69.0,47.0,52.0,50.0,74.0,60.0,83.0,46.0,48.0,47.0,78.0,34.0,32.0,44.0,57.0,47.0,23.0,52.0,55.0,79.0,51.0,26.0,34.0,51.0,38.0,131.0,31.0,97.0,63.0,51.0,62.0,61.0,46.0,38.0,26.0,56.0,44.0,41.0,55.0,31.0,35.0,31.0,29.0,22.0,17.0,76.0,26.0,41.0,66.0,38.0,63.0,71.0,27.0,43.0,59.0,129.0,70.0,71.0,120.0,65.0,51.0,76.0,62.0,70.0,54.0,117.0,56.0,59.0,50.0,122.0,45.0,80.0,65.0,30.0,19.0,26.0,126.0,54.0,87.0,56.0,77.0,83.0,62.0,27.0,46.0,96.0,93.0,73.0,78.0,112.0,56.0,126.0,59.0,70.0,91.0,46.0,83.0,44.0,74.0,39.0,80.0,34.0,22.0,16.0,46.0,41.0,49.0,68.0,52.0,63.0,62.0,24.0,82.0,293.0,421.0,385.0,347.0,284.0,329.0,326.0,399.0,377.0,361.0,376.0,409.0,382.0,304.0,192.0,148.0,128.0,70.0,74.0,56.0,72.0,78.0,94.0,51.0,40.0,23.0,35.0,56.0,28.0,49.0,59.0,65.0,61.0,95.0,61.0,51.0,46.0,40.0,38.0,99.0,76.0,92.0,31.0,19.0,37.0,202.0,247.0,246.0,326.0,247.0,394.0
57.0,41.0,46.0,42.0,54.0,60.0,35.0,43.0,27.0,25.0,119.0,47.0,77.0,58.0,77.0,61.0,111.0,16.0,40.0,61.0,60.0,42.0,46.0,64.0,50.0,54.0,53.0,33.0,47.0,72.0,30.0,66.0,43.0,36.0,50.0,73.0,55.0,95.0,25.0,47.0,53.0,31.0,20.0,36.0,50.0,48.0,80.0,39.0,42.0,56.0,38.0,81.0,48.0,68.0,46.0,36.0,46.0,61.0,46.0,87.0,53.0,60.0,113.0,75.0,115.0,71.0,35.0,73.0,103.0,89.0,49.0,70.0,105.0,84.0,64.0,28.0,33.0,43.0,34.0,45.0,36.0,36.0,66.0,48.0,31.0,65.0,27.0,42.0,43.0,100.0,43.0,44.0,54.0,38.0,63.0,275.0,547.0,529.0,487.0,347.0,463.0,300.0,445.0,364.0,307.0,248.0,199.0,213.0,252.0,189.0,320.0,211.0,265.0,222.0,181.0,196.0,85.0,70.0,82.0,55.0,64.0,87.0,79.0,27.0,31.0,36.0,27.0,32.0,26.0,33.0,23.0,26.0,33.0,18.0,41.0,42.0,126.0,49.0,26.0,104.0,59.0,138.0,102.0,72.0,70.0,88.0,52.0,113.0,53.0,51.0,95.0,121.0,327.0,412.0,216.0,175.0,323.0,334.0,226.0,360.0,255.0,183.0,264.0,250.0,97.0,220.0,221.0,122.0,175.0,50.0,152.0,146.0
59.0,67.0,90.0,40.0,27.0,37.0,16.0,141.0,21.0,84.0,54.0,36.0,61.0,20.0,73.0,36.0,19.0,18.0,44.0,44.0,56.0,49.0,36.0,15.0,31.0,50.0,17.0,35.0,39.0,50.0,48.0,64.0,31.0,51.0,37.0,30.0,50.0,53.0,82.0,47.0,54.0,59.0,68.0,25.0,77.0,22.0,45.0,24.0,58.0,45.0,58.0,61.0,52.0,40.0,36.0,58.0,31.0,62.0,42.0,58.0,79.0,45.0,105.0,43.0,36.0,100.0,39.0,53.0,84.0,35.0,29.0,28.0,26.0,51.0,61.0,109.0,54.0,48.0,37.0,40.0,33.0,32.0,16.0,29.0,32.0,54.0,58.0,308.0,246.0,520.0,525.0,518.0,507.0,426.0,468.0,363.0,328.0,481.0,436.0,293.0,283.0,310.0,220.0,160.0,126.0,108.0,147.0,100.0,33.0,30.0,43.0,24.0,52.0,23.0,17.0,29.0,48.0,29.0,21.0,23.0,56.0,57.0,45.0,48.0,47.0,38.0,37.0,43.0,87.0,60.0,51.0,64.0,69.0,156.0,115.0,52.0,55.0,58.0,61.0,62.0,200.0,202.0,221.0,427.0,348.0,313.0,342.0,366.0,276.0,207.0,138.0,271.0,78.0,238.0,318.0,102.0,285.0,210.0,86.0,275.0,151.0,158.0,101.0,59.0,121.0,303.0,249.0,319.0,278.0,280.0,366.0,290.0
61.0,118.0,63.0,112.0,22.0,100.0,40.0,57.0,35.0,25.0,69.0,57.0,34.0,89.0,53.0,72.0,43.0,31.0,27.0,26.0,47.0,26.0,66.0,73.0,39.0,46.0,38.0,22.0,65.0,77.0,22.0,42.0,48.0,49.0,29.0,30.0,46.0,82.0,21.0,63.0,50.0,31.0,58.0,50.0,62.0,20.0,19.0,53.0,24.0,18.0,30.0,24.0,38.0,28.0,54.0,72.0,48.0,11.0,29.0,74.0,47.0,71.0,76.0,68.0,40.0,44.0,63.0,53.0,32.0,27.0,85.0,56.0,47.0,43.0,55.0,46.0,34.0,48.0,32.0,59.0,59.0,59.0,56.0,49.0,146.0,373.0,415.0,472.0,412.0,587.0,468.0,526.0,473.0,501.0,362.0,297.0,247.0,197.0,194.0,201.0,137.0,109.0,60.0,57.0,92.0,54.0,45.0,40.0,33.0,39.0,53.0,30.0,16.0,49.0,23.0,44.0,11.0,58.0,34.0,143.0,77.0,81.0,41.0,92.0,75.0,82.0,60.0,42.0,98.0,46.0,131.0,236.0,198.0,369.0,453.0,586.0,394.0,364.0,358.0,268.0,298.0,327.0,199.0,105.0,189.0,185.0,158.0,147.0,270.0,115.0,169.0,286.0,101.0,257.0,82.0,110.0,82.0,157.0,121.0,374.0,416.0,367.0,565.0,464.0,317.0,491.0,483.0,360.0,334.0,437.0,328.0,321.0
31.0,25.0,19.0,48.0,27.0,39.0,27.0,72.0,38.0,41.0,26.0,57.0,42.0,52.0,40.0,80.0,24.0,33.0,60.0,61.0,31.0,26.0,35.0,41.0,37.0,76.0,51.0,59.0,60.0,45.0,30.0,66.0,29.0,20.0,41.0,33.0,40.0,16.0,36.0,16.0,36.0,24.0,78.0,42.0,58.0,76.0,51.0,32.0,35.0,35.0,54.0,34.0,38.0,68.0,40.0,71.0,35.0,41.0,96.0,51.0,45.0,59.0,44.0,47.0,33.0,23.0,24.0,24.0,31.0,29.0,44.0,30.0,31.0,71.0,37.0,58.0,16.0,44.0,36.0,38.0,60.0,39.0,43.0,57.0,43.0,43.0,54.0,70.0,46.0,22.0,39.0,42.0,58.0,45.0,30.0,113.0,373.0,396.0,328.0,309.0,270.0,341.0,348.0,280.0,325.0,317.0,370.0,373.0,327.0,226.0,183.0,131.0,127.0,121.0,43.0,91.0,52.0,23.0,68.0,47.0,42.0,55.0,34.0,38.0,27.0,25.0,32.0,16.0,31.0,44.0,26.0,34.0,43.0,54.0,37.0,42.0,49.0,45.0,41.0,50.0,105.0,33.0,43.0,28.0,29.0,49.0,18.0,98.0,50.0,18.0,22.0,31.0,54.0,28.0,31.0,26.0,32.0,52.0,34.0,17.0,39.0,17.0,99.0,71.0,64.0,63.0,229.0,353.0,303.0,451.0,295.0,282.0
37.0,59.0,64.0,94.0,35.0,24.0,45.0,44.0,34.0,36.0,55.0,79.0,26.0,58.0,40.0,93.0,88.0,84.0,62.0,57.0,110.0,89.0,104.0,58.0,65.0,87.0,76.0,48.0,43.0,54.0,50.0,91.0,65.0,18.0,20.0,29.0,120.0,73.0,50.0,25.0,52.0,45.0,72.0,56.0,74.0,63.0,68.0,51.0,46.0,85.0,53.0,27.0,86.0,45.0,100.0,60.0,48.0,59.0,43.0,23.0,22.0,18.0,37.0,22.0,37.0,29.0,25.0,45.0,59.0,81.0,27.0,53.0,28.0,49.0,35.0,62.0,47.0,88.0,77.0,64.0,61.0,51.0,40.0,105.0,66.0,79.0,44.0,207.0,295.0,300.0,489.0,514.0,549.0,429.0,362.0,368.0,420.0,221.0,412.0,311.0,233.0,269.0,160.0,175.0,154.0,138.0,102.0,75.0,40.0,73.0,65.0,86.0,46.0,39.0,39.0,43.0,13.0,44.0,14.0,25.0,31.0,46.0,43.0,14.0,35.0,34.0,71.0,74.0,71.0,71.0,112.0,119.0,79.0,99.0,100.0,94.0,59.0,73.0,202.0,271.0,375.0,241.0,258.0,293.0,259.0,303.0,227.0,179.0,105.0,67.0,148.0,78.0,138.0,159.0,82.0,166.0,291.0,70.0,220.0,251.0,129.0,232.0,233.0,450.0,442.0,251.0,465.0,413.0,243.0,426.0,389.0,152.0
46.0,62.0,56.0,35.0,42.0,32.0,47.0,55.0,38.0,396.0,30.0,92.0,36.0,53.0,36.0,81.0,61.0,28.0,41.0,30.0,23.0,57.0,36.0,50.0,22.0,30.0,44.0,87.0,49.0,71.0,93.0,43.0,71.0,57.0,45.0,98.0,82.0,55.0,47.0,61.0,81.0,39.0,51.0,39.0,41.0,43.0,57.0,59.0,26.0,21.0,27.0,23.0,20.0,45.0,24.0,86.0,64.0,61.0,35.0,84.0,91.0,53.0,35.0,30.0,77.0,82.0,81.0,48.0,110.0,101.0,114.0,23.0,27.0,61.0,338.0,360.0,475.0,413.0,395.0,433.0,421.0,364.0,321.0,336.0,287.0,273.0,241.0,227.0,150.0,112.0,116.0,90.0,85.0,56.0,40.0,30.0,19.0,47.0,28.0,18.0,29.0,26.0,24.0,27.0,13.0,90.0,21.0,35.0,44.0,41.0,74.0,49.0,27.0,46.0,38.0,103.0,44.0,55.0,54.0,90.0,30.0,103.0,71.0,55.0,65.0,62.0,86.0,53.0,24.0,45.0,84.0,183.0,145.0,345.0,392.0,329.0,326.0,372.0,351.0,314.0,283.0,245.0,184.0,217.0,236.0,89.0,239.0,172.0,170.0,213.0,48.0,181.0,60.0,141.0,136.0,101.0,253.0,167.0,188.0,289.0,278.0,240.0,368.0,377.0,331.0,348.0,176.0,247.0,326.0,342.0,414.0,299.0
30.0,25.0,30.0,34.0,49.0,19.0,62.0,44.0,33.0,23.0,30.0,57.0,43.0,41.0,44.0,37.0,41.0,50.0,85.0,50.0,56.0,80.0,58.0,75.0,33.0,34.0,31.0,39.0,64.0,32.0,64.0,51.0,94.0,47.0,56.0,29.0,24.0,60.0,28.0,60.0,18.0,37.0,37.0,54.0,29.0,24.0,57.0,51.0,116.0,29.0,19.0,54.0,45.0,66.0,37.0,35.0,53.0,43.0,59.0,30.0,44.0,32.0,27.0,41.0,38.0,49.0,56.0,44.0,26.0,53.0,58.0,41.0,89.0,55.0,55.0,64.0,46.0,42.0,59.0,38.0,79.0,17.0,56.0,52.0,57.0,43.0,52.0,42.0,47.0,40.0,56.0,43.0,63.0,30.0,133.0,408.0,351.0,471.0,327.0,551.0,562.0,518.0,439.0,486.0,410.0,340.0,432.0,406.0,388.0,274.0,161.0,156.0,106.0,50.0,89.0,45.0,39.0,27.0,37.0,24.0,49.0,40.0,55.0,54.0,80.0,45.0,47.0,35.0,28.0,19.0,72.0,22.0,24.0,25.0,30.0,21.0,28.0,69.0,77.0,104.0,119.0,89.0,91.0,75.0,97.0,111.0,111.0,80.0,80.0,81.0,197.0,269.0,287.0,432.0,264.0,381.0,374.0,360.0,274.0,170.0,111.0,251.0,96.0,234.0,205.0,110.0,178.0,94.0,148.0,161.0,40.0,171.0
32.0,17.0,35.0,20.0,94.0,51.0,26.0,34.0,76.0,28.0,53.0,62.0,66.0,38.0,25.0,56.0,55.0,54.0,57.0,45.0,51.0,46.0,25.0,52.0,48.0,59.0,49.0,44.0,38.0,47.0,38.0,44.0,30.0,49.0,27.0,28.0,47.0,29.0,48.0,66.0,61.0,156.0,62.0,89.0,67.0,66.0,77.0,45.0,42.0,50.0,32.0,29.0,41.0,50.0,26.0,88.0,35.0,39.0,38.0,112.0,48.0,88.0,52.0,65.0,48.0,39.0,38.0,56.0,27.0,33.0,44.0,104.0,58.0,106.0,32.0,30.0,59.0,47.0,63.0,34.0,52.0,65.0,44.0,92.0,39.0,33.0,42.0,85.0,39.0,160.0,297.0,299.0,309.0,255.0,347.0,398.0,375.0,438.0,423.0,454.0,429.0,384.0,323.0,253.0,285.0,252.0,122.0,34.0,52.0,40.0,93.0,27.0,28.0,51.0,26.0,64.0,88.0,51.0,25.0,80.0,30.0,39.0,24.0,71.0,66.0,88.0,44.0,10.0,33.0,32.0,20.0,32.0,48.0,61.0,58.0,76.0,98.0,41.0,75.0,58.0,138.0,224.0,342.0,309.0,346.0,307.0,252.0,317.0,272.0,173.0,178.0,296.0,120.0,308.0,126.0,39.0,145.0,113.0,143.0,85.0,65.0,92.0,73.0,146.0,230.0,215.0,354.0,284.0,266.0,330.0,285.0,255.0
61.0,23.0,23.0,49.0,20.0,70.0,41.0,19.0,24.0,20.0,43.0,24.0,72.0,19.0,27.0,24.0,81.0,45.0,63.0,74.0,43.0,30.0,63.0,41.0,98.0,31.0,65.0,39.0,40.0,62.0,37.0,52.0,33.0,38.0,34.0,31.0,36.0,28.0,25.0,27.0,25.0,49.0,35.0,31.0,43.0,51.0,55.0,39.0,54.0,55.0,33.0,58.0,33.0,29.0,42.0,30.0,22.0,46.0,41.0,61.0,63.0,30.0,79.0,58.0,28.0,47.0,52.0,21.0,80.0,31.0,43.0,36.0,54.0,45.0,43.0,52.0,43.0,64.0,40.0,51.0,66.0,95.0,28.0,37.0,29.0,23.0,29.0,36.0,79.0,178.0,248.0,262.0,210.0,272.0,406.0,343.0,368.0,296.0,303.0,185.0,306.0,351.0,336.0,312.0,180.0,212.0,182.0,270.0,264.0,97.0,120.0,78.0,77.0,55.0,24.0,31.0,35.0,45.0,29.0,26.0,60.0,52.0,42.0,29.0,57.0,24.0,48.0,27.0,63.0,52.0,141.0,97.0,141.0,47.0,34.0,74.0,34.0,58.0,80.0,86.0,94.0,75.0,61.0,131.0,107.0,277.0,401.0,291.0,290.0,386.0,297.0,208.0,291.0,235.0,169.0,122.0,259.0,67.0,186.0,185.0,80.0,151.0,120.0,144.0,92.0,90.0,34.0,64.0,267.0,243.0,270.0,256.0
62.0,30.0,27.0,104.0,136.0,65.0,48.0,39.0,27.0,34.0,98.0,70.0,39.0,36.0,38.0,34.0,27.0,45.0,21.0,17.0,19.0,41.0,28.0,40.0,58.0,21.0,38.0,44.0,31.0,40.0,60.0,50.0,25.0,57.0,29.0,46.0,32.0,44.0,20.0,28.0,27.0,36.0,28.0,23.0,49.0,45.0,38.0,35.0,17.0,22.0,47.0,63.0,29.0,26.0,38.0,27.0,26.0,92.0,21.0,66.0,31.0,17.0,30.0,46.0,25.0,54.0,21.0,40.0,20.0,41.0,54.0,31.0,64.0,39.0,59.0,49.0,53.0,109.0,15.0,21.0,48.0,34.0,63.0,51.0,35.0,73.0,48.0,54.0,38.0,47.0,76.0,193.0,388.0,429.0,413.0,300.0,317.0,313.0,258.0,423.0,455.0,345.0,324.0,371.0,317.0,271.0,133.0,98.0,118.0,158.0,70.0,51.0,38.0,29.0,26.0,46.0,58.0,43.0,70.0,61.0,25.0,36.0,26.0,30.0,38.0,26.0,27.0,29.0,15.0,72.0,48.0,38.0,100.0,52.0,110.0,61.0,55.0,54.0,55.0,91.0,50.0,67.0,124.0,254.0,291.0,272.0,238.0,461.0,473.0,326.0,279.0,282.0,298.0,249.0,157.0,180.0,142.0,283.0,140.0,268.0,246.0,14.0,196.0,92.0,129.0,101.0,103.0,168.0,187.0,243.0,319.0,282.0
44.0,31.0,31.0,64.0,41.0,31.0,34.0,38.0,25.0,15.0,91.0,32.0,64.0,67.0,38.0,38.0,55.0,102.0,57.0,45.0,122.0,87.0,49.0,40.0,64.0,35.0,159.0,32.0,103.0,34.0,43.0,59.0,34.0,25.0,38.0,43.0,33.0,55.0,51.0,32.0,48.0,32.0,64.0,59.0,63.0,46.0,41.0,38.0,54.0,41.0,65.0,26.0,25.0,31.0,66.0,86.0,42.0,76.0,38.0,45.0,42.0,66.0,66.0,58.0,24.0,46.0,32.0,26.0,49.0,38.0,18.0,27.0,32.0,85.0,40.0,141.0,276.0,212.0,406.0,301.0,242.0,201.0,351.0,258.0,242.0,205.0,298.0,256.0,272.0,299.0,289.0,277.0,178.0,135.0,35.0,94.0,65.0,86.0,28.0,39.0,16.0,50.0,31.0,53.0,18.0,36.0,39.0,58.0,24.0,78.0,51.0,30.0,20.0,23.0,53.0,61.0,61.0,66.0,92.0,78.0,76.0,73.0,40.0,108.0,43.0,79.0,73.0,158.0,209.0,284.0,391.0,342.0,307.0,310.0,212.0,210.0,324.0,269.0,160.0,176.0,137.0,92.0,218.0,128.0,224.0,239.0,27.0,208.0,39.0,83.0,46.0,93.0,109.0,104.0,179.0,244.0,234.0,405.0,313.0,327.0,357.0,238.0,358.0,358.0,236.0,244.0,242.0,229.0,245.0,190.0,190.0,111.0
65.0,81.0,57.0,45.0,44.0,72.0,70.0,91.0,38.0,18.0,35.0,64.0,40.0,27.0,78.0,87.0,71.0,52.0,72.0,43.0,92.0,60.0,105.0,38.0,59.0,37.0,81.0,73.0,81.0,68.0,37.0,41.0,74.0,105.0,38.0,114.0,42.0,33.0,86.0,65.0,27.0,20.0,19.0,34.0,68.0,79.0,46.0,63.0,36.0,59.0,48.0,34.0,63.0,52.0,45.0,50.0,58.0,75.0,62.0,51.0,54.0,83.0,22.0,76.0,26.0,12.0,48.0,26.0,63.0,48.0,48.0,25.0,28.0,24.0,56.0,49.0,67.0,61.0,87.0,50.0,66.0,49.0,124.0,132.0,72.0,41.0,47.0,79.0,66.0,41.0,80.0,123.0,415.0,388.0,295.0,389.0,391.0,351.0,335.0,302.0,341.0,253.0,307.0,191.0,179.0,188.0,155.0,125.0,69.0,105.0,90.0,78.0,40.0,84.0,44.0,46.0,54.0,94.0,44.0,48.0,44.0,59.0,63.0,95.0,37.0,31.0,19.0,56.0,90.0,105.0,79.0,52.0,64.0,69.0,90.0,66.0,60.0,51.0,64.0,153.0,368.0,307.0,379.0,352.0,352.0,335.0,348.0,279.0,200.0,267.0,144.0,63.0,131.0,227.0,95.0,210.0,203.0,49.0,199.0,221.0,183.0,228.0,158.0,338.0,410.0,271.0,457.0,391.0,309.0,425.0,458.0,326.0
89.0,71.0,37.0,36.0,52.0,48.0,42.0,32.0,68.0,22.0,30.0,29.0,25.0,21.0,17.0,63.0,74.0,71.0,28.0,23.0,33.0,71.0,22.0,100.0,34.0,109.0,28.0,51.0,67.0,55.0,23.0,20.0,58.0,15.0,59.0,28.0,51.0,39.0,39.0,34.0,36.0,30.0,22.0,37.0,74.0,40.0,45.0,34.0,95.0,38.0,35.0,38.0,53.0,22.0,19.0,41.0,43.0,60.0,28.0,63.0,37.0,58.0,63.0,68.0,89.0,68.0,61.0,64.0,49.0,48.0,41.0,224.0,346.0,378.0,496.0,505.0,401.0,485.0,502.0,490.0,460.0,309.0,316.0,303.0,297.0,276.0,169.0,179.0,197.0,256.0,185.0,150.0,120.0,43.0,74.0,45.0,69.0,31.0,35.0,41.0,21.0,27.0,29.0,24.0,20.0,20.0,74.0,52.0,42.0,23.0,36.0,38.0,49.0,31.0,35.0,45.0,84.0,85.0,119.0,49.0,48.0,95.0,238.0,202.0,378.0,426.0,375.0,235.0,260.0,238.0,314.0,261.0,216.0,268.0,134.0,181.0,244.0,131.0,181.0,198.0,76.0,199.0,131.0,36.0,141.0,69.0,130.0,135.0,147.0,212.0,185.0,300.0,301.0,374.0,406.0,427.0,334.0,386.0,389.0,313.0,376.0,416.0,261.0,309.0,438.0,269.0,429.0,394.0,219.0,218.0,223.0,52.0
36.0,17.0,36.0,29.0,55.0,96.0,36.0,87.0,69.0,27.0,103.0,97.0,50.0,69.0,99.0,51.0,63.0,65.0,58.0,59.0,54.0,101.0,36.0,72.0,25.0,103.0,73.0,23.0,97.0,24.0,49.0,92.0,27.0,25.0,38.0,30.0,64.0,54.0,47.0,85.0,21.0,68.0,28.0,18.0,21.0,70.0,96.0,68.0,83.0,85.0,65.0,58.0,87.0,63.0,102.0,77.0,97.0,118.0,29.0,40.0,69.0,34.0,49.0,45.0,37.0,35.0,25.0,62.0,49.0,40.0,33.0,44.0,71.0,78.0,75.0,76.0,27.0,44.0,48.0,46.0,320.0,447.0,372.0,430.0,534.0,520.0,427.0,393.0,312.0,307.0,394.0,315.0,291.0,264.0,208.0,142.0,121.0,71.0,80.0,51.0,29.0,31.0,54.0,24.0,78.0,59.0,81.0,74.0,33.0,26.0,25.0,53.0,98.0,31.0,47.0,29.0,45.0,24.0,30.0,45.0,93.0,67.0,101.0,58.0,38.0,59.0,63.0,80.0,63.0,136.0,283.0,396.0,357.0,334.0,434.0,246.0,227.0,288.0,211.0,146.0,150.0,186.0,80.0,118.0,145.0,67.0,179.0,183.0,89.0,240.0,226.0,333.0,476.0,358.0,624.0,374.0,246.0,346.0,405.0,273.0,315.0,376.0,211.0,300.0,469.0,298.0,377.0,353.0,222.0,224.0,263.0,93.0
27.0,61.0,40.0,37.0,30.0,50.0,31.0,27.0,26.0,53.0,52.0,35.0,60.0,36.0,88.0,61.0,38.0,118.0,20.0,29.0,44.0,29.0,37.0,65.0,27.0,54.0,32.0,42.0,44.0,29.0,45.0,77.0,63.0,92.0,36.0,53.0,33.0,40.0,31.0,36.0,44.0,51.0,57.0,46.0,45.0,29.0,58.0,34.0,35.0,61.0,17.0,51.0,34.0,24.0,23.0,14.0,36.0,38.0,23.0,47.0,33.0,39.0,20.0,22.0,36.0,48.0,70.0,45.0,45.0,106.0,58.0,58.0,41.0,58.0,76.0,73.0,73.0,94.0,65.0,21.0,27.0,41.0,28.0,40.0,28.0,78.0,47.0,53.0,77.0,312.0,454.0,367.0,502.0,472.0,341.0,526.0,454.0,384.0,375.0,380.0,409.0,230.0,243.0,162.0,73.0,120.0,184.0,58.0,98.0,57.0,18.0,14.0,37.0,35.0,99.0,46.0,72.0,45.0,32.0,75.0,36.0,37.0,59.0,48.0,69.0,44.0,33.0,40.0,66.0,53.0,62.0,44.0,56.0,50.0,61.0,62.0,51.0,58.0,31.0,39.0,43.0,134.0,237.0,210.0,324.0,408.0,319.0,347.0,388.0,336.0,233.0,315.0,225.0,111.0,225.0,93.0,249.0,207.0,44.0,163.0,253.0,117.0,124.0,81.0,86.0,108.0,119.0,218.0,232.0,276.0,300.0,301.0
37.0,54.0,22.0,16.0,55.0,40.0,27.0,36.0,42.0,37.0,60.0,39.0,60.0,42.0,28.0,83.0,42.0,23.0,52.0,35.0,45.0,51.0,42.0,79.0,34.0,49.0,25.0,23.0,87.0,94.0,65.0,98.0,63.0,78.0,83.0,51.0,41.0,29.0,47.0,48.0,33.0,117.0,62.0,78.0,50.0,76.0,38.0,84.0,72.0,29.0,61.0,67.0,33.0,113.0,59.0,76.0,41.0,65.0,23.0,16.0,20.0,17.0,57.0,43.0,59.0,37.0,65.0,56.0,68.0,51.0,35.0,121.0,226.0,333.0,487.0,344.0,448.0,447.0,425.0,423.0,415.0,362.0,406.0,373.0,433.0,309.0,316.0,149.0,238.0,142.0,79.0,95.0,70.0,41.0,29.0,39.0,43.0,18.0,49.0,20.0,68.0,40.0,50.0,23.0,33.0,28.0,50.0,37.0,110.0,38.0,84.0,28.0,63.0,110.0,36.0,92.0,73.0,113.0,71.0,49.0,29.0,58.0,104.0,50.0,197.0,197.0,205.0,254.0,242.0,269.0,212.0,212.0,198.0,206.0,157.0,208.0,178.0,101.0,108.0,219.0,104.0,176.0,173.0,82.0,175.0,69.0,103.0,232.0,191.0,256.0,469.0,324.0,342.0,304.0,171.0,360.0,385.0,234.0,365.0,343.0,233.0,379.0,326.0,249.0,318.0,256.0,119.0,206.0,77.0,242.0,230.0,103.0
83.0,95.0,68.0,91.0,64.0,85.0,70.0,101.0,93.0,69.0,54.0,36.0,40.0,43.0,94.0,63.0,39.0,45.0,54.0,52.0,21.0,47.0,39.0,14.0,36.0,35.0,80.0,21.0,19.0,47.0,36.0,40.0,30.0,18.0,23.0,51.0,67.0,32.0,62.0,23.0,32.0,22.0,78.0,50.0,43.0,61.0,28.0,22.0,85.0,67.0,108.0,77.0,43.0,28.0,44.0,35.0,41.0,45.0,45.0,59.0,26.0,35.0,21.0,41.0,76.0,33.0,28.0,40.0,31.0,45.0,72.0,71.0,83.0,102.0,53.0,37.0,212.0,486.0,399.0,366.0,387.0,436.0,521.0,598.0,507.0,476.0,331.0,331.0,389.0,283.0,259.0,264.0,168.0,123.0,97.0,124.0,108.0,87.0,70.0,51.0,31.0,40.0,75.0,52.0,48.0,34.0,29.0,14.0,41.0,25.0,54.0,33.0,19.0,17.0,33.0,63.0,62.0,57.0,62.0,42.0,77.0,89.0,46.0,50.0,122.0,105.0,81.0,42.0,158.0,304.0,202.0,532.0,412.0,314.0,297.0,454.0,272.0,233.0,291.0,288.0,146.0,177.0,274.0,69.0,210.0,178.0,47.0,134.0,177.0,55.0,192.0,134.0,154.0,343.0,337.0,356.0,487.0,460.0,333.0,374.0,322.0,290.0,478.0,476.0,434.0,420.0,303.0,317.0,369.0,215.0,256.0,292.0
18.0,41.0,47.0,32.0,50.0,80.0,48.0,59.0,33.0,67.0,35.0,71.0,19.0,39.0,55.0,66.0,49.0,70.0,56.0,57.0,67.0,63.0,34.0,31.0,41.0,101.0,120.0,64.0,38.0,54.0,51.0,52.0,37.0,54.0,41.0,51.0,62.0,108.0,56.0,127.0,71.0,156.0,92.0,98.0,87.0,110.0,96.0,57.0,66.0,72.0,48.0,57.0,32.0,69.0,26.0,58.0,50.0,61.0,68.0,69.0,30.0,51.0,30.0,37.0,19.0,27.0,32.0,56.0,27.0,78.0,61.0,20.0,52.0,50.0,37.0,41.0,48.0,83.0,76.0,69.0,56.0,28.0,56.0,64.0,101.0,325.0,353.0,440.0,519.0,607.0,648.0,587.0,444.0,475.0,362.0,505.0,474.0,339.0,290.0,326.0,408.0,318.0,447.0,279.0,197.0,430.0,297.0,309.0,264.0,64.0,78.0,72.0,110.0,41.0,47.0,105.0,114.0,127.0,103.0,148.0,96.0,37.0,129.0,146.0,50.0,79.0,140.0,86.0,41.0,42.0,40.0,47.0,42.0,42.0,74.0,100.0,65.0,211.0,284.0,252.0,403.0,410.0,269.0,260.0,454.0,301.0,311.0,359.0,238.0,177.0,177.0,286.0,111.0,173.0,290.0,143.0,253.0,187.0,53.0,285.0,254.0,67.0,229.0,427.0,351.0,538.0,509.0,385.0,403.0,400.0,267.0,386.0
44.0,77.0,79.0,65.0,21.0,56.0,35.0,71.0,42.0,61.0,75.0,35.0,64.0,81.0,40.0,36.0,26.0,44.0,67.0,46.0,89.0,59.0,50.0,91.0,115.0,89.0,88.0,40.0,25.0,37.0,60.0,45.0,109.0,65.0,36.0,51.0,91.0,33.0,35.0,66.0,31.0,47.0,32.0,43.0,61.0,17.0,66.0,63.0,88.0,43.0,42.0,36.0,103.0,38.0,42.0,42.0,47.0,75.0,25.0,67.0,38.0,61.0,31.0,47.0,56.0,36.0,48.0,42.0,40.0,39.0,48.0,24.0,44.0,41.0,46.0,206.0,355.0,559.0,633.0,509.0,452.0,430.0,601.0,665.0,605.0,538.0,565.0,361.0,559.0,408.0,316.0,194.0,177.0,128.0,136.0,153.0,78.0,63.0,31.0,40.0,49.0,34.0,48.0,50.0,39.0,65.0,67.0,94.0,22.0,58.0,51.0,83.0,38.0,13.0,43.0,115.0,54.0,67.0,74.0,73.0,62.0,48.0,72.0,95.0,84.0,52.0,123.0,131.0,278.0,313.0,397.0,429.0,602.0,396.0,424.0,422.0,389.0,358.0,252.0,204.0,223.0,47.0,194.0,181.0,48.0,203.0,77.0,125.0,161.0,71.0,136.0,130.0,60.0,233.0,169.0,410.0,466.0,409.0,489.0,507.0,358.0,496.0,473.0,406.0,558.0,529.0,389.0,641.0,554.0,409.0,531.0,395.0
66.0,48.0,67.0,55.0,76.0,72.0,66.0,53.0,102.0,35.0,28.0,23.0,28.0,40.0,31.0,28.0,54.0,39.0,37.0,36.0,67.0,44.0,69.0,43.0,52.0,80.0,51.0,66.0,34.0,68.0,49.0,48.0,23.0,39.0,83.0,45.0,33.0,54.0,34.0,77.0,82.0,20.0,24.0,37.0,22.0,48.0,24.0,609.0,1645.0,1183.0,1626.0,806.0,850.0,818.0,401.0,779.0,1002.0,281.0,847.0,675.0,327.0,674.0,415.0,217.0,190.0,202.0,640.0,100.0,98.0,162.0,220.0,242.0,95.0,94.0,111.0,30.0,122.0,280.0,54.0,65.0,78.0,81.0,83.0,278.0,125.0,185.0,277.0,404.0,676.0,417.0,607.0,652.0,683.0,398.0,521.0,595.0,571.0,706.0,461.0,198.0,343.0,167.0,138.0,102.0,87.0,40.0,71.0,70.0,86.0,106.0,70.0,105.0,57.0,49.0,72.0,32.0,22.0,36.0,47.0,114.0,60.0,97.0,24.0,94.0,107.0,79.0,70.0,81.0,88.0,87.0,120.0,41.0,42.0,38.0,56.0,134.0,79.0,107.0,89.0,185.0,392.0,405.0,353.0,374.0,421.0,341.0,297.0,360.0,321.0,308.0,156.0,126.0,60.0,102.0,106.0,180.0,160.0,124.0,191.0,97.0,139.0,87.0,61.0,351.0,369.0,338.0,528.0,491.0,412.0,436.0,452.0,384.0
54.0,43.0,25.0,49.0,28.0,36.0,48.0,32.0,41.0,41.0,93.0,102.0,57.0,36.0,40.0,44.0,36.0,44.0,17.0,55.0,40.0,53.0,27.0,57.0,57.0,30.0,40.0,52.0,29.0,51.0,62.0,36.0,26.0,25.0,65.0,41.0,48.0,14.0,73.0,35.0,47.0,29.0,43.0,101.0,39.0,38.0,52.0,43.0,17.0,41.0,28.0,59.0,38.0,48.0,41.0,33.0,56.0,71.0,54.0,42.0,33.0,37.0,32.0,113.0,41.0,95.0,36.0,26.0,34.0,85.0,54.0,101.0,31.0,23.0,20.0,44.0,35.0,53.0,28.0,51.0,41.0,45.0,68.0,49.0,49.0,56.0,63.0,69.0,55.0,29.0,30.0,67.0,34.0,210.0,406.0,450.0,501.0,337.0,481.0,409.0,541.0,525.0,461.0,438.0,315.0,271.0,330.0,326.0,208.0,223.0,217.0,116.0,110.0,74.0,49.0,46.0,50.0,30.0,30.0,25.0,63.0,28.0,63.0,93.0,70.0,65.0,65.0,40.0,55.0,61.0,41.0,68.0,23.0,41.0,33.0,74.0,31.0,84.0,86.0,38.0,57.0,24.0,55.0,28.0,46.0,84.0,264.0,341.0,381.0,430.0,401.0,367.0,401.0,262.0,311.0,352.0,114.0,66.0,244.0,164.0,119.0,182.0,125.0,154.0,224.0,75.0,190.0,225.0,50.0,246.0,128.0,145.0
25.0,33.0,50.0,52.0,30.0,25.0,33.0,65.0,46.0,77.0,68.0,26.0,44.0,40.0,33.0,32.0,21.0,34.0,85.0,60.0,37.0,43.0,72.0,31.0,65.0,57.0,35.0,41.0,38.0,59.0,42.0,47.0,47.0,64.0,50.0,67.0,43.0,63.0,35.0,39.0,46.0,103.0,72.0,54.0,23.0,19.0,65.0,35.0,40.0,48.0,40.0,53.0,43.0,39.0,49.0,56.0,16.0,18.0,39.0,23.0,24.0,25.0,32.0,38.0,33.0,36.0,76.0,56.0,74.0,123.0,73.0,101.0,57.0,27.0,76.0,103.0,39.0,51.0,46.0,93.0,93.0,69.0,48.0,42.0,163.0,400.0,547.0,440.0,352.0,424.0,480.0,465.0,345.0,411.0,313.0,388.0,377.0,328.0,248.0,191.0,168.0,163.0,254.0,124.0,101.0,76.0,54.0,60.0,60.0,47.0,17.0,19.0,76.0,109.0,43.0,91.0,57.0,25.0,45.0,26.0,39.0,74.0,20.0,33.0,19.0,61.0,76.0,110.0,72.0,21.0,38.0,49.0,32.0,61.0,113.0,242.0,290.0,264.0,380.0,322.0,341.0,380.0,313.0,318.0,364.0,241.0,297.0,196.0,88.0,262.0,247.0,107.0,231.0,252.0,45.0,176.0,206.0,65.0,126.0,50.0,115.0,75.0,67.0,240.0,281.0,341.0,375.0,340.0,281.0,391.0,248.0,394.0
31.0,47.0,56.0,75.0,56.0,83.0,26.0,33.0,19.0,24.0,80.0,62.0,49.0,40.0,47.0,44.0,49.0,51.0,38.0,32.0,51.0,55.0,56.0,70.0,77.0,45.0,25.0,24.0,37.0,45.0,36.0,37.0,47.0,50.0,40.0,21.0,24.0,29.0,41.0,17.0,31.0,72.0,22.0,55.0,47.0,36.0,39.0,65.0,32.0,60.0,34.0,96.0,101.0,96.0,74.0,44.0,73.0,30.0,16.0,48.0,10.0,28.0,34.0,37.0,43.0,58.0,47.0,33.0,44.0,52.0,19.0,29.0,31.0,26.0,61.0,51.0,80.0,68.0,49.0,42.0,39.0,29.0,97.0,72.0,145.0,303.0,399.0,399.0,399.0,515.0,375.0,490.0,518.0,468.0,485.0,405.0,374.0,379.0,271.0,228.0,111.0,135.0,82.0,68.0,56.0,44.0,42.0,40.0,28.0,49.0,44.0,46.0,51.0,54.0,41.0,30.0,40.0,14.0,16.0,34.0,30.0,34.0,17.0,40.0,30.0,79.0,72.0,64.0,74.0,72.0,56.0,51.0,56.0,95.0,125.0,159.0,264.0,398.0,309.0,221.0,376.0,432.0,271.0,329.0,345.0,167.0,126.0,140.0,78.0,223.0,215.0,100.0,180.0,69.0,97.0,90.0,94.0,167.0,76.0,323.0,285.0,225.0,295.0,293.0,232.0,268.0,306.0,275.0,251.0,164.0,223.0,322.0
46.0,41.0,46.0,45.0,78.0,39.0,70.0,53.0,78.0,29.0,63.0,48.0,81.0,43.0,79.0,60.0,81.0,28.0,56.0,51.0,34.0,88.0,71.0,44.0,56.0,91.0,56.0,105.0,39.0,22.0,14.0,71.0,34.0,34.0,46.0,95.0,48.0,85.0,76.0,68.0,43.0,63.0,33.0,40.0,63.0,45.0,118.0,43.0,110.0,74.0,85.0,41.0,38.0,33.0,62.0,52.0,71.0,121.0,85.0,64.0,73.0,41.0,111.0,78.0,81.0,69.0,48.0,85.0,91.0,22.0,81.0,40.0,94.0,59.0,41.0,71.0,164.0,427.0,349.0,348.0,439.0,466.0,477.0,382.0,434.0,394.0,307.0,367.0,262.0,340.0,299.0,192.0,50.0,64.0,46.0,86.0,26.0,35.0,34.0,38.0,22.0,68.0,62.0,84.0,33.0,29.0,56.0,49.0,54.0,22.0,45.0,39.0,86.0,19.0,49.0,25.0,48.0,27.0,60.0,31.0,33.0,22.0,48.0,101.0,56.0,32.0,88.0,80.0,32.0,57.0,49.0,35.0,59.0,38.0,170.0,314.0,339.0,463.0,396.0,226.0,312.0,343.0,293.0,345.0,216.0,85.0,128.0,113.0,168.0,154.0,67.0,101.0,50.0,101.0,81.0,112.0,91.0,93.0,150.0,204.0,236.0,238.0,173.0,305.0,296.0,294.0,287.0,257.0,399.0,324.0,304.0,296.0
136.0,109.0,116.0,152.0,166.0,96.0,129.0,125.0,115.0,59.0,88.0,78.0,52.0,50.0,72.0,25.0,108.0,71.0,91.0,54.0,47.0,115.0,90.0,67.0,128.0,75.0,119.0,58.0,102.0,100.0,90.0,43.0,108.0,83.0,77.0,69.0,63.0,57.0,35.0,110.0,29.0,74.0,26.0,38.0,53.0,44.0,36.0,50.0,143.0,67.0,109.0,157.0,99.0,122.0,196.0,93.0,74.0,92.0,126.0,107.0,87.0,66.0,101.0,63.0,67.0,100.0,65.0,57.0,33.0,38.0,71.0,40.0,57.0,57.0,34.0,45.0,56.0,62.0,63.0,63.0,59.0,60.0,58.0,51.0,68.0,145.0,320.0,325.0,293.0,453.0,366.0,340.0,360.0,298.0,297.0,385.0,303.0,299.0,215.0,218.0,116.0,100.0,68.0,75.0,59.0,63.0,63.0,106.0,63.0,49.0,51.0,154.0,77.0,92.0,61.0,35.0,95.0,121.0,92.0,73.0,31.0,52.0,31.0,51.0,58.0,89.0,117.0,84.0,42.0,184.0,132.0,95.0,85.0,95.0,58.0,59.0,61.0,47.0,119.0,49.0,33.0,93.0,166.0,306.0,187.0,207.0,259.0,207.0,161.0,203.0,177.0,302.0,186.0,124.0,135.0,189.0,191.0,187.0,250.0,114.0,217.0,76.0,118.0,32.0,145.0,154.0,180.0,232.0,267.0,221.0,339.0,285.0
45.0,49.0,36.0,56.0,50.0,51.0,76.0,53.0,142.0,30.0,53.0,37.0,72.0,51.0,28.0,68.0,46.0,77.0,31.0,44.0,28.0,30.0,108.0,42.0,84.0,101.0,38.0,115.0,24.0,23.0,44.0,25.0,74.0,41.0,47.0,69.0,71.0,34.0,70.0,70.0,61.0,54.0,32.0,58.0,48.0,58.0,47.0,33.0,33.0,73.0,27.0,23.0,19.0,43.0,45.0,51.0,49.0,42.0,43.0,69.0,25.0,64.0,37.0,62.0,43.0,40.0,43.0,49.0,35.0,40.0,43.0,57.0,36.0,86.0,60.0,26.0,52.0,34.0,42.0,72.0,42.0,47.0,70.0,36.0,33.0,63.0,320.0,413.0,365.0,322.0,543.0,467.0,420.0,361.0,383.0,274.0,310.0,328.0,251.0,259.0,176.0,130.0,100.0,38.0,33.0,27.0,36.0,99.0,36.0,62.0,46.0,30.0,38.0,75.0,78.0,99.0,64.0,118.0,90.0,56.0,44.0,51.0,19.0,50.0,51.0,20.0,110.0,60.0,89.0,40.0,50.0,37.0,40.0,53.0,86.0,60.0,43.0,42.0,56.0,71.0,44.0,101.0,196.0,269.0,224.0,330.0,368.0,244.0,250.0,323.0,243.0,183.0,145.0,61.0,227.0,145.0,289.0,172.0,134.0,144.0,177.0,104.0,171.0,48.0,140.0,102.0,301.0,238.0,446.0,260.0,125.0,312.0
43.0,73.0,48.0,71.0,35.0,56.0,42.0,42.0,24.0,53.0,46.0,83.0,26.0,38.0,25.0,40.0,60.0,44.0,56.0,36.0,34.0,38.0,32.0,60.0,71.0,45.0,50.0,42.0,40.0,27.0,24.0,29.0,24.0,38.0,36.0,42.0,34.0,26.0,89.0,58.0,65.0,51.0,59.0,38.0,26.0,17.0,35.0,72.0,41.0,39.0,65.0,65.0,108.0,81.0,50.0,70.0,31.0,80.0,46.0,61.0,73.0,39.0,57.0,40.0,58.0,65.0,30.0,33.0,48.0,56.0,58.0,75.0,73.0,264.0,317.0,352.0,373.0,223.0,395.0,433.0,360.0,510.0,382.0,458.0,438.0,323.0,189.0,82.0,152.0,157.0,25.0,122.0,44.0,94.0,36.0,16.0,37.0,45.0,63.0,47.0,68.0,22.0,25.0,32.0,47.0,72.0,50.0,20.0,62.0,70.0,45.0,23.0,33.0,58.0,77.0,56.0,52.0,45.0,56.0,95.0,84.0,65.0,44.0,34.0,53.0,32.0,114.0,66.0,84.0,90.0,39.0,21.0,42.0,92.0,177.0,271.0,241.0,240.0,330.0,260.0,207.0,293.0,360.0,231.0,253.0,265.0,258.0,309.0,157.0,309.0,182.0,58.0,187.0,111.0,77.0,136.0,106.0,178.0,267.0,215.0,299.0,284.0,206.0,250.0,274.0,270.0,312.0,154.0,296.0,211.0,201.0,187.0
25.0,39.0,36.0,20.0,41.0,25.0,71.0,34.0,31.0,35.0,67.0,23.0,42.0,55.0,69.0,42.0,65.0,70.0,68.0,46.0,49.0,31.0,75.0,95.0,116.0,56.0,47.0,64.0,16.0,62.0,60.0,50.0,39.0,34.0,52.0,58.0,30.0,44.0,96.0,59.0,78.0,99.0,68.0,35.0,38.0,48.0,76.0,56.0,25.0,31.0,31.0,28.0,26.0,29.0,23.0,31.0,76.0,62.0,50.0,77.0,42.0,53.0,50.0,45.0,58.0,82.0,64.0,309.0,236.0,447.0,397.0,411.0,385.0,414.0,340.0,236.0,293.0,331.0,227.0,199.0,186.0,219.0,153.0,200.0,99.0,108.0,113.0,61.0,51.0,63.0,121.0,49.0,39.0,58.0,59.0,20.0,32.0,41.0,47.0,56.0,30.0,72.0,24.0,74.0,55.0,45.0,57.0,22.0,22.0,38.0,30.0,61.0,28.0,30.0,40.0,44.0,74.0,100.0,52.0,55.0,61.0,46.0,206.0,238.0,219.0,306.0,326.0,175.0,264.0,223.0,164.0,223.0,285.0,127.0,220.0,168.0,86.0,192.0,136.0,155.0,112.0,50.0,77.0,47.0,79.0,31.0,107.0,87.0,173.0,92.0,303.0,278.0,121.0,343.0,308.0,171.0,307.0,192.0,145.0,206.0,121.0,230.0,194.0,121.0,142.0,169.0,144.0,164.0,61.0,141.0,84.0,128.0
52.0,55.0,64.0,65.0,101.0,66.0,109.0,61.0,81.0,49.0,83.0,38.0,36.0,71.0,29.0,55.0,32.0,55.0,85.0,84.0,37.0,25.0,61.0,29.0,53.0,31.0,40.0,19.0,58.0,25.0,83.0,38.0,67.0,57.0,61.0,80.0,150.0,32.0,82.0,56.0,25.0,46.0,48.0,62.0,47.0,89.0,44.0,59.0,37.0,35.0,44.0,43.0,26.0,53.0,88.0,60.0,61.0,80.0,51.0,84.0,61.0,105.0,61.0,87.0,100.0,88.0,94.0,90.0,48.0,83.0,59.0,97.0,56.0,29.0,24.0,30.0,34.0,69.0,38.0,107.0,296.0,263.0,385.0,497.0,544.0,551.0,577.0,457.0,571.0,611.0,612.0,717.0,518.0,641.0,466.0,482.0,477.0,476.0,332.0,395.0,326.0,136.0,126.0,127.0,70.0,43.0,55.0,47.0,38.0,51.0,61.0,34.0,130.0,60.0,92.0,107.0,56.0,51.0,90.0,43.0,83.0,74.0,54.0,49.0,78.0,53.0,82.0,85.0,81.0,110.0,58.0,29.0,63.0,86.0,73.0,103.0,113.0,148.0,220.0,156.0,310.0,213.0,230.0,212.0,296.0,218.0,199.0,306.0,179.0,87.0,138.0,180.0,143.0,104.0,93.0,121.0,208.0,57.0,181.0,130.0,71.0,341.0,351.0,309.0,424.0,367.0,216.0,406.0,356.0,251.0,336.0,362.0
68.0,46.0,53.0,30.0,52.0,41.0,78.0,79.0,58.0,58.0,42.0,27.0,55.0,65.0,112.0,40.0,75.0,26.0,93.0,30.0,40.0,49.0,81.0,71.0,90.0,47.0,24.0,72.0,77.0,24.0,24.0,26.0,19.0,45.0,50.0,39.0,38.0,20.0,40.0,40.0,61.0,67.0,53.0,79.0,54.0,62.0,66.0,55.0,50.0,48.0,44.0,73.0,57.0,80.0,25.0,44.0,25.0,57.0,63.0,49.0,70.0,60.0,49.0,56.0,74.0,38.0,51.0,45.0,34.0,54.0,60.0,108.0,341.0,417.0,353.0,438.0,385.0,432.0,385.0,510.0,362.0,645.0,596.0,446.0,377.0,378.0,280.0,329.0,312.0,303.0,227.0,220.0,165.0,99.0,151.0,87.0,25.0,47.0,31.0,40.0,58.0,35.0,49.0,56.0,59.0,85.0,90.0,42.0,14.0,30.0,50.0,43.0,51.0,55.0,32.0,58.0,97.0,59.0,78.0,75.0,62.0,50.0,49.0,58.0,63.0,182.0,240.0,218.0,213.0,216.0,347.0,289.0,278.0,148.0,289.0,123.0,77.0,217.0,235.0,65.0,225.0,184.0,55.0,184.0,177.0,88.0,219.0,304.0,255.0,344.0,413.0,377.0,417.0,330.0,235.0,352.0,419.0,379.0,319.0,260.0,225.0,278.0,222.0,163.0,158.0,182.0,84.0,269.0,170.0,210.0,266.0,81.0
51.0,45.0,86.0,51.0,78.0,34.0,51.0,33.0,33.0,47.0,49.0,21.0,54.0,23.0,45.0,45.0,63.0,23.0,48.0,34.0,26.0,101.0,51.0,70.0,34.0,49.0,45.0,38.0,46.0,24.0,38.0,61.0,87.0,46.0,52.0,48.0,44.0,64.0,34.0,59.0,82.0,127.0,39.0,124.0,47.0,75.0,71.0,87.0,42.0,61.0,44.0,49.0,77.0,40.0,63.0,52.0,26.0,51.0,31.0,83.0,41.0,71.0,51.0,47.0,36.0,87.0,73.0,58.0,17.0,41.0,70.0,37.0,35.0,29.0,66.0,70.0,45.0,43.0,75.0,60.0,97.0,63.0,73.0,90.0,66.0,97.0,28.0,51.0,71.0,201.0,212.0,377.0,477.0,392.0,322.0,320.0,350.0,521.0,461.0,368.0,360.0,243.0,419.0,425.0,272.0,320.0,205.0,263.0,130.0,112.0,75.0,56.0,64.0,53.0,113.0,50.0,36.0,27.0,84.0,74.0,79.0,19.0,24.0,38.0,78.0,30.0,57.0,38.0,45.0,25.0,34.0,30.0,39.0,70.0,28.0,52.0,60.0,51.0,41.0,32.0,62.0,33.0,48.0,55.0,57.0,92.0,42.0,55.0,29.0,54.0,84.0,44.0,83.0,174.0,236.0,212.0,356.0,333.0,317.0,365.0,389.0,318.0,270.0,319.0,281.0,185.0,187.0,132.0,184.0,210.0,64.0,215.0
41.0,59.0,29.0,25.0,76.0,61.0,31.0,71.0,99.0,73.0,96.0,33.0,48.0,57.0,44.0,32.0,57.0,83.0,71.0,82.0,72.0,57.0,120.0,44.0,67.0,110.0,90.0,85.0,50.0,82.0,61.0,67.0,39.0,75.0,45.0,19.0,50.0,44.0,64.0,42.0,55.0,49.0,41.0,31.0,47.0,40.0,34.0,22.0,67.0,59.0,80.0,81.0,45.0,87.0,38.0,68.0,56.0,63.0,40.0,55.0,76.0,85.0,75.0,62.0,57.0,44.0,71.0,110.0,60.0,59.0,51.0,30.0,53.0,43.0,44.0,23.0,45.0,21.0,88.0,310.0,392.0,450.0,317.0,479.0,477.0,400.0,424.0,401.0,318.0,319.0,310.0,313.0,285.0,275.0,226.0,226.0,146.0,85.0,136.0,77.0,54.0,39.0,23.0,46.0,28.0,30.0,21.0,27.0,46.0,69.0,52.0,58.0,50.0,87.0,90.0,27.0,25.0,57.0,30.0,57.0,60.0,53.0,93.0,78.0,31.0,39.0,49.0,58.0,72.0,92.0,40.0,141.0,263.0,223.0,187.0,266.0,324.0,317.0,244.0,285.0,233.0,162.0,115.0,230.0,86.0,269.0,263.0,113.0,197.0,172.0,207.0,224.0,98.0,180.0,50.0,57.0,91.0,97.0,249.0,267.0,280.0,382.0,335.0,274.0,404.0,219.0,320.0,360.0,231.0,326.0,347.0,258.0
19.0,14.0,32.0,12.0,34.0,26.0,56.0,15.0,32.0,59.0,22.0,63.0,27.0,27.0,38.0,69.0,64.0,62.0,52.0,31.0,26.0,133.0,58.0,109.0,49.0,28.0,43.0,62.0,85.0,57.0,82.0,45.0,49.0,60.0,51.0,75.0,64.0,116.0,76.0,150.0,50.0,54.0,53.0,38.0,57.0,82.0,57.0,50.0,53.0,40.0,22.0,14.0,33.0,41.0,38.0,69.0,48.0,41.0,56.0,26.0,33.0,20.0,40.0,40.0,25.0,57.0,28.0,52.0,41.0,152.0,80.0,68.0,31.0,45.0,63.0,93.0,45.0,56.0,55.0,66.0,24.0,41.0,185.0,348.0,364.0,279.0,351.0,401.0,351.0,375.0,369.0,403.0,278.0,298.0,279.0,302.0,267.0,270.0,193.0,128.0,107.0,67.0,104.0,72.0,33.0,72.0,32.0,44.0,43.0,42.0,40.0,52.0,78.0,26.0,44.0,20.0,51.0,54.0,30.0,30.0,27.0,22.0,87.0,58.0,101.0,110.0,68.0,44.0,114.0,102.0,119.0,102.0,54.0,72.0,52.0,42.0,53.0,92.0,175.0,280.0,292.0,355.0,320.0,264.0,198.0,200.0,201.0,235.0,173.0,149.0,241.0,154.0,240.0,340.0,95.0,239.0,190.0,144.0,173.0,125.0,118.0,112.0,108.0,252.0,152.0,303.0,217.0,170.0,262.0,242.0,331.0,279.0
29.0,37.0,39.0,75.0,16.0,45.0,63.0,42.0,65.0,82.0,45.0,59.0,81.0,61.0,96.0,66.0,38.0,39.0,43.0,87.0,39.0,44.0,43.0,69.0,72.0,82.0,72.0,62.0,93.0,50.0,44.0,33.0,67.0,32.0,27.0,40.0,102.0,33.0,95.0,20.0,46.0,21.0,85.0,52.0,68.0,39.0,51.0,40.0,72.0,58.0,59.0,22.0,70.0,69.0,40.0,100.0,63.0,91.0,31.0,60.0,73.0,33.0,58.0,40.0,52.0,33.0,38.0,41.0,32.0,38.0,77.0,45.0,84.0,29.0,16.0,64.0,54.0,74.0,64.0,65.0,62.0,69.0,64.0,50.0,82.0,73.0,41.0,72.0,51.0,58.0,22.0,92.0,24.0,73.0,196.0,291.0,464.0,294.0,332.0,367.0,367.0,402.0,363.0,426.0,315.0,276.0,274.0,279.0,226.0,172.0,148.0,92.0,86.0,76.0,118.0,47.0,50.0,39.0,59.0,73.0,76.0,86.0,54.0,49.0,56.0,82.0,70.0,85.0,76.0,92.0,100.0,106.0,76.0,82.0,16.0,48.0,36.0,88.0,73.0,74.0,72.0,61.0,43.0,51.0,46.0,41.0,42.0,30.0,135.0,394.0,273.0,244.0,408.0,349.0,333.0,367.0,312.0,275.0,292.0,302.0,160.0,215.0,76.0,210.0,191.0,99.0,187.0,106.0,155.0,127.0,105.0,153.0
27.0,47.0,49.0,77.0,86.0,56.0,34.0,90.0,89.0,64.0,73.0,46.0,56.0,55.0,56.0,82.0,118.0,42.0,44.0,80.0,83.0,62.0,52.0,56.0,95.0,32.0,48.0,43.0,38.0,43.0,44.0,40.0,51.0,30.0,46.0,37.0,64.0,34.0,43.0,46.0,46.0,60.0,59.0,33.0,49.0,59.0,81.0,54.0,67.0,36.0,138.0,30.0,27.0,40.0,91.0,69.0,56.0,25.0,104.0,85.0,29.0,57.0,43.0,65.0,75.0,42.0,65.0,71.0,59.0,41.0,58.0,59.0,21.0,48.0,89.0,45.0,61.0,51.0,61.0,86.0,45.0,55.0,67.0,30.0,39.0,18.0,54.0,57.0,57.0,34.0,44.0,24.0,65.0,95.0,88.0,59.0,216.0,460.0,500.0,527.0,470.0,505.0,318.0,470.0,539.0,544.0,454.0,430.0,392.0,426.0,298.0,304.0,320.0,262.0,144.0,77.0,76.0,46.0,35.0,29.0,55.0,38.0,28.0,46.0,108.0,75.0,98.0,72.0,54.0,43.0,69.0,52.0,107.0,23.0,33.0,57.0,50.0,45.0,39.0,41.0,43.0,82.0,44.0,46.0,50.0,46.0,74.0,98.0,72.0,26.0,46.0,135.0,131.0,340.0,371.0,358.0,423.0,377.0,372.0,286.0,319.0,257.0,185.0,169.0,205.0,105.0,139.0,113.0,109.0,116.0,49.0,201.0
52.0,36.0,53.0,101.0,21.0,25.0,21.0,38.0,29.0,43.0,30.0,131.0,51.0,64.0,62.0,144.0,68.0,104.0,67.0,73.0,82.0,66.0,92.0,44.0,35.0,27.0,27.0,24.0,30.0,37.0,66.0,73.0,34.0,24.0,37.0,65.0,61.0,63.0,58.0,62.0,37.0,46.0,49.0,55.0,42.0,76.0,58.0,51.0,68.0,62.0,88.0,46.0,23.0,46.0,31.0,41.0,51.0,65.0,36.0,58.0,42.0,46.0,61.0,32.0,58.0,39.0,47.0,62.0,83.0,120.0,74.0,73.0,76.0,65.0,48.0,67.0,78.0,35.0,26.0,44.0,45.0,267.0,378.0,375.0,444.0,444.0,293.0,455.0,507.0,487.0,315.0,385.0,326.0,269.0,355.0,332.0,308.0,262.0,224.0,209.0,104.0,101.0,79.0,70.0,39.0,66.0,52.0,45.0,41.0,30.0,45.0,25.0,19.0,10.0,45.0,22.0,52.0,29.0,17.0,39.0,32.0,50.0,71.0,36.0,79.0,46.0,75.0,127.0,94.0,70.0,57.0,99.0,69.0,299.0,375.0,389.0,390.0,253.0,253.0,336.0,269.0,195.0,127.0,169.0,99.0,73.0,160.0,80.0,131.0,197.0,70.0,219.0,100.0,94.0,61.0,134.0,54.0,111.0,111.0,222.0,259.0,405.0,316.0,357.0,316.0,290.0,289.0,381.0,320.0,261.0,321.0,272.0
31.0,22.0,57.0,47.0,42.0,38.0,25.0,59.0,27.0,20.0,27.0,38.0,82.0,52.0,53.0,76.0,73.0,62.0,61.0,49.0,43.0,21.0,64.0,24.0,47.0,56.0,53.0,26.0,21.0,19.0,72.0,56.0,49.0,27.0,70.0,67.0,55.0,70.0,58.0,66.0,26.0,50.0,57.0,36.0,78.0,34.0,76.0,45.0,37.0,18.0,15.0,23.0,24.0,78.0,33.0,37.0,37.0,36.0,33.0,73.0,44.0,40.0,47.0,26.0,40.0,47.0,67.0,32.0,36.0,52.0,60.0,91.0,55.0,53.0,54.0,71.0,95.0,75.0,28.0,48.0,45.0,46.0,44.0,43.0,104.0,424.0,347.0,410.0,348.0,299.0,385.0,513.0,497.0,594.0,460.0,589.0,533.0,453.0,436.0,358.0,302.0,195.0,143.0,150.0,92.0,61.0,82.0,45.0,47.0,25.0,19.0,32.0,34.0,41.0,48.0,27.0,45.0,17.0,50.0,26.0,40.0,42.0,29.0,37.0,114.0,61.0,106.0,45.0,38.0,79.0,73.0,104.0,97.0,87.0,115.0,89.0,69.0,83.0,181.0,420.0,403.0,382.0,430.0,401.0,267.0,257.0,300.0,301.0,226.0,183.0,183.0,67.0,288.0,208.0,120.0,170.0,65.0,128.0,140.0,73.0,71.0,87.0,239.0,289.0,285.0,459.0,384.0,354.0,391.0,308.0,325.0,370.0
33.0,38.0,32.0,70.0,60.0,46.0,115.0,69.0,42.0,74.0,61.0,148.0,46.0,51.0,66.0,63.0,60.0,30.0,66.0,37.0,51.0,42.0,27.0,23.0,33.0,35.0,30.0,55.0,49.0,58.0,77.0,39.0,29.0,37.0,52.0,27.0,55.0,62.0,45.0,72.0,94.0,31.0,35.0,96.0,52.0,41.0,65.0,57.0,85.0,64.0,40.0,33.0,27.0,68.0,46.0,42.0,73.0,47.0,58.0,16.0,118.0,46.0,140.0,188.0,279.0,323.0,494.0,316.0,131.0,126.0,223.0,155.0,191.0,159.0,182.0,117.0,87.0,94.0,160.0,170.0,59.0,64.0,83.0,62.0,70.0,180.0,444.0,495.0,427.0,409.0,470.0,444.0,486.0,542.0,546.0,525.0,441.0,564.0,440.0,400.0,350.0,329.0,200.0,74.0,73.0,124.0,98.0,44.0,51.0,62.0,44.0,42.0,41.0,32.0,50.0,30.0,68.0,38.0,61.0,32.0,51.0,28.0,54.0,59.0,89.0,46.0,38.0,90.0,82.0,39.0,76.0,51.0,51.0,34.0,36.0,45.0,22.0,32.0,60.0,139.0,313.0,408.0,290.0,286.0,354.0,296.0,253.0,272.0,151.0,140.0,186.0,273.0,101.0,209.0,371.0,152.0,310.0,280.0,129.0,245.0,51.0,181.0,272.0,154.0,390.0,496.0,339.0,543.0,398.0,259.0,458.0,532.0
29.0,44.0,67.0,72.0,82.0,41.0,61.0,21.0,88.0,88.0,33.0,124.0,89.0,96.0,52.0,51.0,97.0,31.0,43.0,61.0,30.0,17.0,43.0,27.0,111.0,27.0,154.0,37.0,133.0,77.0,34.0,59.0,58.0,56.0,33.0,25.0,27.0,72.0,39.0,56.0,75.0,52.0,70.0,40.0,53.0,45.0,19.0,28.0,24.0,34.0,20.0,38.0,37.0,43.0,22.0,59.0,18.0,48.0,50.0,48.0,59.0,65.0,32.0,57.0,19.0,61.0,43.0,48.0,48.0,30.0,53.0,84.0,73.0,103.0,96.0,44.0,60.0,29.0,29.0,44.0,70.0,103.0,60.0,167.0,408.0,378.0,534.0,508.0,617.0,444.0,510.0,538.0,454.0,551.0,329.0,502.0,559.0,406.0,392.0,378.0,332.0,226.0,139.0,120.0,74.0,83.0,48.0,25.0,25.0,42.0,44.0,33.0,90.0,40.0,81.0,60.0,83.0,34.0,103.0,23.0,55.0,52.0,57.0,37.0,42.0,88.0,48.0,71.0,50.0,57.0,42.0,92.0,90.0,123.0,53.0,47.0,32.0,81.0,189.0,273.0,322.0,382.0,343.0,333.0,302.0,316.0,292.0,220.0,143.0,144.0,173.0,239.0,114.0,230.0,123.0,84.0,67.0,59.0,81.0,94.0,248.0,353.0,341.0,380.0,311.0,262.0,322.0,383.0,254.0,259.0,253.0,238.0
53.0,72.0,63.0,20.0,44.0,37.0,72.0,20.0,47.0,32.0,86.0,19.0,54.0,32.0,43.0,57.0,39.0,76.0,51.0,16.0,32.0,40.0,61.0,57.0,43.0,41.0,53.0,96.0,79.0,37.0,67.0,54.0,34.0,14.0,79.0,104.0,55.0,60.0,32.0,31.0,50.0,51.0,85.0,51.0,66.0,37.0,28.0,53.0,50.0,82.0,43.0,77.0,58.0,39.0,56.0,64.0,64.0,118.0,69.0,110.0,34.0,54.0,49.0,42.0,49.0,50.0,42.0,26.0,43.0,57.0,52.0,270.0,366.0,359.0,440.0,466.0,476.0,396.0,354.0,296.0,394.0,458.0,398.0,264.0,240.0,194.0,131.0,233.0,234.0,71.0,123.0,71.0,40.0,46.0,42.0,27.0,67.0,23.0,26.0,33.0,28.0,44.0,45.0,40.0,54.0,54.0,85.0,49.0,23.0,34.0,54.0,43.0,52.0,73.0,49.0,53.0,63.0,88.0,99.0,62.0,51.0,57.0,56.0,97.0,222.0,280.0,292.0,206.0,349.0,414.0,227.0,290.0,388.0,260.0,272.0,296.0,199.0,257.0,327.0,63.0,259.0,177.0,153.0,46.0,74.0,98.0,225.0,216.0,349.0,228.0,349.0,378.0,253.0,382.0,425.0,184.0,356.0,343.0,186.0,371.0,283.0,118.0,227.0,255.0,113.0,272.0,160.0,267.0,136.0,154.0,180.0,103.0
33.0,80.0,58.0,50.0,41.0,55.0,81.0,51.0,46.0,59.0,45.0,45.0,32.0,73.0,45.0,33.0,40.0,43.0,36.0,60.0,51.0,34.0,76.0,73.0,59.0,42.0,50.0,60.0,77.0,79.0,76.0,129.0,51.0,102.0,80.0,113.0,51.0,66.0,60.0,83.0,86.0,107.0,122.0,60.0,87.0,111.0,93.0,99.0,121.0,56.0,85.0,89.0,65.0,83.0,93.0,130.0,50.0,53.0,35.0,129.0,98.0,83.0,72.0,83.0,109.0,74.0,72.0,38.0,95.0,143.0,78.0,84.0,88.0,65.0,61.0,70.0,282.0,445.0,430.0,358.0,408.0,409.0,427.0,446.0,394.0,283.0,448.0,427.0,377.0,311.0,321.0,197.0,300.0,281.0,103.0,83.0,142.0,101.0,63.0,125.0,155.0,59.0,75.0,47.0,35.0,46.0,33.0,123.0,122.0,39.0,87.0,86.0,56.0,60.0,59.0,56.0,82.0,103.0,92.0,55.0,89.0,114.0,107.0,82.0,70.0,109.0,96.0,92.0,211.0,325.0,468.0,355.0,238.0,245.0,221.0,269.0,253.0,326.0,167.0,122.0,200.0,124.0,95.0,144.0,180.0,49.0,155.0,150.0,179.0,165.0,94.0,210.0,260.0,235.0,451.0,360.0,356.0,491.0,457.0,293.0,525.0,440.0,284.0,467.0,325.0,271.0,366.0,385.0,216.0,201.0,247.0,149.0
86.0,106.0,69.0,110.0,65.0,58.0,59.0,96.0,49.0,48.0,51.0,59.0,69.0,60.0,87.0,79.0,48.0,89.0,115.0,108.0,51.0,75.0,64.0,78.0,67.0,114.0,65.0,90.0,72.0,61.0,43.0,78.0,88.0,89.0,59.0,48.0,41.0,57.0,56.0,28.0,32.0,34.0,39.0,31.0,31.0,58.0,17.0,51.0,53.0,19.0,36.0,25.0,31.0,32.0,37.0,71.0,55.0,43.0,47.0,53.0,60.0,196.0,497.0,575.0,487.0,504.0,434.0,484.0,546.0,483.0,383.0,376.0,391.0,438.0,358.0,367.0,321.0,232.0,119.0,75.0,97.0,86.0,61.0,81.0,101.0,41.0,121.0,132.0,184.0,149.0,200.0,95.0,158.0,137.0,87.0,119.0,59.0,67.0,54.0,38.0,63.0,39.0,34.0,42.0,90.0,66.0,47.0,76.0,86.0,131.0,146.0,174.0,292.0,401.0,363.0,439.0,324.0,292.0,334.0,407.0,278.0,236.0,154.0,193.0,108.0,208.0,211.0,143.0,233.0,177.0,58.0,136.0,90.0,165.0,269.0,138.0,435.0,501.0,297.0,588.0,483.0,326.0,619.0,507.0,427.0,449.0,485.0,355.0,305.0,465.0,275.0,233.0,184.0,219.0,175.0,301.0,77.0,217.0,242.0,91.0,181.0,109.0,185.0,61.0,123.0,85.0,101.0,222.0,200.0,240.0,202.0,260.0
110.0,51.0,115.0,60.0,75.0,100.0,50.0,87.0,76.0,91.0,31.0,78.0,59.0,59.0,154.0,35.0,46.0,78.0,91.0,84.0,118.0,111.0,57.0,80.0,75.0,50.0,95.0,134.0,57.0,52.0,83.0,99.0,82.0,81.0,78.0,107.0,106.0,44.0,50.0,68.0,50.0,54.0,53.0,31.0,63.0,52.0,82.0,64.0,101.0,104.0,78.0,62.0,75.0,53.0,51.0,22.0,99.0,56.0,49.0,51.0,75.0,76.0,80.0,42.0,54.0,75.0,91.0,76.0,85.0,81.0,94.0,78.0,73.0,70.0,260.0,540.0,389.0,399.0,462.0,392.0,412.0,384.0,287.0,449.0,448.0,484.0,434.0,470.0,389.0,279.0,320.0,258.0,235.0,276.0,242.0,129.0,131.0,74.0,89.0,66.0,51.0,66.0,98.0,119.0,102.0,171.0,132.0,217.0,47.0,28.0,33.0,214.0,188.0,131.0,275.0,95.0,96.0,53.0,56.0,232.0,81.0,162.0,160.0,82.0,8.0,15.0,25.0,98.0,137.0,201.0,292.0,349.0,142.0,217.0,183.0,272.0,301.0,267.0,73.0,27.0,26.0,27.0,81.0,128.0,299.0,194.0,252.0,60.0,51.0,119.0,467.0,200.0,591.0,376.0,228.0,426.0,422.0,389.0,553.0,706.0,579.0,502.0,603.0,530.0,412.0,463.0,455.0,360.0,350.0,169.0,64.0,57.0
49.0,36.0,59.0,31.0,22.0,54.0,31.0,39.0,44.0,61.0,83.0,91.0,72.0,97.0,58.0,50.0,76.0,55.0,65.0,83.0,23.0,94.0,32.0,111.0,32.0,23.0,38.0,25.0,24.0,45.0,29.0,42.0,29.0,48.0,28.0,133.0,54.0,45.0,29.0,33.0,58.0,53.0,44.0,53.0,26.0,81.0,26.0,21.0,35.0,70.0,32.0,79.0,27.0,51.0,62.0,53.0,50.0,47.0,63.0,62.0,56.0,79.0,47.0,73.0,42.0,54.0,44.0,42.0,85.0,66.0,87.0,86.0,62.0,82.0,42.0,50.0,29.0,40.0,82.0,198.0,366.0,497.0,462.0,584.0,575.0,493.0,467.0,339.0,498.0,567.0,487.0,332.0,274.0,250.0,147.0,253.0,261.0,185.0,174.0,140.0,118.0,52.0,64.0,28.0,42.0,34.0,21.0,32.0,63.0,41.0,22.0,43.0,30.0,27.0,46.0,79.0,31.0,82.0,75.0,80.0,48.0,59.0,72.0,94.0,105.0,102.0,118.0,80.0,88.0,236.0,303.0,260.0,270.0,289.0,365.0,358.0,277.0,439.0,261.0,191.0,88.0,181.0,159.0,167.0,186.0,131.0,180.0,157.0,49.0,107.0,83.0,74.0,298.0,314.0,538.0,586.0,594.0,605.0,628.0,494.0,454.0,586.0,551.0,483.0,539.0,498.0,425.0,429.0,326.0,225.0,303.0,199.0
69.0,33.0,44.0,61.0,25.0,62.0,17.0,46.0,39.0,27.0,48.0,26.0,45.0,76.0,41.0,58.0,70.0,65.0,43.0,21.0,85.0,52.0,75.0,32.0,77.0,76.0,53.0,59.0,54.0,37.0,54.0,47.0,39.0,61.0,74.0,55.0,46.0,53.0,48.0,54.0,49.0,40.0,34.0,73.0,49.0,36.0,38.0,66.0,38.0,26.0,72.0,50.0,77.0,45.0,36.0,31.0,37.0,68.0,67.0,61.0,43.0,41.0,34.0,65.0,59.0,33.0,67.0,103.0,64.0,66.0,72.0,83.0,72.0,81.0,81.0,42.0,55.0,57.0,75.0,58.0,57.0,145.0,553.0,462.0,588.0,425.0,429.0,456.0,401.0,369.0,608.0,552.0,407.0,342.0,370.0,373.0,283.0,306.0,137.0,154.0,157.0,102.0,57.0,74.0,21.0,25.0,28.0,47.0,36.0,62.0,37.0,61.0,43.0,84.0,73.0,84.0,38.0,74.0,27.0,62.0,104.0,61.0,92.0,36.0,31.0,58.0,48.0,29.0,51.0,44.0,78.0,111.0,62.0,44.0,117.0,285.0,265.0,280.0,313.0,283.0,245.0,225.0,172.0,200.0,167.0,187.0,131.0,33.0,96.0,147.0,168.0,108.0,53.0,91.0,71.0,55.0,52.0,60.0,217.0,190.0,285.0,352.0,421.0,399.0,367.0,376.0,351.0,389.0,317.0,279.0,398.0,407.0
44.0,91.0,44.0,51.0,23.0,19.0,24.0,57.0,25.0,57.0,16.0,25.0,29.0,108.0,61.0,56.0,25.0,58.0,36.0,102.0,36.0,132.0,45.0,52.0,50.0,35.0,91.0,52.0,20.0,84.0,33.0,82.0,34.0,24.0,42.0,30.0,64.0,59.0,49.0,47.0,72.0,94.0,64.0,67.0,35.0,81.0,65.0,91.0,66.0,112.0,53.0,45.0,46.0,78.0,35.0,26.0,54.0,68.0,68.0,116.0,73.0,71.0,59.0,170.0,116.0,132.0,65.0,134.0,99.0,159.0,167.0,72.0,83.0,29.0,51.0,24.0,40.0,82.0,75.0,47.0,64.0,48.0,60.0,160.0,111.0,42.0,72.0,119.0,84.0,321.0,373.0,429.0,468.0,422.0,371.0,362.0,386.0,281.0,405.0,423.0,449.0,317.0,177.0,147.0,136.0,228.0,188.0,152.0,118.0,70.0,97.0,53.0,65.0,97.0,57.0,52.0,47.0,79.0,93.0,57.0,41.0,62.0,37.0,52.0,44.0,69.0,99.0,150.0,116.0,120.0,76.0,51.0,109.0,93.0,92.0,215.0,245.0,240.0,372.0,352.0,325.0,287.0,240.0,169.0,221.0,178.0,189.0,171.0,105.0,149.0,178.0,138.0,135.0,161.0,81.0,155.0,161.0,75.0,138.0,341.0,327.0,413.0,328.0,288.0,517.0,531.0,351.0,488.0,454.0,262.0,396.0,419.0
37.0,33.0,70.0,59.0,54.0,33.0,43.0,49.0,28.0,64.0,40.0,51.0,45.0,24.0,59.0,14.0,24.0,30.0,35.0,61.0,29.0,66.0,16.0,18.0,42.0,21.0,35.0,43.0,40.0,54.0,66.0,37.0,18.0,48.0,47.0,67.0,31.0,43.0,25.0,39.0,53.0,73.0,30.0,76.0,74.0,35.0,34.0,37.0,55.0,30.0,81.0,44.0,84.0,40.0,85.0,108.0,34.0,41.0,26.0,79.0,49.0,72.0,205.0,368.0,407.0,386.0,373.0,364.0,356.0,381.0,323.0,399.0,434.0,412.0,362.0,303.0,278.0,187.0,78.0,58.0,50.0,106.0,45.0,31.0,29.0,16.0,39.0,54.0,108.0,54.0,69.0,36.0,27.0,49.0,66.0,38.0,88.0,41.0,35.0,50.0,48.0,31.0,44.0,56.0,26.0,37.0,54.0,90.0,106.0,55.0,147.0,269.0,213.0,386.0,267.0,214.0,403.0,378.0,293.0,315.0,260.0,124.0,130.0,188.0,68.0,162.0,239.0,68.0,208.0,103.0,117.0,114.0,116.0,57.0,58.0,261.0,336.0,375.0,366.0,371.0,294.0,369.0,377.0,288.0,332.0,272.0,255.0,313.0,153.0,313.0,270.0,134.0,172.0,135.0,131.0,125.0,85.0,94.0,68.0,57.0,23.0,26.0,26.0,26.0,123.0,125.0,183.0,164.0,347.0,225.0,185.0,210.0
24.0,52.0,58.0,37.0,65.0,108.0,38.0,76.0,39.0,42.0,51.0,43.0,27.0,54.0,51.0,54.0,60.0,39.0,52.0,47.0,37.0,46.0,27.0,75.0,46.0,64.0,37.0,32.0,12.0,24.0,51.0,69.0,50.0,56.0,74.0,45.0,44.0,47.0,88.0,79.0,85.0,63.0,93.0,63.0,41.0,47.0,65.0,23.0,23.0,50.0,37.0,31.0,40.0,36.0,34.0,43.0,37.0,48.0,37.0,50.0,56.0,48.0,52.0,58.0,61.0,80.0,57.0,59.0,56.0,36.0,123.0,67.0,50.0,65.0,134.0,335.0,446.0,459.0,486.0,465.0,496.0,526.0,484.0,549.0,337.0,423.0,488.0,376.0,185.0,61.0,122.0,78.0,72.0,96.0,93.0,97.0,106.0,78.0,43.0,24.0,30.0,16.0,22.0,38.0,20.0,34.0,21.0,29.0,22.0,26.0,32.0,37.0,100.0,89.0,50.0,67.0,68.0,35.0,60.0,58.0,44.0,96.0,272.0,400.0,422.0,364.0,498.0,466.0,384.0,402.0,384.0,316.0,116.0,79.0,130.0,76.0,121.0,264.0,127.0,160.0,222.0,70.0,201.0,456.0,344.0,626.0,632.0,353.0,576.0,524.0,300.0,590.0,510.0,323.0,537.0,522.0,328.0,541.0,501.0,267.0,268.0,108.0,39.0,114.0,281.0,99.0,204.0,101.0,216.0,177.0,72.0,166.0
69.0,57.0,68.0,65.0,95.0,62.0,42.0,124.0,96.0,68.0,42.0,32.0,59.0,36.0,46.0,76.0,56.0,40.0,56.0,70.0,70.0,51.0,79.0,74.0,21.0,30.0,31.0,26.0,73.0,21.0,68.0,22.0,100.0,61.0,64.0,30.0,46.0,32.0,79.0,68.0,33.0,22.0,15.0,25.0,51.0,45.0,28.0,29.0,61.0,47.0,61.0,30.0,107.0,22.0,70.0,36.0,69.0,52.0,55.0,29.0,73.0,34.0,58.0,29.0,53.0,69.0,54.0,60.0,72.0,187.0,329.0,380.0,398.0,385.0,503.0,465.0,407.0,412.0,475.0,344.0,264.0,224.0,153.0,157.0,120.0,115.0,68.0,51.0,97.0,48.0,85.0,51.0,46.0,29.0,41.0,138.0,89.0,69.0,102.0,96.0,80.0,42.0,46.0,63.0,55.0,67.0,70.0,118.0,82.0,74.0,76.0,110.0,199.0,301.0,282.0,506.0,459.0,446.0,332.0,426.0,374.0,339.0,254.0,241.0,95.0,159.0,133.0,180.0,137.0,179.0,113.0,78.0,136.0,162.0,103.0,350.0,287.0,351.0,614.0,591.0,480.0,423.0,418.0,373.0,481.0,597.0,516.0,474.0,425.0,338.0,288.0,125.0,250.0,100.0,255.0,150.0,231.0,159.0,33.0,200.0,48.0,101.0,63.0,60.0,103.0,139.0,332.0,247.0,265.0,379.0,284.0,312.0
47.0,41.0,61.0,55.0,64.0,89.0,98.0,46.0,50.0,67.0,53.0,39.0,28.0,92.0,139.0,33.0,29.0,23.0,38.0,91.0,55.0,96.0,21.0,19.0,41.0,48.0,60.0,49.0,38.0,35.0,18.0,54.0,50.0,34.0,65.0,48.0,58.0,35.0,55.0,49.0,47.0,33.0,66.0,58.0,54.0,72.0,48.0,95.0,48.0,36.0,38.0,36.0,51.0,77.0,60.0,100.0,51.0,39.0,59.0,36.0,104.0,75.0,280.0,468.0,425.0,371.0,378.0,477.0,491.0,533.0,329.0,392.0,315.0,451.0,433.0,241.0,136.0,52.0,76.0,75.0,69.0,91.0,67.0,74.0,60.0,78.0,100.0,99.0,26.0,24.0,30.0,48.0,36.0,45.0,48.0,67.0,104.0,55.0,58.0,54.0,82.0,109.0,94.0,78.0,68.0,84.0,57.0,285.0,260.0,242.0,175.0,335.0,308.0,368.0,287.0,349.0,258.0,157.0,154.0,209.0,95.0,230.0,208.0,107.0,141.0,231.0,170.0,186.0,259.0,241.0,467.0,425.0,334.0,435.0,312.0,318.0,365.0,198.0,260.0,291.0,187.0,248.0,319.0,275.0,238.0,185.0,173.0,131.0,241.0,93.0,140.0,203.0,34.0,217.0,156.0,95.0,70.0,101.0,96.0,183.0,177.0,189.0,222.0,275.0,285.0,312.0,391.0,288.0,482.0,349.0,406.0,416.0
29.0,19.0,68.0,35.0,75.0,78.0,64.0,57.0,84.0,34.0,22.0,35.0,64.0,22.0,48.0,30.0,45.0,44.0,44.0,35.0,25.0,20.0,83.0,49.0,41.0,18.0,24.0,59.0,80.0,47.0,61.0,44.0,43.0,73.0,70.0,84.0,62.0,85.0,47.0,40.0,27.0,63.0,45.0,73.0,35.0,26.0,24.0,45.0,29.0,18.0,28.0,27.0,31.0,127.0,40.0,86.0,48.0,64.0,51.0,72.0,84.0,93.0,54.0,46.0,50.0,69.0,41.0,46.0,119.0,383.0,371.0,436.0,460.0,427.0,418.0,577.0,486.0,519.0,444.0,247.0,240.0,372.0,325.0,206.0,201.0,113.0,48.0,121.0,84.0,114.0,107.0,62.0,32.0,41.0,20.0,45.0,63.0,39.0,44.0,46.0,72.0,85.0,78.0,35.0,42.0,68.0,73.0,107.0,53.0,58.0,80.0,88.0,77.0,73.0,250.0,352.0,266.0,448.0,478.0,321.0,362.0,369.0,258.0,262.0,198.0,86.0,139.0,145.0,53.0,105.0,109.0,140.0,168.0,93.0,120.0,63.0,261.0,291.0,403.0,582.0,475.0,318.0,360.0,328.0,275.0,388.0,382.0,312.0,299.0,246.0,277.0,395.0,206.0,352.0,171.0,84.0,210.0,64.0,100.0,79.0,126.0,74.0,75.0,214.0,90.0,109.0,56.0,247.0,266.0,242.0,210.0,210.0
45.0,61.0,29.0,54.0,33.0,22.0,20.0,41.0,34.0,14.0,33.0,58.0,42.0,101.0,14.0,42.0,50.0,21.0,167.0,61.0,44.0,88.0,71.0,54.0,72.0,52.0,47.0,78.0,37.0,63.0,57.0,49.0,26.0,51.0,34.0,55.0,15.0,20.0,21.0,43.0,24.0,27.0,30.0,38.0,47.0,22.0,25.0,20.0,26.0,47.0,28.0,39.0,61.0,43.0,54.0,123.0,52.0,77.0,73.0,28.0,36.0,50.0,65.0,45.0,41.0,85.0,39.0,105.0,27.0,55.0,88.0,52.0,44.0,45.0,52.0,136.0,234.0,513.0,584.0,622.0,689.0,870.0,750.0,694.0,599.0,736.0,619.0,380.0,448.0,395.0,259.0,192.0,193.0,63.0,64.0,39.0,180.0,111.0,86.0,64.0,68.0,56.0,85.0,50.0,72.0,30.0,41.0,108.0,46.0,45.0,61.0,52.0,32.0,36.0,50.0,47.0,75.0,81.0,85.0,121.0,185.0,282.0,416.0,441.0,399.0,269.0,440.0,356.0,355.0,354.0,245.0,106.0,228.0,228.0,60.0,131.0,108.0,139.0,125.0,53.0,92.0,137.0,233.0,474.0,342.0,440.0,364.0,245.0,321.0,427.0,339.0,306.0,243.0,309.0,257.0,252.0,343.0,290.0,211.0,183.0,83.0,234.0,214.0,242.0,200.0,129.0,62.0,180.0,110.0,113.0,56.0,20.0
