61.0,53.0,80.0,35.0,123.0,51.0,120.0,24.0,30.0,19.0,101.0,51.0,21.0,50.0,41.0,99.0,41.0,71.0,29.0,31.0,45.0,81.0,22.0,87.0,25.0,57.0,29.0,29.0,57.0,21.0,30.0,89.0,53.0,49.0,75.0,70.0,28.0,70.0,41.0,30.0,52.0,34.0,42.0,35.0,42.0,44.0,42.0,49.0,29.0,17.0,35.0,50.0,96.0,87.0,26.0,52.0,34.0,37.0,36.0,30.0,32.0,34.0,29.0,112.0,49.0,58.0,43.0,116.0,35.0,99.0,36.0,38.0,63.0,12.0,39.0,41.0,32.0,42.0,47.0,18.0,40.0,38.0,43.0,31.0,30.0,61.0,55.0,58.0,61.0,62.0,99.0,55.0,67.0,79.0,49.0,189.0,226.0,205.0,320.0,300.0,341.0,421.0,356.0,304.0,432.0,293.0,286.0,274.0,243.0,127.0,252.0,170.0,197.0,193.0,90.0,249.0,97.0,106.0,117.0,63.0,62.0,93.0,96.0,223.0,344.0,285.0,592.0,663.0,513.0,389.0,391.0,315.0,446.0,511.0,418.0,281.0,417.0,281.0,459.0,545.0,391.0,312.0,387.0,294.0,185.0,441.0,359.0,255.0,365.0,353.0,241.0,281.0,191.0,109.0,199.0,141.0,135.0,216.0,62.0,254.0,170.0,39.0,159.0,40.0,186.0,197.0,28.0,172.0,24.0,179.0,59.0,95.0
83.0,66.0,62.0,29.0,44.0,75.0,79.0,33.0,80.0,26.0,55.0,59.0,29.0,59.0,56.0,88.0,40.0,33.0,43.0,16.0,46.0,58.0,38.0,28.0,30.0,58.0,39.0,36.0,31.0,75.0,24.0,44.0,70.0,41.0,58.0,96.0,59.0,37.0,54.0,59.0,23.0,68.0,30.0,23.0,40.0,46.0,29.0,29.0,32.0,43.0,36.0,39.0,41.0,43.0,43.0,66.0,66.0,65.0,79.0,182.0,272.0,153.0,422.0,379.0,290.0,382.0,355.0,310.0,361.0,319.0,292.0,351.0,180.0,193.0,134.0,78.0,125.0,60.0,58.0,66.0,87.0,206.0,152.0,184.0,145.0,169.0,164.0,164.0,396.0,328.0,336.0,464.0,362.0,433.0,574.0,450.0,775.0,626.0,386.0,557.0,411.0,388.0,505.0,405.0,269.0,322.0,180.0,226.0,307.0,100.0,375.0,416.0,245.0,387.0,362.0,208.0,351.0,229.0,424.0,365.0,196.0,344.0,103.0,99.0,217.0,102.0,154.0,162.0,75.0,165.0,31.0,170.0,74.0,107.0,93.0,56.0,122.0,55.0,110.0,95.0,87.0,97.0,39.0,50.0,70.0,76.0,50.0,113.0,87.0,59.0,69.0,29.0,34.0,42.0,37.0,37.0,30.0,31.0,62.0,65.0,42.0,49.0,74.0,27.0,118.0,57.0,60.0,48.0,31.0,82.0,97.0,52.0
50.0,88.0,95.0,66.0,26.0,21.0,51.0,34.0,78.0,80.0,41.0,105.0,107.0,124.0,79.0,227.0,203.0,163.0,67.0,39.0,74.0,89.0,68.0,127.0,97.0,104.0,78.0,93.0,130.0,48.0,129.0,107.0,68.0,108.0,52.0,57.0,58.0,110.0,42.0,101.0,83.0,69.0,84.0,92.0,86.0,60.0,45.0,26.0,55.0,87.0,54.0,48.0,68.0,85.0,79.0,92.0,94.0,35.0,101.0,208.0,110.0,259.0,243.0,258.0,343.0,193.0,197.0,264.0,203.0,253.0,275.0,218.0,359.0,242.0,149.0,173.0,72.0,169.0,70.0,131.0,115.0,120.0,90.0,90.0,93.0,61.0,99.0,105.0,222.0,276.0,321.0,405.0,366.0,247.0,433.0,255.0,518.0,384.0,433.0,497.0,400.0,540.0,392.0,246.0,372.0,303.0,371.0,481.0,230.0,343.0,283.0,193.0,386.0,169.0,257.0,240.0,354.0,348.0,183.0,379.0,314.0,297.0,343.0,146.0,242.0,171.0,115.0,233.0,119.0,143.0,84.0,155.0,238.0,71.0,247.0,88.0,223.0,59.0,152.0,121.0,139.0,140.0,43.0,93.0,54.0,152.0,53.0,155.0,83.0,108.0,85.0,99.0,86.0,24.0,63.0,33.0,74.0,52.0,40.0,56.0,50.0,53.0,82.0,120.0,112.0,114.0,84.0,105.0,117.0,115.0,72.0,63.0
98.0,19.0,81.0,41.0,57.0,79.0,50.0,53.0,72.0,38.0,115.0,49.0,36.0,63.0,25.0,19.0,23.0,32.0,36.0,69.0,83.0,58.0,52.0,45.0,22.0,39.0,99.0,19.0,90.0,53.0,42.0,36.0,49.0,30.0,26.0,34.0,49.0,56.0,23.0,54.0,55.0,58.0,37.0,37.0,37.0,46.0,30.0,31.0,19.0,142.0,62.0,45.0,64.0,50.0,79.0,63.0,88.0,41.0,69.0,107.0,104.0,89.0,226.0,211.0,226.0,278.0,262.0,294.0,296.0,198.0,293.0,261.0,311.0,280.0,106.0,147.0,111.0,146.0,108.0,155.0,125.0,164.0,102.0,165.0,109.0,120.0,122.0,58.0,64.0,264.0,315.0,372.0,433.0,382.0,268.0,490.0,294.0,669.0,557.0,590.0,760.0,557.0,853.0,649.0,435.0,494.0,357.0,344.0,430.0,194.0,462.0,371.0,394.0,406.0,197.0,420.0,322.0,251.0,232.0,103.0,227.0,229.0,165.0,162.0,57.0,154.0,77.0,162.0,208.0,56.0,258.0,46.0,208.0,177.0,180.0,174.0,145.0,117.0,77.0,104.0,143.0,79.0,151.0,97.0,112.0,105.0,114.0,41.0,65.0,48.0,40.0,35.0,40.0,43.0,40.0,79.0,35.0,62.0,56.0,55.0,39.0,63.0,113.0,49.0,93.0,40.0,48.0,21.0,25.0,26.0,44.0,38.0
59.0,43.0,74.0,36.0,77.0,78.0,37.0,63.0,41.0,23.0,61.0,23.0,37.0,36.0,66.0,44.0,80.0,88.0,37.0,82.0,30.0,93.0,45.0,62.0,27.0,36.0,85.0,74.0,118.0,42.0,17.0,17.0,33.0,43.0,50.0,51.0,67.0,32.0,114.0,32.0,24.0,40.0,18.0,102.0,39.0,54.0,54.0,28.0,58.0,59.0,46.0,36.0,27.0,33.0,16.0,54.0,74.0,38.0,45.0,39.0,89.0,104.0,26.0,57.0,53.0,45.0,113.0,156.0,164.0,255.0,265.0,221.0,281.0,182.0,235.0,205.0,186.0,315.0,197.0,147.0,139.0,84.0,130.0,80.0,131.0,91.0,63.0,107.0,61.0,123.0,128.0,85.0,129.0,248.0,316.0,340.0,412.0,414.0,293.0,460.0,436.0,365.0,600.0,578.0,673.0,672.0,478.0,683.0,540.0,409.0,532.0,441.0,390.0,418.0,147.0,355.0,269.0,266.0,348.0,243.0,238.0,393.0,206.0,421.0,313.0,204.0,166.0,84.0,201.0,234.0,90.0,236.0,78.0,228.0,223.0,49.0,183.0,47.0,188.0,239.0,43.0,169.0,44.0,181.0,125.0,49.0,138.0,71.0,138.0,64.0,47.0,27.0,58.0,104.0,54.0,46.0,91.0,84.0,55.0,31.0,69.0,60.0,116.0,90.0,112.0,102.0,93.0,85.0,78.0,71.0,74.0,71.0
41.0,38.0,56.0,34.0,30.0,62.0,59.0,50.0,20.0,27.0,27.0,60.0,56.0,96.0,25.0,31.0,36.0,47.0,81.0,27.0,40.0,38.0,63.0,37.0,86.0,24.0,20.0,32.0,13.0,22.0,19.0,17.0,22.0,78.0,83.0,59.0,25.0,56.0,73.0,40.0,67.0,35.0,74.0,13.0,18.0,28.0,49.0,37.0,52.0,42.0,64.0,46.0,50.0,35.0,48.0,48.0,61.0,80.0,79.0,31.0,58.0,63.0,27.0,55.0,93.0,49.0,53.0,95.0,244.0,224.0,119.0,118.0,267.0,166.0,197.0,311.0,252.0,177.0,92.0,63.0,122.0,182.0,48.0,125.0,128.0,170.0,84.0,96.0,85.0,56.0,45.0,96.0,42.0,138.0,82.0,230.0,334.0,180.0,477.0,414.0,344.0,559.0,376.0,411.0,327.0,356.0,424.0,450.0,380.0,483.0,440.0,387.0,372.0,339.0,254.0,285.0,315.0,304.0,286.0,345.0,147.0,281.0,310.0,171.0,401.0,414.0,261.0,320.0,332.0,132.0,317.0,91.0,280.0,143.0,49.0,189.0,117.0,130.0,166.0,92.0,171.0,141.0,76.0,203.0,51.0,188.0,148.0,78.0,92.0,52.0,101.0,114.0,91.0,69.0,90.0,93.0,62.0,65.0,64.0,69.0,21.0,36.0,29.0,38.0,51.0,65.0,73.0,49.0,43.0,65.0,37.0,56.0
53.0,107.0,140.0,82.0,65.0,63.0,50.0,101.0,24.0,50.0,33.0,63.0,67.0,51.0,86.0,77.0,86.0,22.0,58.0,88.0,85.0,100.0,37.0,64.0,68.0,46.0,69.0,43.0,54.0,29.0,37.0,28.0,84.0,46.0,106.0,33.0,56.0,59.0,39.0,32.0,23.0,55.0,19.0,51.0,45.0,50.0,32.0,45.0,95.0,71.0,56.0,52.0,32.0,84.0,54.0,77.0,93.0,43.0,36.0,49.0,91.0,64.0,46.0,47.0,39.0,71.0,24.0,96.0,53.0,143.0,69.0,34.0,91.0,116.0,98.0,142.0,138.0,75.0,116.0,121.0,39.0,174.0,62.0,104.0,275.0,310.0,377.0,592.0,525.0,414.0,373.0,330.0,390.0,406.0,201.0,347.0,272.0,237.0,304.0,190.0,226.0,133.0,88.0,123.0,105.0,58.0,91.0,23.0,130.0,102.0,47.0,79.0,103.0,212.0,317.0,437.0,453.0,396.0,568.0,425.0,482.0,572.0,402.0,585.0,459.0,457.0,564.0,445.0,372.0,469.0,250.0,382.0,334.0,165.0,358.0,275.0,195.0,254.0,192.0,251.0,263.0,154.0,258.0,280.0,117.0,187.0,60.0,99.0,250.0,57.0,258.0,244.0,71.0,170.0,213.0,69.0,219.0,106.0,134.0,225.0,77.0,182.0,325.0,200.0,222.0,191.0,168.0,115.0,92.0,157.0,116.0,174.0
52.0,56.0,47.0,37.0,67.0,40.0,49.0,54.0,61.0,65.0,35.0,44.0,41.0,45.0,124.0,84.0,44.0,44.0,94.0,42.0,63.0,59.0,61.0,48.0,53.0,35.0,72.0,87.0,60.0,59.0,27.0,35.0,26.0,83.0,66.0,77.0,52.0,33.0,38.0,24.0,28.0,44.0,30.0,104.0,60.0,102.0,84.0,35.0,109.0,85.0,122.0,84.0,63.0,39.0,75.0,112.0,44.0,72.0,70.0,53.0,96.0,81.0,73.0,76.0,54.0,70.0,51.0,76.0,202.0,158.0,243.0,231.0,230.0,464.0,523.0,423.0,501.0,454.0,361.0,461.0,298.0,601.0,206.0,148.0,231.0,211.0,183.0,111.0,147.0,84.0,65.0,89.0,126.0,40.0,119.0,78.0,85.0,262.0,333.0,267.0,446.0,705.0,524.0,557.0,520.0,483.0,817.0,732.0,706.0,1037.0,694.0,831.0,702.0,726.0,583.0,496.0,224.0,514.0,353.0,294.0,494.0,237.0,442.0,554.0,361.0,594.0,418.0,416.0,425.0,275.0,269.0,263.0,73.0,301.0,211.0,155.0,266.0,73.0,206.0,232.0,137.0,215.0,100.0,248.0,276.0,98.0,235.0,39.0,149.0,196.0,84.0,147.0,44.0,141.0,106.0,161.0,99.0,125.0,110.0,75.0,57.0,33.0,37.0,31.0,30.0,36.0,23.0,20.0,64.0,73.0,54.0,27.0
37.0,51.0,24.0,66.0,77.0,37.0,79.0,23.0,46.0,70.0,66.0,31.0,36.0,33.0,27.0,70.0,44.0,42.0,20.0,74.0,27.0,83.0,30.0,95.0,26.0,52.0,76.0,22.0,87.0,23.0,65.0,54.0,31.0,32.0,27.0,34.0,23.0,45.0,20.0,37.0,27.0,18.0,25.0,57.0,26.0,57.0,65.0,89.0,53.0,55.0,85.0,55.0,92.0,106.0,89.0,28.0,55.0,43.0,46.0,36.0,30.0,33.0,53.0,76.0,82.0,70.0,119.0,163.0,87.0,139.0,130.0,164.0,163.0,133.0,269.0,339.0,313.0,423.0,326.0,283.0,368.0,328.0,265.0,380.0,360.0,402.0,351.0,174.0,238.0,137.0,150.0,148.0,140.0,176.0,120.0,160.0,107.0,76.0,70.0,63.0,226.0,196.0,476.0,709.0,531.0,570.0,472.0,550.0,705.0,498.0,562.0,636.0,622.0,462.0,566.0,435.0,459.0,494.0,251.0,411.0,438.0,423.0,449.0,306.0,317.0,367.0,299.0,419.0,328.0,201.0,354.0,265.0,207.0,268.0,116.0,217.0,196.0,108.0,196.0,160.0,111.0,188.0,67.0,157.0,224.0,77.0,211.0,91.0,193.0,138.0,145.0,216.0,65.0,219.0,167.0,142.0,135.0,95.0,160.0,39.0,50.0,32.0,64.0,29.0,42.0,39.0,39.0,31.0,33.0,65.0,45.0,60.0
67.0,77.0,44.0,36.0,72.0,85.0,79.0,66.0,67.0,89.0,110.0,69.0,60.0,75.0,69.0,48.0,30.0,65.0,43.0,52.0,64.0,63.0,67.0,100.0,113.0,63.0,42.0,33.0,52.0,35.0,38.0,39.0,67.0,102.0,96.0,51.0,51.0,70.0,67.0,48.0,77.0,58.0,107.0,59.0,93.0,78.0,82.0,49.0,25.0,46.0,65.0,46.0,56.0,66.0,47.0,47.0,26.0,45.0,26.0,54.0,34.0,25.0,57.0,166.0,83.0,103.0,164.0,88.0,186.0,192.0,73.0,207.0,240.0,131.0,336.0,437.0,456.0,497.0,305.0,306.0,413.0,414.0,283.0,341.0,381.0,219.0,275.0,91.0,132.0,165.0,46.0,121.0,81.0,130.0,154.0,193.0,123.0,157.0,244.0,314.0,242.0,420.0,493.0,528.0,578.0,359.0,278.0,492.0,452.0,513.0,440.0,389.0,479.0,643.0,388.0,494.0,524.0,247.0,497.0,461.0,238.0,429.0,366.0,191.0,446.0,301.0,203.0,264.0,350.0,194.0,325.0,241.0,98.0,168.0,141.0,185.0,306.0,86.0,293.0,301.0,75.0,359.0,361.0,124.0,346.0,70.0,224.0,108.0,109.0,162.0,122.0,164.0,109.0,55.0,167.0,72.0,158.0,149.0,55.0,102.0,121.0,124.0,36.0,68.0,32.0,34.0,22.0,33.0,52.0,35.0,42.0,43.0
60.0,50.0,36.0,46.0,50.0,73.0,47.0,122.0,42.0,39.0,91.0,47.0,48.0,39.0,28.0,26.0,36.0,27.0,29.0,31.0,37.0,79.0,31.0,39.0,68.0,41.0,40.0,29.0,27.0,51.0,60.0,27.0,17.0,52.0,49.0,53.0,75.0,36.0,63.0,28.0,34.0,46.0,22.0,46.0,81.0,36.0,36.0,39.0,30.0,50.0,37.0,25.0,27.0,41.0,46.0,37.0,51.0,79.0,158.0,31.0,166.0,107.0,101.0,117.0,113.0,235.0,142.0,192.0,326.0,235.0,406.0,378.0,266.0,338.0,346.0,442.0,306.0,210.0,137.0,111.0,52.0,149.0,200.0,78.0,77.0,66.0,147.0,53.0,113.0,89.0,24.0,271.0,235.0,333.0,436.0,316.0,319.0,336.0,401.0,579.0,495.0,516.0,594.0,233.0,569.0,400.0,421.0,483.0,275.0,440.0,465.0,213.0,487.0,440.0,358.0,440.0,163.0,496.0,291.0,345.0,519.0,214.0,359.0,276.0,306.0,253.0,136.0,212.0,220.0,145.0,340.0,67.0,256.0,66.0,217.0,187.0,190.0,227.0,159.0,213.0,138.0,97.0,155.0,42.0,137.0,86.0,109.0,35.0,35.0,70.0,105.0,107.0,65.0,63.0,83.0,78.0,103.0,101.0,79.0,88.0,101.0,73.0,65.0,64.0,53.0,61.0,67.0,97.0,118.0,81.0,74.0,69.0
98.0,89.0,104.0,92.0,51.0,95.0,88.0,73.0,110.0,102.0,57.0,34.0,87.0,104.0,117.0,85.0,99.0,86.0,124.0,150.0,135.0,88.0,92.0,72.0,89.0,79.0,89.0,121.0,94.0,65.0,53.0,89.0,60.0,59.0,80.0,69.0,49.0,42.0,39.0,95.0,34.0,21.0,49.0,67.0,75.0,82.0,56.0,78.0,107.0,87.0,29.0,54.0,49.0,76.0,80.0,89.0,51.0,38.0,84.0,83.0,72.0,130.0,109.0,99.0,67.0,116.0,71.0,70.0,50.0,63.0,31.0,112.0,43.0,99.0,49.0,40.0,18.0,37.0,71.0,95.0,115.0,162.0,170.0,229.0,306.0,330.0,274.0,248.0,187.0,270.0,332.0,269.0,540.0,306.0,209.0,226.0,103.0,167.0,118.0,164.0,108.0,120.0,144.0,42.0,39.0,53.0,42.0,67.0,57.0,312.0,314.0,343.0,673.0,454.0,309.0,333.0,304.0,344.0,361.0,351.0,239.0,434.0,350.0,287.0,423.0,446.0,343.0,403.0,389.0,289.0,262.0,197.0,325.0,286.0,144.0,234.0,232.0,218.0,274.0,219.0,117.0,150.0,110.0,224.0,195.0,152.0,208.0,71.0,101.0,140.0,131.0,118.0,75.0,150.0,55.0,173.0,183.0,171.0,121.0,65.0,90.0,50.0,62.0,106.0,114.0,124.0,64.0,136.0,66.0,33.0,50.0,52.0
85.0,85.0,114.0,105.0,75.0,62.0,86.0,43.0,40.0,70.0,48.0,51.0,32.0,50.0,51.0,48.0,77.0,88.0,47.0,51.0,37.0,46.0,42.0,25.0,36.0,30.0,43.0,67.0,27.0,16.0,50.0,51.0,42.0,41.0,23.0,29.0,23.0,44.0,56.0,61.0,51.0,64.0,84.0,53.0,53.0,41.0,52.0,32.0,100.0,53.0,80.0,37.0,38.0,39.0,97.0,47.0,95.0,92.0,46.0,129.0,87.0,37.0,81.0,61.0,69.0,101.0,138.0,193.0,290.0,323.0,402.0,400.0,375.0,368.0,320.0,244.0,309.0,291.0,200.0,305.0,164.0,69.0,216.0,54.0,220.0,165.0,113.0,57.0,94.0,95.0,125.0,77.0,109.0,233.0,380.0,367.0,723.0,610.0,561.0,500.0,510.0,367.0,553.0,578.0,307.0,507.0,474.0,291.0,394.0,575.0,377.0,256.0,484.0,433.0,339.0,452.0,245.0,304.0,367.0,351.0,379.0,368.0,252.0,305.0,311.0,185.0,386.0,348.0,289.0,336.0,141.0,255.0,214.0,57.0,157.0,56.0,169.0,150.0,164.0,112.0,87.0,102.0,214.0,108.0,184.0,170.0,120.0,106.0,118.0,194.0,150.0,55.0,108.0,116.0,99.0,192.0,52.0,203.0,98.0,99.0,62.0,86.0,61.0,58.0,47.0,46.0,49.0,33.0,36.0,45.0,41.0,33.0
81.0,43.0,62.0,58.0,86.0,49.0,79.0,45.0,48.0,44.0,70.0,80.0,66.0,63.0,88.0,55.0,87.0,46.0,56.0,56.0,39.0,35.0,26.0,15.0,43.0,54.0,77.0,82.0,58.0,39.0,47.0,69.0,45.0,88.0,95.0,88.0,65.0,80.0,78.0,46.0,20.0,52.0,87.0,30.0,24.0,84.0,56.0,84.0,14.0,104.0,44.0,36.0,24.0,51.0,103.0,21.0,35.0,27.0,32.0,37.0,30.0,51.0,103.0,47.0,58.0,54.0,32.0,19.0,55.0,35.0,56.0,60.0,24.0,64.0,51.0,52.0,68.0,51.0,191.0,273.0,339.0,446.0,403.0,342.0,323.0,352.0,268.0,340.0,282.0,311.0,197.0,81.0,249.0,187.0,153.0,134.0,146.0,122.0,130.0,106.0,138.0,90.0,133.0,57.0,213.0,316.0,255.0,501.0,508.0,552.0,747.0,559.0,470.0,539.0,509.0,398.0,447.0,477.0,308.0,370.0,389.0,228.0,209.0,296.0,315.0,244.0,208.0,280.0,255.0,269.0,273.0,283.0,211.0,311.0,181.0,276.0,261.0,153.0,207.0,204.0,85.0,196.0,66.0,108.0,135.0,60.0,129.0,50.0,129.0,70.0,160.0,98.0,89.0,98.0,58.0,80.0,48.0,97.0,42.0,55.0,53.0,75.0,112.0,47.0,164.0,42.0,32.0,94.0,35.0,36.0,41.0,25.0
41.0,106.0,55.0,85.0,124.0,41.0,46.0,61.0,66.0,147.0,127.0,110.0,177.0,116.0,98.0,93.0,102.0,108.0,92.0,113.0,88.0,74.0,109.0,55.0,47.0,64.0,82.0,73.0,84.0,106.0,84.0,61.0,67.0,41.0,45.0,48.0,57.0,49.0,22.0,50.0,75.0,22.0,50.0,26.0,27.0,15.0,29.0,28.0,46.0,65.0,21.0,42.0,34.0,82.0,24.0,18.0,36.0,48.0,92.0,107.0,24.0,80.0,43.0,171.0,294.0,379.0,368.0,319.0,265.0,262.0,371.0,273.0,351.0,263.0,91.0,219.0,83.0,215.0,132.0,212.0,105.0,135.0,128.0,99.0,133.0,15.0,67.0,223.0,194.0,624.0,435.0,241.0,426.0,460.0,398.0,368.0,333.0,468.0,525.0,451.0,334.0,451.0,287.0,502.0,403.0,221.0,545.0,375.0,180.0,456.0,450.0,352.0,352.0,275.0,188.0,377.0,212.0,386.0,241.0,146.0,265.0,224.0,103.0,237.0,54.0,147.0,116.0,104.0,121.0,68.0,92.0,103.0,78.0,193.0,52.0,155.0,48.0,149.0,100.0,94.0,144.0,56.0,223.0,132.0,168.0,156.0,133.0,171.0,65.0,130.0,72.0,127.0,60.0,102.0,99.0,62.0,90.0,72.0,97.0,68.0,72.0,60.0,57.0,56.0,89.0,34.0,88.0,34.0,45.0,29.0,62.0,47.0
35.0,60.0,26.0,35.0,32.0,37.0,72.0,61.0,51.0,39.0,59.0,43.0,63.0,41.0,49.0,57.0,62.0,36.0,40.0,24.0,28.0,47.0,24.0,54.0,42.0,15.0,20.0,64.0,52.0,48.0,56.0,73.0,36.0,40.0,36.0,51.0,63.0,51.0,44.0,83.0,77.0,74.0,114.0,117.0,101.0,77.0,82.0,57.0,120.0,44.0,44.0,27.0,56.0,54.0,71.0,35.0,13.0,28.0,42.0,56.0,32.0,39.0,57.0,66.0,51.0,41.0,36.0,51.0,56.0,115.0,53.0,52.0,95.0,105.0,103.0,48.0,153.0,111.0,146.0,188.0,90.0,206.0,279.0,318.0,336.0,328.0,364.0,442.0,463.0,278.0,466.0,311.0,433.0,167.0,120.0,202.0,176.0,147.0,146.0,95.0,144.0,86.0,58.0,69.0,88.0,89.0,239.0,434.0,318.0,652.0,347.0,312.0,346.0,276.0,422.0,459.0,452.0,528.0,678.0,361.0,464.0,446.0,260.0,534.0,318.0,373.0,408.0,183.0,426.0,462.0,269.0,423.0,213.0,156.0,252.0,154.0,316.0,179.0,258.0,284.0,165.0,174.0,90.0,254.0,111.0,191.0,100.0,138.0,192.0,105.0,161.0,47.0,136.0,43.0,115.0,65.0,59.0,120.0,40.0,112.0,29.0,102.0,55.0,51.0,41.0,65.0,126.0,50.0,74.0,24.0,35.0,32.0
49.0,46.0,29.0,35.0,31.0,56.0,55.0,26.0,42.0,20.0,61.0,48.0,68.0,48.0,81.0,40.0,44.0,34.0,76.0,26.0,37.0,24.0,58.0,84.0,111.0,35.0,73.0,62.0,72.0,80.0,52.0,125.0,123.0,111.0,87.0,56.0,63.0,39.0,50.0,61.0,44.0,41.0,40.0,61.0,66.0,62.0,72.0,74.0,38.0,73.0,65.0,26.0,40.0,31.0,41.0,54.0,43.0,14.0,44.0,56.0,41.0,17.0,29.0,57.0,37.0,64.0,34.0,25.0,51.0,17.0,40.0,32.0,71.0,18.0,27.0,61.0,66.0,75.0,50.0,187.0,284.0,302.0,416.0,382.0,360.0,421.0,371.0,293.0,255.0,281.0,316.0,316.0,106.0,199.0,170.0,220.0,119.0,144.0,102.0,146.0,112.0,136.0,113.0,172.0,82.0,118.0,146.0,193.0,352.0,346.0,406.0,483.0,518.0,414.0,550.0,488.0,552.0,547.0,412.0,627.0,601.0,322.0,584.0,442.0,119.0,436.0,391.0,191.0,396.0,298.0,194.0,407.0,182.0,472.0,394.0,170.0,318.0,245.0,278.0,252.0,172.0,215.0,139.0,184.0,94.0,95.0,167.0,115.0,160.0,66.0,91.0,74.0,112.0,67.0,77.0,148.0,65.0,161.0,34.0,131.0,94.0,144.0,124.0,138.0,106.0,95.0,98.0,67.0,67.0,62.0,44.0,68.0
108.0,49.0,119.0,27.0,57.0,65.0,37.0,48.0,38.0,174.0,62.0,84.0,31.0,41.0,37.0,80.0,22.0,19.0,33.0,56.0,43.0,40.0,50.0,27.0,31.0,60.0,47.0,61.0,38.0,36.0,20.0,85.0,26.0,75.0,67.0,54.0,22.0,45.0,28.0,53.0,43.0,44.0,35.0,46.0,74.0,76.0,33.0,47.0,40.0,60.0,41.0,35.0,37.0,34.0,64.0,51.0,34.0,107.0,32.0,93.0,35.0,42.0,20.0,83.0,56.0,66.0,35.0,18.0,18.0,58.0,94.0,67.0,109.0,27.0,23.0,57.0,103.0,174.0,253.0,340.0,369.0,369.0,347.0,331.0,369.0,372.0,292.0,324.0,366.0,249.0,173.0,154.0,123.0,138.0,249.0,107.0,229.0,190.0,66.0,235.0,71.0,128.0,81.0,73.0,120.0,65.0,111.0,277.0,208.0,440.0,522.0,415.0,513.0,442.0,405.0,325.0,382.0,306.0,349.0,352.0,231.0,329.0,373.0,342.0,312.0,398.0,400.0,203.0,434.0,312.0,181.0,369.0,326.0,248.0,337.0,226.0,177.0,227.0,93.0,306.0,340.0,217.0,303.0,234.0,305.0,227.0,117.0,166.0,87.0,84.0,136.0,127.0,169.0,123.0,57.0,154.0,54.0,153.0,95.0,189.0,134.0,69.0,130.0,105.0,148.0,169.0,160.0,219.0,64.0,173.0,108.0,89.0
19.0,47.0,26.0,62.0,42.0,28.0,31.0,50.0,56.0,54.0,45.0,84.0,34.0,100.0,20.0,20.0,32.0,65.0,44.0,48.0,82.0,27.0,102.0,95.0,94.0,110.0,57.0,65.0,66.0,33.0,83.0,78.0,29.0,83.0,106.0,27.0,61.0,19.0,96.0,40.0,120.0,32.0,26.0,54.0,71.0,42.0,24.0,52.0,60.0,91.0,65.0,50.0,54.0,50.0,33.0,78.0,53.0,48.0,28.0,30.0,29.0,66.0,49.0,24.0,30.0,61.0,134.0,167.0,111.0,162.0,156.0,196.0,268.0,274.0,332.0,396.0,387.0,312.0,590.0,429.0,270.0,427.0,283.0,447.0,362.0,242.0,251.0,331.0,134.0,216.0,87.0,144.0,93.0,113.0,54.0,52.0,95.0,52.0,99.0,219.0,204.0,433.0,409.0,431.0,506.0,530.0,442.0,508.0,436.0,609.0,545.0,521.0,677.0,479.0,468.0,419.0,433.0,340.0,355.0,482.0,320.0,398.0,481.0,221.0,395.0,317.0,201.0,435.0,448.0,292.0,287.0,128.0,394.0,294.0,220.0,151.0,113.0,101.0,111.0,157.0,192.0,60.0,80.0,67.0,72.0,65.0,108.0,50.0,179.0,71.0,97.0,78.0,57.0,157.0,76.0,101.0,66.0,84.0,68.0,98.0,76.0,72.0,107.0,108.0,144.0,78.0,41.0,75.0,49.0,27.0,64.0,39.0
35.0,64.0,33.0,41.0,114.0,46.0,82.0,49.0,27.0,36.0,79.0,29.0,26.0,17.0,40.0,53.0,63.0,38.0,44.0,44.0,63.0,61.0,21.0,22.0,69.0,56.0,40.0,42.0,36.0,29.0,60.0,40.0,22.0,53.0,40.0,44.0,24.0,41.0,23.0,31.0,30.0,33.0,27.0,94.0,40.0,33.0,56.0,56.0,114.0,37.0,18.0,44.0,35.0,27.0,59.0,24.0,35.0,40.0,61.0,25.0,35.0,17.0,52.0,37.0,37.0,39.0,21.0,21.0,48.0,51.0,42.0,38.0,17.0,26.0,58.0,62.0,63.0,55.0,46.0,44.0,64.0,114.0,155.0,140.0,304.0,340.0,359.0,485.0,430.0,388.0,497.0,459.0,345.0,401.0,412.0,352.0,235.0,107.0,206.0,178.0,124.0,90.0,107.0,81.0,137.0,102.0,165.0,54.0,107.0,33.0,47.0,141.0,158.0,426.0,511.0,483.0,602.0,361.0,409.0,464.0,336.0,431.0,431.0,331.0,291.0,335.0,355.0,290.0,400.0,165.0,354.0,300.0,83.0,296.0,297.0,228.0,315.0,141.0,353.0,323.0,264.0,344.0,160.0,282.0,221.0,145.0,227.0,100.0,114.0,70.0,88.0,92.0,66.0,18.0,82.0,114.0,41.0,51.0,50.0,57.0,74.0,49.0,34.0,88.0,105.0,25.0,64.0,102.0,71.0,105.0,51.0,164.0
113.0,127.0,55.0,117.0,134.0,106.0,86.0,42.0,81.0,41.0,61.0,31.0,36.0,33.0,25.0,34.0,62.0,42.0,35.0,43.0,42.0,37.0,53.0,28.0,52.0,39.0,79.0,53.0,68.0,88.0,62.0,77.0,70.0,91.0,86.0,114.0,93.0,102.0,111.0,142.0,117.0,103.0,39.0,60.0,52.0,87.0,87.0,54.0,54.0,45.0,34.0,51.0,77.0,69.0,45.0,91.0,54.0,38.0,88.0,86.0,57.0,43.0,65.0,33.0,23.0,156.0,46.0,139.0,82.0,61.0,107.0,109.0,93.0,66.0,55.0,88.0,206.0,230.0,384.0,415.0,438.0,401.0,316.0,373.0,352.0,325.0,473.0,345.0,413.0,334.0,121.0,173.0,65.0,91.0,102.0,155.0,101.0,102.0,101.0,69.0,24.0,55.0,99.0,208.0,211.0,179.0,460.0,470.0,342.0,616.0,522.0,420.0,528.0,439.0,418.0,573.0,468.0,389.0,458.0,314.0,327.0,397.0,236.0,194.0,342.0,260.0,333.0,469.0,162.0,413.0,398.0,223.0,371.0,299.0,358.0,342.0,246.0,228.0,162.0,147.0,76.0,99.0,124.0,98.0,90.0,61.0,66.0,37.0,128.0,45.0,69.0,51.0,39.0,84.0,24.0,114.0,42.0,85.0,99.0,104.0,78.0,180.0,222.0,89.0,131.0,36.0,160.0,36.0,31.0,26.0,44.0,43.0
96.0,98.0,82.0,40.0,98.0,56.0,29.0,106.0,34.0,80.0,48.0,62.0,77.0,93.0,71.0,39.0,81.0,48.0,43.0,58.0,49.0,100.0,61.0,61.0,52.0,38.0,43.0,72.0,53.0,60.0,62.0,58.0,41.0,66.0,37.0,49.0,99.0,80.0,98.0,77.0,69.0,137.0,55.0,130.0,116.0,65.0,131.0,67.0,105.0,65.0,55.0,65.0,61.0,24.0,42.0,39.0,64.0,64.0,62.0,47.0,37.0,48.0,21.0,19.0,30.0,75.0,47.0,156.0,92.0,132.0,95.0,135.0,178.0,116.0,192.0,195.0,145.0,223.0,182.0,128.0,216.0,108.0,237.0,378.0,191.0,452.0,447.0,356.0,416.0,645.0,475.0,288.0,401.0,391.0,356.0,387.0,311.0,374.0,327.0,132.0,305.0,234.0,103.0,253.0,102.0,206.0,197.0,117.0,86.0,84.0,50.0,122.0,144.0,294.0,184.0,474.0,531.0,327.0,472.0,401.0,324.0,500.0,419.0,370.0,412.0,392.0,323.0,431.0,207.0,473.0,454.0,251.0,440.0,313.0,346.0,466.0,222.0,436.0,334.0,214.0,386.0,310.0,207.0,369.0,182.0,324.0,217.0,163.0,160.0,123.0,226.0,106.0,227.0,85.0,115.0,143.0,105.0,124.0,68.0,151.0,54.0,143.0,55.0,131.0,114.0,107.0,198.0,59.0,109.0,81.0,157.0,109.0
50.0,40.0,101.0,82.0,28.0,31.0,42.0,42.0,32.0,59.0,46.0,97.0,40.0,58.0,44.0,47.0,76.0,25.0,69.0,63.0,46.0,97.0,131.0,105.0,56.0,148.0,190.0,68.0,156.0,215.0,132.0,135.0,197.0,108.0,211.0,60.0,121.0,133.0,172.0,121.0,97.0,112.0,97.0,99.0,76.0,59.0,143.0,57.0,57.0,114.0,41.0,72.0,102.0,64.0,44.0,68.0,42.0,54.0,51.0,77.0,65.0,29.0,40.0,54.0,79.0,58.0,110.0,147.0,73.0,109.0,144.0,110.0,120.0,83.0,51.0,58.0,47.0,102.0,214.0,143.0,289.0,480.0,392.0,680.0,556.0,384.0,486.0,321.0,287.0,433.0,285.0,206.0,227.0,175.0,142.0,187.0,88.0,145.0,89.0,141.0,119.0,71.0,109.0,121.0,70.0,51.0,38.0,225.0,217.0,602.0,487.0,378.0,499.0,430.0,459.0,485.0,354.0,444.0,446.0,324.0,351.0,533.0,392.0,338.0,537.0,327.0,382.0,535.0,264.0,478.0,464.0,202.0,343.0,314.0,303.0,449.0,122.0,289.0,213.0,246.0,323.0,163.0,315.0,191.0,82.0,147.0,130.0,154.0,113.0,102.0,202.0,142.0,215.0,113.0,162.0,83.0,93.0,63.0,53.0,147.0,49.0,142.0,75.0,87.0,106.0,93.0,79.0,95.0,206.0,50.0,47.0,91.0
72.0,69.0,57.0,54.0,77.0,33.0,87.0,28.0,85.0,35.0,44.0,37.0,54.0,48.0,37.0,50.0,20.0,26.0,40.0,28.0,30.0,31.0,31.0,73.0,32.0,46.0,55.0,38.0,52.0,83.0,30.0,99.0,32.0,39.0,57.0,48.0,55.0,49.0,85.0,36.0,17.0,59.0,51.0,45.0,70.0,28.0,37.0,22.0,58.0,46.0,34.0,29.0,31.0,32.0,62.0,41.0,38.0,68.0,68.0,28.0,30.0,48.0,60.0,63.0,112.0,183.0,235.0,244.0,237.0,361.0,244.0,191.0,236.0,198.0,128.0,323.0,325.0,264.0,231.0,53.0,122.0,127.0,84.0,140.0,72.0,133.0,139.0,145.0,155.0,169.0,145.0,155.0,66.0,74.0,45.0,227.0,120.0,296.0,344.0,219.0,640.0,605.0,356.0,535.0,488.0,399.0,513.0,493.0,460.0,406.0,298.0,312.0,472.0,314.0,266.0,451.0,346.0,231.0,432.0,302.0,443.0,457.0,137.0,332.0,358.0,281.0,299.0,114.0,222.0,249.0,143.0,165.0,181.0,126.0,165.0,65.0,107.0,178.0,116.0,234.0,76.0,179.0,134.0,198.0,173.0,169.0,206.0,71.0,113.0,42.0,45.0,24.0,78.0,57.0,104.0,59.0,81.0,76.0,43.0,116.0,48.0,110.0,185.0,82.0,89.0,101.0,85.0,83.0,76.0,49.0,71.0,25.0
59.0,62.0,63.0,43.0,64.0,46.0,82.0,47.0,34.0,75.0,38.0,55.0,82.0,59.0,63.0,31.0,64.0,39.0,39.0,55.0,101.0,68.0,62.0,101.0,114.0,91.0,73.0,90.0,41.0,89.0,86.0,84.0,61.0,85.0,35.0,96.0,42.0,52.0,39.0,102.0,47.0,117.0,56.0,98.0,39.0,75.0,22.0,73.0,49.0,84.0,48.0,47.0,63.0,100.0,51.0,59.0,50.0,39.0,56.0,43.0,80.0,84.0,49.0,109.0,43.0,64.0,96.0,104.0,139.0,242.0,138.0,220.0,211.0,270.0,393.0,429.0,404.0,493.0,358.0,348.0,444.0,406.0,313.0,386.0,392.0,230.0,213.0,89.0,239.0,157.0,95.0,167.0,93.0,125.0,150.0,52.0,68.0,54.0,131.0,333.0,332.0,488.0,533.0,420.0,546.0,518.0,356.0,436.0,349.0,530.0,379.0,254.0,459.0,353.0,344.0,397.0,325.0,287.0,415.0,191.0,465.0,456.0,178.0,347.0,322.0,277.0,331.0,208.0,366.0,307.0,323.0,316.0,254.0,303.0,160.0,67.0,229.0,101.0,174.0,79.0,116.0,135.0,85.0,188.0,70.0,202.0,77.0,136.0,140.0,140.0,176.0,77.0,69.0,54.0,119.0,82.0,107.0,69.0,123.0,186.0,68.0,105.0,58.0,67.0,103.0,77.0,55.0,78.0,46.0,49.0,43.0,46.0
122.0,112.0,114.0,78.0,98.0,48.0,55.0,41.0,34.0,37.0,64.0,76.0,90.0,63.0,67.0,57.0,95.0,194.0,63.0,55.0,78.0,68.0,72.0,28.0,109.0,44.0,125.0,67.0,123.0,97.0,76.0,89.0,88.0,90.0,87.0,47.0,48.0,70.0,61.0,67.0,54.0,104.0,107.0,144.0,155.0,99.0,142.0,103.0,85.0,88.0,88.0,87.0,155.0,131.0,127.0,106.0,69.0,77.0,73.0,58.0,60.0,40.0,78.0,80.0,97.0,44.0,52.0,45.0,72.0,61.0,78.0,93.0,99.0,145.0,73.0,119.0,105.0,95.0,116.0,242.0,176.0,323.0,320.0,236.0,513.0,508.0,407.0,594.0,523.0,384.0,538.0,523.0,431.0,487.0,150.0,235.0,181.0,67.0,205.0,121.0,229.0,91.0,173.0,94.0,97.0,90.0,110.0,237.0,402.0,296.0,579.0,558.0,377.0,437.0,362.0,275.0,418.0,393.0,415.0,592.0,472.0,472.0,483.0,359.0,406.0,383.0,164.0,473.0,418.0,198.0,308.0,335.0,302.0,343.0,180.0,328.0,333.0,276.0,396.0,244.0,394.0,272.0,186.0,124.0,57.0,211.0,238.0,89.0,168.0,72.0,194.0,191.0,188.0,238.0,98.0,210.0,94.0,132.0,148.0,117.0,116.0,54.0,150.0,100.0,187.0,101.0,77.0,148.0,100.0,182.0,123.0,88.0
64.0,63.0,56.0,38.0,79.0,65.0,52.0,48.0,59.0,63.0,59.0,28.0,21.0,28.0,45.0,18.0,43.0,56.0,52.0,55.0,47.0,46.0,18.0,36.0,97.0,86.0,91.0,66.0,66.0,29.0,90.0,65.0,54.0,42.0,30.0,46.0,42.0,28.0,54.0,15.0,17.0,22.0,35.0,64.0,43.0,59.0,92.0,52.0,33.0,35.0,45.0,32.0,102.0,22.0,48.0,49.0,21.0,27.0,58.0,15.0,34.0,28.0,46.0,58.0,24.0,73.0,109.0,101.0,136.0,55.0,63.0,259.0,61.0,310.0,314.0,242.0,478.0,519.0,418.0,624.0,466.0,313.0,525.0,399.0,290.0,221.0,121.0,199.0,211.0,157.0,204.0,176.0,224.0,225.0,180.0,160.0,97.0,78.0,114.0,198.0,360.0,331.0,609.0,459.0,392.0,471.0,313.0,346.0,509.0,439.0,371.0,449.0,275.0,439.0,554.0,266.0,499.0,329.0,327.0,478.0,270.0,462.0,351.0,220.0,322.0,201.0,320.0,288.0,223.0,245.0,129.0,263.0,187.0,293.0,286.0,153.0,195.0,89.0,149.0,102.0,114.0,224.0,155.0,167.0,93.0,240.0,185.0,259.0,249.0,290.0,271.0,308.0,206.0,257.0,365.0,300.0,138.0,176.0,131.0,131.0,95.0,123.0,191.0,160.0,149.0,158.0,101.0,108.0,156.0,130.0,135.0,127.0
26.0,65.0,102.0,62.0,68.0,61.0,101.0,77.0,67.0,62.0,87.0,59.0,50.0,199.0,171.0,134.0,183.0,66.0,81.0,83.0,90.0,40.0,73.0,43.0,21.0,64.0,57.0,55.0,30.0,36.0,52.0,77.0,60.0,83.0,122.0,91.0,76.0,36.0,97.0,79.0,62.0,54.0,23.0,25.0,28.0,38.0,34.0,49.0,51.0,84.0,66.0,112.0,79.0,76.0,49.0,107.0,69.0,61.0,46.0,45.0,57.0,71.0,65.0,76.0,81.0,99.0,112.0,50.0,93.0,44.0,70.0,105.0,57.0,70.0,53.0,52.0,110.0,53.0,67.0,155.0,70.0,219.0,371.0,389.0,708.0,683.0,572.0,644.0,513.0,479.0,545.0,527.0,446.0,548.0,623.0,202.0,293.0,283.0,144.0,171.0,234.0,131.0,206.0,66.0,208.0,143.0,33.0,111.0,70.0,123.0,230.0,253.0,440.0,472.0,495.0,604.0,528.0,457.0,455.0,507.0,527.0,520.0,404.0,434.0,430.0,224.0,483.0,551.0,177.0,424.0,409.0,189.0,379.0,400.0,240.0,446.0,166.0,359.0,350.0,206.0,366.0,349.0,291.0,460.0,253.0,396.0,341.0,227.0,179.0,96.0,138.0,91.0,94.0,181.0,91.0,307.0,134.0,255.0,200.0,140.0,146.0,160.0,121.0,110.0,62.0,152.0,104.0,137.0,65.0,43.0,57.0,113.0
79.0,58.0,91.0,56.0,32.0,49.0,77.0,62.0,43.0,49.0,50.0,75.0,88.0,76.0,78.0,65.0,84.0,72.0,43.0,70.0,120.0,73.0,61.0,50.0,130.0,138.0,49.0,150.0,136.0,143.0,54.0,122.0,84.0,56.0,49.0,26.0,31.0,45.0,67.0,99.0,54.0,59.0,29.0,76.0,48.0,55.0,54.0,31.0,32.0,73.0,30.0,40.0,87.0,92.0,30.0,56.0,63.0,127.0,72.0,61.0,61.0,91.0,71.0,79.0,137.0,76.0,89.0,44.0,65.0,43.0,48.0,31.0,44.0,51.0,117.0,61.0,67.0,67.0,175.0,287.0,401.0,516.0,611.0,473.0,438.0,509.0,509.0,428.0,424.0,333.0,337.0,267.0,117.0,305.0,202.0,132.0,149.0,118.0,204.0,78.0,132.0,81.0,91.0,167.0,203.0,185.0,304.0,308.0,493.0,443.0,620.0,634.0,567.0,511.0,494.0,422.0,340.0,452.0,254.0,488.0,541.0,275.0,509.0,376.0,371.0,486.0,270.0,257.0,426.0,178.0,480.0,266.0,261.0,417.0,283.0,500.0,325.0,298.0,268.0,258.0,387.0,240.0,241.0,122.0,68.0,122.0,69.0,112.0,35.0,82.0,28.0,60.0,129.0,38.0,172.0,25.0,138.0,45.0,129.0,65.0,97.0,148.0,64.0,123.0,36.0,126.0,101.0,68.0,107.0,79.0,69.0,124.0
103.0,30.0,33.0,46.0,55.0,53.0,94.0,26.0,33.0,69.0,48.0,32.0,34.0,40.0,71.0,80.0,80.0,49.0,62.0,37.0,110.0,60.0,61.0,60.0,91.0,35.0,125.0,58.0,54.0,47.0,43.0,40.0,27.0,40.0,36.0,32.0,53.0,47.0,57.0,77.0,100.0,47.0,70.0,22.0,64.0,36.0,27.0,30.0,61.0,23.0,65.0,86.0,62.0,91.0,65.0,63.0,41.0,97.0,78.0,86.0,62.0,43.0,30.0,40.0,51.0,47.0,47.0,56.0,35.0,108.0,92.0,75.0,77.0,70.0,35.0,74.0,83.0,144.0,121.0,46.0,116.0,158.0,49.0,166.0,104.0,144.0,163.0,31.0,173.0,267.0,112.0,357.0,438.0,369.0,553.0,453.0,445.0,451.0,538.0,481.0,332.0,382.0,338.0,380.0,316.0,213.0,181.0,30.0,122.0,234.0,75.0,272.0,133.0,201.0,182.0,82.0,231.0,58.0,124.0,251.0,191.0,389.0,550.0,595.0,516.0,473.0,370.0,566.0,468.0,449.0,534.0,549.0,263.0,395.0,346.0,336.0,494.0,270.0,268.0,475.0,184.0,493.0,357.0,372.0,325.0,179.0,403.0,343.0,350.0,281.0,197.0,266.0,272.0,150.0,168.0,57.0,180.0,160.0,167.0,270.0,124.0,206.0,63.0,239.0,119.0,121.0,181.0,114.0,122.0,70.0,124.0,99.0
49.0,48.0,57.0,61.0,56.0,58.0,55.0,24.0,71.0,46.0,41.0,40.0,65.0,37.0,39.0,51.0,55.0,99.0,66.0,63.0,101.0,54.0,42.0,50.0,93.0,56.0,49.0,50.0,76.0,90.0,38.0,49.0,56.0,67.0,40.0,96.0,32.0,96.0,68.0,24.0,22.0,42.0,38.0,41.0,33.0,38.0,41.0,15.0,51.0,38.0,63.0,40.0,47.0,47.0,31.0,50.0,93.0,86.0,32.0,35.0,86.0,46.0,23.0,40.0,55.0,54.0,49.0,43.0,22.0,62.0,36.0,60.0,22.0,23.0,73.0,41.0,29.0,48.0,33.0,70.0,36.0,80.0,54.0,57.0,42.0,38.0,46.0,51.0,31.0,39.0,26.0,34.0,42.0,38.0,51.0,70.0,27.0,53.0,53.0,67.0,36.0,63.0,59.0,62.0,86.0,106.0,177.0,83.0,136.0,178.0,50.0,125.0,40.0,48.0,192.0,113.0,345.0,458.0,627.0,701.0,385.0,349.0,412.0,399.0,435.0,295.0,67.0,184.0,70.0,249.0,166.0,198.0,167.0,126.0,178.0,233.0,155.0,215.0,84.0,74.0,84.0,247.0,336.0,553.0,725.0,336.0,487.0,595.0,484.0,646.0,698.0,496.0,578.0,435.0,407.0,452.0,413.0,308.0,335.0,143.0,281.0,359.0,202.0,401.0,338.0,368.0,432.0,205.0,410.0,279.0,260.0,231.0
65.0,56.0,56.0,50.0,53.0,48.0,48.0,37.0,48.0,57.0,33.0,23.0,28.0,28.0,48.0,21.0,23.0,19.0,26.0,28.0,50.0,29.0,43.0,50.0,48.0,51.0,128.0,61.0,95.0,42.0,44.0,134.0,74.0,126.0,75.0,129.0,111.0,71.0,64.0,64.0,49.0,85.0,107.0,94.0,81.0,49.0,64.0,93.0,37.0,72.0,48.0,93.0,66.0,60.0,29.0,51.0,35.0,41.0,51.0,33.0,51.0,38.0,36.0,36.0,15.0,39.0,49.0,108.0,64.0,56.0,127.0,55.0,88.0,149.0,155.0,139.0,147.0,269.0,480.0,527.0,530.0,531.0,434.0,352.0,591.0,461.0,397.0,521.0,383.0,222.0,277.0,175.0,172.0,226.0,64.0,197.0,188.0,150.0,156.0,141.0,95.0,78.0,108.0,56.0,252.0,443.0,510.0,514.0,657.0,544.0,613.0,543.0,424.0,596.0,562.0,447.0,615.0,592.0,319.0,371.0,496.0,280.0,423.0,428.0,106.0,410.0,409.0,230.0,360.0,160.0,345.0,276.0,138.0,305.0,277.0,398.0,339.0,241.0,205.0,100.0,269.0,182.0,83.0,176.0,84.0,206.0,186.0,105.0,165.0,61.0,139.0,112.0,77.0,54.0,124.0,210.0,138.0,128.0,54.0,128.0,62.0,143.0,110.0,164.0,61.0,47.0,66.0,102.0,98.0,127.0,126.0,86.0
13.0,52.0,43.0,39.0,42.0,86.0,65.0,88.0,30.0,27.0,23.0,27.0,28.0,31.0,48.0,70.0,40.0,81.0,61.0,81.0,57.0,41.0,60.0,66.0,87.0,87.0,68.0,99.0,117.0,121.0,139.0,186.0,214.0,54.0,58.0,98.0,96.0,81.0,46.0,70.0,94.0,59.0,52.0,114.0,81.0,106.0,129.0,51.0,78.0,243.0,177.0,102.0,256.0,175.0,203.0,141.0,122.0,184.0,160.0,99.0,107.0,208.0,99.0,130.0,143.0,71.0,96.0,119.0,72.0,132.0,81.0,105.0,104.0,135.0,188.0,204.0,355.0,459.0,721.0,581.0,487.0,479.0,536.0,500.0,553.0,441.0,342.0,521.0,343.0,385.0,475.0,98.0,241.0,201.0,115.0,178.0,121.0,201.0,122.0,132.0,95.0,113.0,105.0,116.0,146.0,230.0,165.0,530.0,560.0,640.0,663.0,578.0,453.0,506.0,570.0,588.0,605.0,429.0,496.0,530.0,275.0,526.0,481.0,156.0,499.0,301.0,263.0,487.0,212.0,435.0,427.0,251.0,480.0,152.0,375.0,254.0,258.0,271.0,148.0,194.0,131.0,88.0,185.0,161.0,269.0,186.0,307.0,278.0,87.0,120.0,78.0,240.0,169.0,102.0,63.0,55.0,248.0,57.0,151.0,105.0,122.0,143.0,118.0,194.0,180.0,159.0,65.0,162.0,66.0,57.0,31.0,59.0
32.0,16.0,50.0,41.0,52.0,55.0,18.0,31.0,91.0,19.0,49.0,18.0,96.0,80.0,49.0,87.0,87.0,93.0,89.0,123.0,118.0,112.0,144.0,132.0,73.0,65.0,85.0,81.0,52.0,74.0,38.0,144.0,41.0,125.0,24.0,27.0,60.0,61.0,87.0,105.0,52.0,25.0,34.0,41.0,77.0,101.0,43.0,53.0,35.0,44.0,60.0,57.0,47.0,48.0,61.0,66.0,58.0,62.0,47.0,84.0,48.0,61.0,68.0,54.0,73.0,37.0,80.0,76.0,54.0,83.0,62.0,52.0,64.0,34.0,90.0,93.0,152.0,123.0,85.0,128.0,83.0,168.0,59.0,104.0,80.0,106.0,92.0,77.0,212.0,203.0,193.0,565.0,612.0,527.0,489.0,502.0,437.0,610.0,436.0,380.0,410.0,392.0,215.0,208.0,167.0,64.0,214.0,315.0,139.0,214.0,85.0,194.0,109.0,248.0,80.0,129.0,84.0,178.0,288.0,428.0,359.0,539.0,337.0,237.0,341.0,428.0,370.0,439.0,495.0,406.0,478.0,275.0,296.0,396.0,237.0,417.0,245.0,103.0,251.0,221.0,136.0,288.0,95.0,270.0,346.0,305.0,284.0,210.0,275.0,187.0,112.0,267.0,154.0,281.0,126.0,236.0,185.0,78.0,161.0,74.0,145.0,134.0,99.0,193.0,63.0,168.0,95.0,174.0,114.0,69.0,130.0,74.0
62.0,33.0,69.0,59.0,53.0,47.0,47.0,76.0,82.0,58.0,69.0,64.0,68.0,60.0,60.0,54.0,43.0,29.0,31.0,31.0,32.0,36.0,37.0,52.0,65.0,42.0,30.0,24.0,41.0,80.0,69.0,88.0,45.0,59.0,86.0,58.0,71.0,41.0,33.0,42.0,43.0,65.0,20.0,23.0,82.0,24.0,73.0,49.0,39.0,50.0,37.0,94.0,84.0,79.0,84.0,32.0,63.0,120.0,49.0,102.0,81.0,72.0,57.0,106.0,104.0,172.0,56.0,121.0,137.0,97.0,118.0,76.0,84.0,67.0,42.0,60.0,28.0,41.0,29.0,57.0,36.0,34.0,34.0,174.0,255.0,349.0,624.0,608.0,575.0,557.0,476.0,414.0,578.0,519.0,417.0,448.0,473.0,344.0,361.0,197.0,74.0,99.0,194.0,44.0,182.0,142.0,117.0,191.0,118.0,165.0,90.0,61.0,196.0,115.0,408.0,333.0,423.0,574.0,583.0,423.0,394.0,352.0,250.0,438.0,351.0,214.0,469.0,361.0,183.0,389.0,342.0,284.0,342.0,420.0,271.0,467.0,365.0,332.0,479.0,234.0,423.0,291.0,213.0,321.0,173.0,361.0,325.0,265.0,238.0,92.0,173.0,140.0,51.0,128.0,49.0,106.0,150.0,68.0,235.0,56.0,161.0,55.0,171.0,146.0,158.0,155.0,123.0,139.0,66.0,160.0,67.0,117.0
56.0,61.0,65.0,34.0,59.0,74.0,34.0,22.0,25.0,49.0,72.0,33.0,41.0,29.0,67.0,75.0,74.0,51.0,53.0,49.0,38.0,57.0,36.0,32.0,57.0,59.0,48.0,41.0,33.0,48.0,61.0,53.0,76.0,78.0,99.0,49.0,37.0,43.0,16.0,68.0,32.0,48.0,81.0,64.0,27.0,39.0,52.0,47.0,34.0,39.0,48.0,51.0,77.0,109.0,51.0,67.0,20.0,71.0,32.0,38.0,21.0,101.0,36.0,108.0,54.0,38.0,106.0,110.0,30.0,90.0,71.0,90.0,65.0,40.0,66.0,42.0,65.0,63.0,40.0,90.0,114.0,103.0,278.0,407.0,373.0,625.0,915.0,776.0,667.0,678.0,439.0,501.0,583.0,378.0,355.0,350.0,145.0,90.0,185.0,211.0,84.0,249.0,99.0,169.0,151.0,124.0,92.0,74.0,79.0,235.0,229.0,375.0,438.0,346.0,576.0,569.0,489.0,468.0,397.0,232.0,450.0,425.0,171.0,467.0,491.0,152.0,366.0,410.0,118.0,394.0,315.0,227.0,343.0,154.0,292.0,381.0,234.0,397.0,283.0,267.0,341.0,213.0,323.0,128.0,35.0,133.0,59.0,135.0,126.0,51.0,124.0,64.0,200.0,169.0,130.0,180.0,60.0,184.0,99.0,167.0,154.0,72.0,196.0,107.0,230.0,232.0,65.0,190.0,126.0,230.0,78.0,138.0
66.0,53.0,50.0,18.0,14.0,55.0,30.0,32.0,38.0,24.0,21.0,30.0,32.0,25.0,25.0,25.0,31.0,61.0,71.0,47.0,44.0,50.0,57.0,68.0,53.0,40.0,67.0,80.0,83.0,58.0,120.0,49.0,58.0,49.0,77.0,124.0,83.0,35.0,37.0,51.0,66.0,44.0,64.0,23.0,33.0,20.0,90.0,44.0,92.0,21.0,82.0,24.0,55.0,39.0,112.0,57.0,44.0,18.0,76.0,43.0,45.0,36.0,39.0,42.0,47.0,90.0,65.0,57.0,126.0,42.0,15.0,33.0,70.0,45.0,31.0,56.0,60.0,39.0,101.0,62.0,136.0,309.0,237.0,400.0,485.0,499.0,406.0,576.0,591.0,631.0,657.0,508.0,443.0,475.0,431.0,379.0,342.0,168.0,142.0,97.0,262.0,91.0,220.0,196.0,50.0,186.0,193.0,86.0,157.0,120.0,113.0,98.0,138.0,155.0,219.0,358.0,442.0,461.0,428.0,787.0,837.0,741.0,729.0,468.0,454.0,414.0,390.0,356.0,319.0,478.0,346.0,350.0,445.0,271.0,303.0,514.0,351.0,342.0,404.0,295.0,232.0,396.0,407.0,407.0,393.0,229.0,206.0,293.0,237.0,188.0,188.0,69.0,182.0,226.0,38.0,190.0,198.0,94.0,262.0,53.0,238.0,151.0,76.0,154.0,67.0,155.0,231.0,71.0,256.0,149.0,178.0,239.0
73.0,60.0,45.0,52.0,28.0,58.0,87.0,26.0,62.0,50.0,37.0,34.0,41.0,57.0,48.0,25.0,33.0,27.0,75.0,43.0,29.0,58.0,29.0,62.0,27.0,38.0,31.0,34.0,117.0,36.0,63.0,58.0,75.0,64.0,110.0,27.0,45.0,52.0,51.0,64.0,79.0,61.0,58.0,61.0,24.0,35.0,38.0,64.0,59.0,102.0,72.0,46.0,61.0,67.0,94.0,111.0,72.0,80.0,83.0,106.0,95.0,107.0,70.0,65.0,71.0,57.0,31.0,43.0,64.0,37.0,34.0,95.0,30.0,30.0,42.0,110.0,53.0,28.0,34.0,102.0,136.0,88.0,144.0,129.0,46.0,117.0,157.0,69.0,138.0,135.0,127.0,204.0,237.0,238.0,448.0,534.0,660.0,824.0,638.0,514.0,537.0,477.0,481.0,490.0,492.0,394.0,330.0,164.0,142.0,169.0,263.0,65.0,153.0,193.0,154.0,133.0,98.0,91.0,127.0,109.0,140.0,89.0,72.0,57.0,115.0,318.0,246.0,431.0,518.0,303.0,660.0,501.0,332.0,353.0,358.0,308.0,433.0,472.0,321.0,493.0,390.0,313.0,407.0,301.0,273.0,380.0,322.0,263.0,295.0,223.0,224.0,315.0,213.0,298.0,328.0,133.0,214.0,339.0,66.0,239.0,121.0,224.0,154.0,55.0,133.0,138.0,114.0,184.0,82.0,140.0,161.0,90.0
26.0,45.0,25.0,75.0,78.0,69.0,71.0,114.0,67.0,66.0,78.0,29.0,80.0,27.0,32.0,71.0,35.0,34.0,36.0,48.0,44.0,32.0,56.0,86.0,89.0,97.0,84.0,64.0,86.0,59.0,48.0,59.0,29.0,30.0,49.0,58.0,75.0,57.0,32.0,51.0,31.0,80.0,47.0,78.0,60.0,56.0,85.0,74.0,44.0,29.0,65.0,78.0,56.0,58.0,74.0,47.0,79.0,20.0,31.0,71.0,86.0,84.0,54.0,59.0,44.0,76.0,102.0,106.0,78.0,62.0,96.0,76.0,106.0,78.0,57.0,40.0,27.0,29.0,90.0,85.0,43.0,40.0,67.0,37.0,83.0,93.0,57.0,41.0,52.0,31.0,35.0,59.0,55.0,53.0,48.0,68.0,49.0,53.0,52.0,85.0,124.0,23.0,144.0,42.0,105.0,52.0,25.0,29.0,41.0,31.0,34.0,85.0,66.0,87.0,67.0,51.0,103.0,28.0,30.0,42.0,66.0,137.0,149.0,220.0,200.0,202.0,190.0,126.0,160.0,154.0,121.0,264.0,174.0,242.0,121.0,94.0,102.0,120.0,80.0,246.0,239.0,357.0,607.0,574.0,554.0,681.0,658.0,663.0,662.0,682.0,529.0,206.0,267.0,104.0,66.0,134.0,173.0,107.0,168.0,206.0,87.0,138.0,175.0,49.0,108.0,53.0,200.0,286.0,231.0,455.0,490.0,452.0
46.0,51.0,55.0,41.0,54.0,80.0,53.0,57.0,61.0,77.0,57.0,43.0,77.0,95.0,71.0,32.0,51.0,36.0,30.0,32.0,65.0,33.0,41.0,40.0,52.0,37.0,66.0,58.0,62.0,52.0,43.0,75.0,81.0,37.0,36.0,66.0,43.0,64.0,19.0,68.0,41.0,52.0,89.0,28.0,120.0,111.0,107.0,38.0,104.0,41.0,75.0,50.0,96.0,58.0,75.0,37.0,61.0,57.0,49.0,55.0,83.0,29.0,65.0,50.0,65.0,152.0,35.0,153.0,107.0,59.0,104.0,131.0,47.0,75.0,28.0,104.0,34.0,119.0,104.0,96.0,192.0,56.0,235.0,324.0,254.0,604.0,664.0,534.0,838.0,818.0,715.0,598.0,706.0,687.0,651.0,700.0,539.0,307.0,311.0,148.0,78.0,140.0,182.0,60.0,153.0,71.0,233.0,126.0,68.0,58.0,65.0,55.0,72.0,271.0,298.0,235.0,356.0,529.0,498.0,367.0,509.0,377.0,272.0,449.0,377.0,359.0,504.0,408.0,312.0,416.0,307.0,236.0,374.0,429.0,244.0,397.0,287.0,247.0,338.0,307.0,272.0,415.0,208.0,401.0,307.0,216.0,287.0,294.0,245.0,149.0,80.0,138.0,87.0,185.0,212.0,194.0,195.0,133.0,177.0,231.0,85.0,281.0,82.0,240.0,144.0,150.0,179.0,117.0,137.0,164.0,226.0,322.0
44.0,44.0,33.0,59.0,80.0,104.0,61.0,40.0,49.0,33.0,45.0,24.0,55.0,57.0,51.0,77.0,68.0,95.0,83.0,92.0,47.0,77.0,91.0,152.0,91.0,53.0,34.0,35.0,78.0,41.0,71.0,57.0,56.0,29.0,72.0,73.0,120.0,36.0,31.0,27.0,59.0,95.0,84.0,46.0,62.0,61.0,32.0,74.0,65.0,40.0,45.0,41.0,30.0,27.0,34.0,44.0,76.0,44.0,69.0,40.0,53.0,39.0,42.0,33.0,39.0,30.0,32.0,22.0,21.0,67.0,30.0,22.0,28.0,51.0,48.0,56.0,107.0,105.0,90.0,86.0,99.0,61.0,126.0,99.0,102.0,168.0,55.0,192.0,363.0,275.0,503.0,527.0,505.0,512.0,635.0,419.0,375.0,469.0,376.0,369.0,333.0,316.0,172.0,105.0,197.0,101.0,207.0,240.0,81.0,251.0,232.0,96.0,165.0,112.0,95.0,39.0,121.0,156.0,160.0,348.0,374.0,262.0,379.0,261.0,237.0,341.0,247.0,236.0,257.0,316.0,300.0,366.0,165.0,362.0,335.0,275.0,431.0,368.0,362.0,411.0,200.0,402.0,351.0,339.0,281.0,136.0,271.0,288.0,248.0,262.0,180.0,126.0,83.0,157.0,152.0,47.0,155.0,53.0,195.0,131.0,138.0,147.0,69.0,141.0,115.0,185.0,64.0,127.0,153.0,114.0,224.0,165.0
72.0,24.0,35.0,64.0,30.0,92.0,32.0,26.0,50.0,53.0,54.0,22.0,42.0,29.0,49.0,41.0,68.0,21.0,45.0,123.0,45.0,97.0,75.0,95.0,98.0,79.0,82.0,70.0,41.0,87.0,88.0,52.0,41.0,34.0,53.0,68.0,40.0,56.0,52.0,84.0,90.0,65.0,65.0,84.0,57.0,53.0,56.0,112.0,72.0,44.0,98.0,72.0,47.0,69.0,110.0,44.0,66.0,87.0,72.0,78.0,46.0,59.0,24.0,74.0,44.0,37.0,70.0,53.0,37.0,58.0,39.0,40.0,35.0,98.0,58.0,86.0,143.0,69.0,113.0,134.0,124.0,140.0,89.0,69.0,305.0,376.0,462.0,742.0,775.0,566.0,670.0,666.0,475.0,510.0,618.0,495.0,300.0,431.0,293.0,138.0,248.0,204.0,73.0,185.0,115.0,99.0,108.0,99.0,68.0,72.0,50.0,50.0,70.0,90.0,57.0,173.0,375.0,504.0,399.0,408.0,237.0,227.0,283.0,247.0,219.0,298.0,200.0,329.0,393.0,251.0,400.0,337.0,252.0,349.0,269.0,290.0,335.0,214.0,376.0,382.0,327.0,379.0,211.0,296.0,180.0,202.0,196.0,102.0,145.0,204.0,116.0,247.0,63.0,252.0,155.0,187.0,241.0,122.0,233.0,131.0,245.0,243.0,95.0,278.0,61.0,168.0,77.0,23.0,75.0,113.0,183.0,38.0
50.0,51.0,29.0,70.0,65.0,48.0,46.0,84.0,38.0,88.0,90.0,73.0,50.0,53.0,40.0,70.0,21.0,64.0,47.0,64.0,91.0,90.0,35.0,84.0,76.0,55.0,46.0,35.0,28.0,37.0,29.0,33.0,45.0,102.0,96.0,57.0,39.0,95.0,53.0,42.0,48.0,109.0,59.0,93.0,35.0,72.0,32.0,54.0,50.0,43.0,74.0,35.0,35.0,55.0,45.0,65.0,86.0,115.0,64.0,21.0,95.0,88.0,88.0,60.0,67.0,57.0,57.0,70.0,81.0,107.0,312.0,360.0,486.0,969.0,734.0,687.0,581.0,719.0,633.0,418.0,449.0,364.0,307.0,495.0,221.0,139.0,203.0,85.0,217.0,267.0,46.0,195.0,120.0,162.0,82.0,130.0,78.0,124.0,39.0,64.0,130.0,317.0,247.0,493.0,594.0,596.0,514.0,454.0,258.0,330.0,227.0,245.0,350.0,305.0,355.0,375.0,161.0,391.0,301.0,177.0,387.0,242.0,344.0,352.0,299.0,358.0,348.0,328.0,229.0,230.0,294.0,211.0,276.0,220.0,60.0,181.0,53.0,166.0,116.0,84.0,178.0,51.0,176.0,128.0,220.0,179.0,60.0,85.0,43.0,125.0,167.0,109.0,190.0,75.0,200.0,252.0,84.0,153.0,115.0,145.0,67.0,108.0,64.0,57.0,42.0,21.0,36.0,41.0,17.0,24.0,19.0,30.0
26.0,62.0,68.0,21.0,45.0,39.0,81.0,31.0,36.0,59.0,55.0,73.0,87.0,34.0,73.0,45.0,47.0,60.0,51.0,41.0,55.0,76.0,46.0,118.0,101.0,178.0,254.0,532.0,378.0,100.0,93.0,166.0,96.0,77.0,77.0,180.0,139.0,183.0,47.0,141.0,167.0,94.0,27.0,54.0,53.0,54.0,64.0,32.0,36.0,32.0,34.0,65.0,84.0,57.0,90.0,83.0,70.0,55.0,78.0,64.0,54.0,183.0,70.0,62.0,69.0,86.0,30.0,101.0,64.0,161.0,76.0,135.0,99.0,136.0,135.0,65.0,112.0,185.0,77.0,322.0,467.0,267.0,531.0,553.0,576.0,545.0,617.0,604.0,599.0,626.0,479.0,401.0,199.0,138.0,155.0,178.0,70.0,199.0,212.0,74.0,156.0,89.0,125.0,99.0,58.0,53.0,175.0,186.0,403.0,475.0,431.0,594.0,431.0,406.0,445.0,312.0,498.0,529.0,362.0,488.0,362.0,310.0,386.0,238.0,173.0,287.0,118.0,249.0,273.0,213.0,319.0,287.0,317.0,350.0,208.0,403.0,288.0,149.0,112.0,127.0,241.0,136.0,120.0,138.0,83.0,188.0,196.0,75.0,299.0,102.0,236.0,222.0,144.0,138.0,129.0,64.0,153.0,84.0,158.0,61.0,99.0,146.0,102.0,55.0,161.0,51.0,60.0,37.0,31.0,75.0,33.0,53.0
52.0,60.0,87.0,71.0,117.0,47.0,117.0,79.0,92.0,117.0,74.0,113.0,58.0,54.0,36.0,33.0,35.0,28.0,54.0,29.0,42.0,32.0,19.0,41.0,25.0,49.0,55.0,25.0,54.0,28.0,45.0,77.0,26.0,80.0,21.0,61.0,60.0,45.0,75.0,50.0,36.0,33.0,24.0,27.0,46.0,39.0,27.0,37.0,30.0,24.0,95.0,34.0,50.0,74.0,46.0,37.0,72.0,51.0,61.0,51.0,58.0,22.0,62.0,14.0,38.0,23.0,20.0,36.0,140.0,51.0,42.0,66.0,30.0,65.0,86.0,54.0,89.0,37.0,107.0,280.0,274.0,569.0,674.0,579.0,623.0,491.0,404.0,467.0,364.0,360.0,434.0,473.0,420.0,224.0,161.0,87.0,207.0,251.0,51.0,277.0,220.0,70.0,164.0,82.0,126.0,57.0,53.0,24.0,56.0,188.0,423.0,352.0,691.0,730.0,602.0,738.0,580.0,435.0,489.0,408.0,323.0,521.0,364.0,170.0,263.0,288.0,283.0,380.0,245.0,333.0,312.0,245.0,392.0,331.0,259.0,305.0,127.0,331.0,259.0,217.0,270.0,132.0,202.0,145.0,95.0,140.0,93.0,123.0,176.0,88.0,215.0,54.0,206.0,56.0,125.0,98.0,58.0,135.0,86.0,168.0,165.0,155.0,159.0,115.0,142.0,119.0,173.0,96.0,50.0,92.0,71.0,93.0
78.0,76.0,32.0,33.0,47.0,42.0,68.0,45.0,82.0,47.0,47.0,39.0,39.0,44.0,48.0,39.0,25.0,18.0,29.0,70.0,49.0,124.0,37.0,30.0,49.0,77.0,41.0,107.0,46.0,42.0,56.0,98.0,42.0,70.0,41.0,27.0,33.0,18.0,56.0,63.0,28.0,50.0,42.0,53.0,50.0,89.0,43.0,75.0,64.0,85.0,49.0,32.0,23.0,44.0,50.0,35.0,45.0,41.0,37.0,28.0,57.0,51.0,56.0,102.0,44.0,68.0,69.0,95.0,118.0,114.0,105.0,148.0,47.0,101.0,115.0,92.0,65.0,58.0,123.0,153.0,149.0,431.0,542.0,456.0,713.0,665.0,543.0,473.0,554.0,446.0,407.0,504.0,478.0,339.0,411.0,184.0,214.0,309.0,60.0,221.0,113.0,157.0,58.0,128.0,124.0,139.0,76.0,95.0,78.0,136.0,204.0,401.0,369.0,410.0,628.0,535.0,504.0,409.0,284.0,333.0,400.0,376.0,403.0,411.0,178.0,402.0,444.0,431.0,502.0,274.0,389.0,316.0,224.0,323.0,200.0,163.0,302.0,292.0,352.0,248.0,207.0,195.0,60.0,182.0,153.0,130.0,173.0,71.0,136.0,76.0,151.0,276.0,93.0,254.0,100.0,210.0,222.0,143.0,222.0,119.0,255.0,178.0,62.0,148.0,110.0,178.0,66.0,82.0,82.0,65.0,73.0,76.0
51.0,119.0,71.0,55.0,66.0,74.0,64.0,76.0,60.0,46.0,35.0,30.0,55.0,33.0,59.0,59.0,67.0,107.0,64.0,38.0,56.0,64.0,119.0,45.0,69.0,74.0,64.0,34.0,59.0,33.0,23.0,25.0,29.0,34.0,64.0,48.0,21.0,44.0,33.0,36.0,27.0,17.0,22.0,48.0,26.0,52.0,25.0,37.0,80.0,45.0,62.0,38.0,87.0,55.0,65.0,59.0,50.0,57.0,52.0,23.0,65.0,35.0,45.0,26.0,52.0,26.0,62.0,24.0,20.0,31.0,61.0,58.0,66.0,48.0,110.0,74.0,123.0,102.0,142.0,106.0,107.0,74.0,117.0,161.0,155.0,203.0,162.0,43.0,91.0,55.0,98.0,58.0,43.0,58.0,127.0,121.0,279.0,331.0,336.0,333.0,345.0,361.0,299.0,351.0,439.0,351.0,142.0,162.0,237.0,79.0,293.0,210.0,282.0,148.0,101.0,136.0,75.0,181.0,147.0,101.0,54.0,82.0,94.0,173.0,162.0,312.0,239.0,316.0,457.0,370.0,327.0,290.0,222.0,324.0,382.0,279.0,433.0,384.0,303.0,374.0,327.0,251.0,419.0,290.0,335.0,283.0,211.0,397.0,361.0,269.0,341.0,250.0,313.0,328.0,227.0,347.0,333.0,280.0,260.0,98.0,159.0,123.0,146.0,132.0,56.0,306.0,101.0,294.0,105.0,155.0,215.0,88.0
55.0,98.0,79.0,76.0,68.0,80.0,47.0,99.0,38.0,28.0,32.0,33.0,60.0,66.0,47.0,22.0,17.0,20.0,17.0,16.0,34.0,80.0,34.0,93.0,37.0,49.0,54.0,31.0,93.0,68.0,21.0,87.0,43.0,36.0,83.0,20.0,77.0,35.0,28.0,100.0,32.0,56.0,39.0,75.0,31.0,35.0,33.0,45.0,44.0,55.0,33.0,74.0,113.0,71.0,85.0,67.0,103.0,71.0,32.0,80.0,59.0,59.0,109.0,142.0,60.0,176.0,127.0,190.0,120.0,81.0,119.0,224.0,209.0,122.0,54.0,77.0,94.0,38.0,132.0,82.0,265.0,409.0,426.0,484.0,340.0,319.0,348.0,303.0,391.0,340.0,363.0,351.0,401.0,399.0,304.0,266.0,88.0,139.0,293.0,140.0,221.0,148.0,255.0,96.0,79.0,86.0,92.0,88.0,190.0,178.0,323.0,378.0,496.0,458.0,337.0,268.0,439.0,271.0,398.0,489.0,300.0,501.0,367.0,287.0,506.0,304.0,362.0,402.0,241.0,578.0,290.0,299.0,403.0,264.0,214.0,333.0,154.0,366.0,292.0,237.0,220.0,152.0,108.0,104.0,108.0,77.0,70.0,118.0,81.0,79.0,39.0,102.0,71.0,113.0,151.0,120.0,147.0,53.0,196.0,167.0,185.0,80.0,148.0,120.0,84.0,190.0,170.0,76.0,246.0,63.0,133.0,232.0
68.0,64.0,35.0,31.0,51.0,42.0,63.0,53.0,34.0,71.0,25.0,37.0,45.0,30.0,34.0,36.0,71.0,56.0,63.0,41.0,32.0,32.0,44.0,42.0,38.0,37.0,38.0,65.0,37.0,44.0,36.0,24.0,67.0,39.0,29.0,23.0,56.0,35.0,62.0,46.0,53.0,67.0,35.0,60.0,45.0,47.0,38.0,51.0,82.0,35.0,69.0,67.0,21.0,34.0,59.0,94.0,74.0,65.0,170.0,83.0,79.0,135.0,222.0,318.0,330.0,481.0,638.0,535.0,469.0,514.0,422.0,383.0,407.0,350.0,366.0,353.0,272.0,124.0,230.0,170.0,213.0,156.0,53.0,169.0,130.0,71.0,145.0,40.0,133.0,27.0,76.0,47.0,90.0,110.0,216.0,203.0,361.0,416.0,543.0,649.0,565.0,486.0,610.0,471.0,336.0,411.0,503.0,423.0,386.0,457.0,366.0,297.0,320.0,229.0,352.0,332.0,200.0,303.0,341.0,332.0,363.0,183.0,162.0,223.0,86.0,230.0,187.0,53.0,170.0,54.0,125.0,122.0,52.0,154.0,84.0,183.0,184.0,81.0,172.0,112.0,231.0,144.0,103.0,188.0,80.0,160.0,203.0,195.0,110.0,166.0,111.0,101.0,52.0,28.0,24.0,64.0,57.0,37.0,28.0,38.0,30.0,47.0,63.0,37.0,52.0,32.0,34.0,38.0,23.0,25.0,29.0,40.0
25.0,40.0,42.0,33.0,87.0,88.0,36.0,93.0,93.0,60.0,43.0,39.0,35.0,98.0,17.0,25.0,30.0,42.0,30.0,24.0,25.0,65.0,24.0,55.0,53.0,32.0,49.0,64.0,73.0,47.0,28.0,32.0,42.0,48.0,41.0,91.0,123.0,78.0,122.0,104.0,118.0,48.0,68.0,68.0,105.0,46.0,46.0,76.0,37.0,69.0,38.0,64.0,12.0,21.0,26.0,66.0,31.0,100.0,101.0,69.0,92.0,107.0,64.0,107.0,88.0,225.0,116.0,82.0,110.0,67.0,82.0,125.0,235.0,222.0,380.0,384.0,433.0,655.0,561.0,613.0,483.0,312.0,437.0,390.0,315.0,322.0,339.0,194.0,120.0,199.0,213.0,129.0,128.0,52.0,156.0,127.0,153.0,107.0,115.0,70.0,95.0,85.0,238.0,213.0,459.0,504.0,405.0,620.0,528.0,323.0,480.0,399.0,212.0,386.0,356.0,225.0,325.0,296.0,250.0,353.0,218.0,198.0,235.0,120.0,284.0,284.0,222.0,317.0,286.0,211.0,313.0,198.0,326.0,211.0,160.0,197.0,132.0,152.0,165.0,77.0,169.0,72.0,209.0,72.0,149.0,107.0,114.0,188.0,161.0,161.0,132.0,202.0,113.0,73.0,140.0,95.0,160.0,163.0,137.0,90.0,70.0,123.0,78.0,106.0,52.0,33.0,54.0,59.0,63.0,65.0,45.0,19.0
87.0,56.0,71.0,47.0,40.0,61.0,47.0,45.0,22.0,62.0,27.0,77.0,105.0,49.0,68.0,50.0,85.0,66.0,181.0,76.0,105.0,37.0,77.0,83.0,66.0,55.0,31.0,31.0,25.0,63.0,38.0,47.0,56.0,41.0,64.0,78.0,59.0,78.0,24.0,38.0,66.0,36.0,62.0,42.0,33.0,61.0,65.0,40.0,74.0,41.0,64.0,43.0,86.0,44.0,32.0,30.0,50.0,43.0,27.0,39.0,58.0,34.0,31.0,93.0,32.0,54.0,29.0,39.0,56.0,70.0,115.0,72.0,96.0,95.0,126.0,79.0,103.0,69.0,80.0,178.0,195.0,139.0,188.0,329.0,301.0,426.0,492.0,377.0,610.0,537.0,523.0,529.0,476.0,489.0,507.0,504.0,460.0,457.0,396.0,277.0,307.0,168.0,84.0,211.0,211.0,55.0,137.0,93.0,135.0,122.0,105.0,136.0,176.0,188.0,377.0,455.0,485.0,547.0,605.0,471.0,606.0,423.0,551.0,464.0,309.0,419.0,466.0,443.0,359.0,437.0,396.0,258.0,383.0,416.0,246.0,335.0,354.0,310.0,365.0,317.0,257.0,372.0,365.0,215.0,326.0,253.0,223.0,317.0,192.0,294.0,214.0,119.0,162.0,73.0,178.0,208.0,51.0,249.0,74.0,85.0,169.0,80.0,142.0,117.0,86.0,107.0,32.0,185.0,192.0,124.0,227.0,98.0
44.0,39.0,35.0,47.0,66.0,78.0,45.0,65.0,69.0,39.0,62.0,40.0,30.0,18.0,43.0,100.0,65.0,28.0,35.0,16.0,70.0,68.0,88.0,97.0,90.0,41.0,91.0,73.0,49.0,51.0,31.0,25.0,18.0,61.0,53.0,54.0,28.0,52.0,38.0,37.0,51.0,27.0,28.0,54.0,51.0,106.0,35.0,40.0,71.0,81.0,46.0,45.0,76.0,96.0,96.0,43.0,68.0,158.0,27.0,30.0,23.0,36.0,65.0,28.0,35.0,26.0,47.0,29.0,51.0,128.0,151.0,109.0,137.0,66.0,152.0,191.0,88.0,199.0,204.0,130.0,227.0,226.0,314.0,450.0,383.0,615.0,496.0,336.0,415.0,479.0,372.0,459.0,382.0,279.0,352.0,349.0,409.0,426.0,398.0,259.0,202.0,251.0,102.0,245.0,225.0,148.0,196.0,151.0,187.0,218.0,110.0,180.0,163.0,151.0,170.0,176.0,409.0,373.0,467.0,577.0,311.0,292.0,236.0,329.0,399.0,368.0,220.0,379.0,362.0,160.0,390.0,354.0,201.0,355.0,288.0,236.0,282.0,276.0,188.0,341.0,252.0,399.0,283.0,160.0,250.0,278.0,168.0,258.0,137.0,219.0,248.0,53.0,228.0,58.0,156.0,141.0,99.0,221.0,105.0,222.0,160.0,121.0,208.0,158.0,273.0,89.0,119.0,152.0,129.0,137.0,73.0,209.0
